2025-03-13 16:21:34.997134,7,-13,3,-298,134,45
2025-03-13 16:21:35.132973,10,-19,0,0,105,216
2025-03-13 16:21:35.222092,9,-19,-4,0,0,342
2025-03-13 16:21:35.222488,11,-11,-2,0,-45,400
2025-03-13 16:21:35.311869,9,-4,-6,0,-84,326
2025-03-13 16:21:35.447243,11,-5,-6,0,-225,163
2025-03-13 16:21:35.491646,17,-5,-5,0,-414,80
2025-03-13 16:21:35.491764,19,-8,-4,0,-538,91
2025-03-13 16:21:35.581839,19,-19,-4,-226,-770,143
2025-03-13 16:21:35.628381,19,-19,6,0,-789,241
2025-03-13 16:21:35.717866,19,-18,8,542,-315,279
2025-03-13 16:21:35.762518,19,0,7,512,316,307
2025-03-13 16:21:35.806607,19,3,1,501,436,197
2025-03-13 16:21:35.986983,11,2,-1,410,307,-111
2025-03-13 16:21:36.031662,8,2,2,246,76,-203
2025-03-13 16:21:36.077890,8,0,7,0,0,-235
2025-03-13 16:21:36.167886,13,-5,9,0,33,-341
2025-03-13 16:21:36.301820,17,-12,9,174,0,-499
2025-03-13 16:21:36.346649,19,-16,4,166,-142,-674
2025-03-13 16:21:36.346767,19,-19,7,0,-71,-573
2025-03-13 16:21:36.436747,19,-19,3,0,101,-329
2025-03-13 16:21:36.481753,10,-19,2,0,94,-169
2025-03-13 16:21:36.571758,8,-12,1,0,0,-109
2025-03-13 16:21:36.617618,6,-8,3,0,0,-59
2025-03-13 16:21:36.706717,6,-5,5,0,0,0
2025-03-13 16:21:36.751777,7,-5,6,0,-37,0
2025-03-13 16:21:36.841790,7,-4,6,0,-51,43
2025-03-13 16:21:36.886961,8,-3,5,0,-44,50
2025-03-13 16:21:36.976873,8,-2,5,0,0,68
2025-03-13 16:21:37.022170,8,-2,4,0,0,42
2025-03-13 16:21:37.157105,8,-3,4,0,0,0
2025-03-13 16:21:37.202556,8,-3,3,0,0,0
2025-03-13 16:21:37.202666,8,-3,3,0,0,0
2025-03-13 16:21:37.381803,8,-4,3,0,0,0
2025-03-13 16:21:37.427634,8,-4,3,0,0,0
2025-03-13 16:21:37.427760,8,-4,3,0,0,0
2025-03-13 16:21:37.516870,8,-4,3,0,0,0
2025-03-13 16:21:37.607801,8,-5,3,0,0,0
2025-03-13 16:21:37.653261,8,-4,3,0,0,0
2025-03-13 16:21:37.741942,8,-4,3,0,0,0
2025-03-13 16:21:38.733501,7,-12,5,-284,131,0
2025-03-13 16:21:38.821662,8,-18,4,-215,154,162
2025-03-13 16:21:38.911661,11,-19,0,0,128,251
2025-03-13 16:21:39.002767,10,-17,-2,-160,41,329
2025-03-13 16:21:39.046687,10,-10,-5,0,0,333
2025-03-13 16:21:39.091623,9,-6,-7,0,-104,278
2025-03-13 16:21:39.271694,11,-5,-6,0,-250,184
2025-03-13 16:21:39.316822,14,-3,-3,0,-430,177
2025-03-13 16:21:39.362641,17,-2,-1,0,-469,111
2025-03-13 16:21:39.497753,19,-15,-1,-182,-696,102
2025-03-13 16:21:39.586834,19,-19,8,0,-635,315
2025-03-13 16:21:39.587075,19,-9,9,592,-217,328
2025-03-13 16:21:39.766806,19,6,5,448,416,317
2025-03-13 16:21:39.811598,15,6,-1,348,482,171
2025-03-13 16:21:39.811713,10,2,0,267,268,-147
2025-03-13 16:21:39.901883,8,2,1,197,78,-229
2025-03-13 16:21:40.037947,8,1,4,0,0,-257
2025-03-13 16:21:40.081668,13,-1,5,0,-46,-396
2025-03-13 16:21:40.081839,19,-11,6,0,-81,-517
2025-03-13 16:21:40.172046,19,-16,4,0,-116,-615
2025-03-13 16:21:40.306995,19,-19,1,-159,75,-381
2025-03-13 16:21:40.396942,18,-19,1,0,76,-249
2025-03-13 16:21:40.397341,11,-11,0,0,35,-133
2025-03-13 16:21:40.441592,10,-6,0,0,0,-99
2025-03-13 16:21:40.531808,9,-7,0,-248,0,-112
2025-03-13 16:21:40.622899,8,-8,2,0,-37,-43
2025-03-13 16:21:40.667282,9,-7,3,0,-70,39
2025-03-13 16:21:40.756785,9,-4,3,160,-70,100
2025-03-13 16:21:40.846648,10,-3,2,162,-50,109
2025-03-13 16:21:40.892647,10,-2,3,0,0,94
2025-03-13 16:21:40.981857,9,-1,2,0,0,63
2025-03-13 16:21:41.071654,8,-1,2,0,0,43
2025-03-13 16:21:41.161820,7,-2,3,0,0,0
2025-03-13 16:21:41.162133,7,-4,3,0,0,0
2025-03-13 16:21:41.207656,7,-4,3,0,0,0
2025-03-13 16:21:41.342897,7,-5,2,0,0,0
2025-03-13 16:21:41.431912,8,-4,2,0,0,0
2025-03-13 16:21:41.432287,8,-5,2,0,0,0
2025-03-13 16:21:41.477739,8,-5,2,0,0,0
2025-03-13 16:21:41.612838,8,-5,1,0,0,0
2025-03-13 16:21:42.603686,8,-14,4,-433,202,0
2025-03-13 16:21:42.646727,7,-19,2,-371,208,173
2025-03-13 16:21:42.781701,14,-19,0,0,82,300
2025-03-13 16:21:42.871523,13,-15,-4,0,47,317
2025-03-13 16:21:42.871631,13,-8,-5,0,-39,311
2025-03-13 16:21:42.962534,11,-5,-7,0,-138,244
2025-03-13 16:21:43.007679,13,-5,-5,0,-283,186
2025-03-13 16:21:43.098052,16,-3,-2,0,-429,190
2025-03-13 16:21:43.231800,19,-4,-2,0,-535,137
2025-03-13 16:21:43.322929,19,-19,-7,-276,-817,67
2025-03-13 16:21:43.323290,19,-19,3,417,-730,121
2025-03-13 16:21:43.368816,19,-8,2,646,-66,289
2025-03-13 16:21:43.457746,19,4,0,502,487,271
2025-03-13 16:21:43.502663,12,6,-3,422,411,70
2025-03-13 16:21:43.591838,9,2,0,334,128,-225
2025-03-13 16:21:43.726634,10,2,2,0,0,-279
2025-03-13 16:21:43.818000,11,0,5,0,0,-326
2025-03-13 16:21:43.818511,15,-4,8,0,-61,-439
2025-03-13 16:21:43.906714,19,-11,3,0,-108,-658
2025-03-13 16:21:43.997157,19,-16,-2,0,-159,-547
2025-03-13 16:21:44.042610,19,-19,-1,0,73,-394
2025-03-13 16:21:44.087909,19,-17,-2,-169,119,-225
2025-03-13 16:21:44.176834,9,-13,-1,0,77,-85
2025-03-13 16:21:44.311891,8,-8,0,0,0,0
2025-03-13 16:21:44.356541,8,-5,1,0,-57,0
2025-03-13 16:21:44.356665,8,-5,5,0,-57,0
2025-03-13 16:21:44.446797,9,-3,5,0,-41,0
2025-03-13 16:21:44.537652,9,-2,4,0,0,55
2025-03-13 16:21:44.582656,9,-2,3,0,0,67
2025-03-13 16:21:44.627657,9,-1,3,0,0,55
2025-03-13 16:21:44.717806,9,-2,3,0,0,0
2025-03-13 16:21:44.761593,8,-2,3,0,0,0
2025-03-13 16:21:44.852895,9,-2,3,0,0,0
2025-03-13 16:21:44.942750,8,-2,3,0,0,0
2025-03-13 16:21:44.988599,8,-3,3,0,0,0
2025-03-13 16:21:45.077810,8,-3,3,0,0,0
2025-03-13 16:21:45.122619,8,-3,3,0,0,0
2025-03-13 16:21:45.168068,8,-3,3,0,0,0
2025-03-13 16:21:45.303503,9,-3,3,0,0,0
2025-03-13 16:21:45.391791,8,-3,3,0,0,0
2025-03-13 16:21:46.431592,14,-5,-6,0,-178,273
2025-03-13 16:21:46.473585,17,-3,-5,0,-364,225
2025-03-13 16:21:46.516623,19,-1,-4,0,-459,207
2025-03-13 16:21:46.562519,19,-7,-2,-240,-630,100
2025-03-13 16:21:46.698745,19,-19,-1,-218,-769,0
2025-03-13 16:21:46.742594,19,-19,3,472,-760,209
2025-03-13 16:21:46.742709,19,-3,7,621,0,328
2025-03-13 16:21:46.922863,19,7,0,405,543,261
2025-03-13 16:21:46.968618,11,6,-2,345,427,87
2025-03-13 16:21:46.968720,11,2,0,282,162,-232
2025-03-13 16:21:47.057637,12,0,3,0,50,-300
2025-03-13 16:21:47.192677,12,-1,6,0,0,-328
2025-03-13 16:21:47.237572,19,-4,7,0,-131,-561
2025-03-13 16:21:47.327966,19,-8,11,0,-163,-651
2025-03-13 16:21:47.328241,19,-19,0,-212,124,-573
2025-03-13 16:21:47.372655,19,-19,-2,0,208,-329
2025-03-13 16:21:47.462911,17,-17,0,0,47,-254
2025-03-13 16:21:47.552572,9,-12,1,0,59,-89
2025-03-13 16:21:47.599435,7,-9,2,0,61,0
2025-03-13 16:21:47.687750,6,-4,3,0,-52,0
2025-03-13 16:21:47.732620,6,-4,6,0,-77,41
2025-03-13 16:21:47.822982,8,-3,7,0,-66,0
2025-03-13 16:21:47.913727,8,-3,6,0,-59,45
2025-03-13 16:21:47.957766,8,-3,5,0,-43,50
2025-03-13 16:21:48.047929,8,-2,4,0,0,49
2025-03-13 16:21:48.092673,8,-2,4,0,0,0
2025-03-13 16:21:48.182721,8,-2,4,0,0,0
2025-03-13 16:21:48.228462,8,-3,4,0,0,0
2025-03-13 16:21:48.317586,7,-3,4,0,0,0
2025-03-13 16:21:48.452662,7,-4,4,0,0,0
2025-03-13 16:21:48.497568,7,-4,4,0,0,0
2025-03-13 16:21:48.497663,7,-4,3,0,0,0
2025-03-13 16:21:48.587888,8,-4,3,0,0,0
2025-03-13 16:21:48.677956,8,-4,3,0,0,0
2025-03-13 16:21:48.723364,8,-4,3,0,-35,0
2025-03-13 16:21:48.813048,8,-3,3,0,-53,0
2025-03-13 16:21:48.947856,9,-3,3,0,-48,0
2025-03-13 16:21:48.992765,9,-3,3,0,0,0
2025-03-13 16:21:48.992922,9,-2,2,0,0,0
2025-03-13 16:21:49.219409,8,-3,3,0,0,0
2025-03-13 16:21:50.118654,16,-6,-10,0,-312,185
2025-03-13 16:21:50.207639,19,-3,-8,0,-496,158
2025-03-13 16:21:50.252588,19,-7,-5,-211,-583,129
2025-03-13 16:21:50.297592,19,-19,-7,-190,-848,90
2025-03-13 16:21:50.434794,19,-19,3,325,-744,200
2025-03-13 16:21:50.522655,19,-10,7,665,-45,279
2025-03-13 16:21:50.522830,19,5,-2,548,578,227
2025-03-13 16:21:50.703010,15,8,-6,341,478,0
2025-03-13 16:21:50.748695,10,2,0,213,138,-230
2025-03-13 16:21:50.748886,11,3,4,163,-42,-295
2025-03-13 16:21:50.792675,14,0,9,0,0,-323
2025-03-13 16:21:50.883900,19,-9,6,0,66,-598
2025-03-13 16:21:50.973072,19,-11,0,0,-60,-622
2025-03-13 16:21:51.019681,19,-16,-3,0,-216,-500
2025-03-13 16:21:51.107770,19,-19,0,0,98,-351
2025-03-13 16:21:51.242854,16,-18,0,0,82,-166
2025-03-13 16:21:51.332832,8,-11,0,0,66,0
2025-03-13 16:21:51.333131,7,-8,2,0,0,0
2025-03-13 16:21:51.379519,7,-4,4,0,-44,44
2025-03-13 16:21:51.467903,8,-4,6,0,-55,42
2025-03-13 16:21:51.558734,8,-3,5,0,-49,61
2025-03-13 16:21:51.603894,9,-2,4,0,0,63
2025-03-13 16:21:51.737931,8,-2,4,0,-37,63
2025-03-13 16:21:51.827971,8,-1,3,0,0,55
2025-03-13 16:21:51.828268,8,-2,3,0,0,0
2025-03-13 16:21:51.963266,8,-3,4,0,0,0
2025-03-13 16:21:52.053659,7,-4,4,0,0,0
2025-03-13 16:21:52.053786,8,-3,4,0,0,0
2025-03-13 16:21:52.097903,8,-3,3,0,0,0
2025-03-13 16:21:52.188884,8,-4,3,0,0,0
2025-03-13 16:21:52.277725,8,-4,3,0,0,0
2025-03-13 16:21:52.322850,8,-4,3,0,0,0
2025-03-13 16:21:52.502713,8,-3,3,0,0,0
2025-03-13 16:21:52.592648,8,-3,3,0,0,0
2025-03-13 16:21:52.592850,8,-2,3,0,0,0
2025-03-13 16:21:52.682822,8,-2,3,0,0,0
2025-03-13 16:21:52.727647,9,-3,2,0,0,0
2025-03-13 16:21:52.817970,8,-4,3,0,0,0
2025-03-13 16:21:52.952850,8,-4,3,0,0,0
2025-03-13 16:21:54.033723,9,-3,2,0,0,0
2025-03-13 16:21:54.034093,12,-10,6,-329,169,0
2025-03-13 16:21:54.212668,11,-19,4,-285,233,267
2025-03-13 16:21:54.257773,18,-19,0,0,131,421
2025-03-13 16:21:54.257945,15,-10,-4,0,57,466
2025-03-13 16:21:54.347914,15,-6,-8,0,-114,340
2025-03-13 16:21:54.437747,18,-4,-7,0,-362,257
2025-03-13 16:21:54.482663,19,-2,-7,0,-497,169
2025-03-13 16:21:54.528654,19,-6,-5,-190,-625,112
2025-03-13 16:21:54.707589,19,-19,-2,0,-795,71
2025-03-13 16:21:54.752649,19,-19,4,512,-571,251
2025-03-13 16:21:54.752813,19,-1,7,607,123,318
2025-03-13 16:21:54.797723,19,6,-1,432,516,231
2025-03-13 16:21:54.842808,11,6,0,333,389,102
2025-03-13 16:21:54.933601,12,3,1,320,181,-183
2025-03-13 16:21:55.022736,11,1,3,173,112,-315
2025-03-13 16:21:55.068555,11,-1,4,0,103,-314
2025-03-13 16:21:55.158481,16,-5,5,181,-52,-425
2025-03-13 16:21:55.202655,19,-8,7,0,-161,-592
2025-03-13 16:21:55.292569,19,-19,8,0,-60,-579
2025-03-13 16:21:55.337495,19,-19,3,0,94,-415
2025-03-13 16:21:55.473908,19,-18,3,0,0,-316
2025-03-13 16:21:55.517642,10,-13,4,0,0,-142
2025-03-13 16:21:55.653123,9,-7,1,-194,0,-78
2025-03-13 16:21:55.698106,8,-6,3,0,0,0
2025-03-13 16:21:55.743601,7,-6,6,0,-48,71
2025-03-13 16:21:55.832755,10,-1,5,0,0,112
2025-03-13 16:21:55.923003,8,0,4,0,0,92
2025-03-13 16:21:55.967606,9,-1,5,0,0,79
2025-03-13 16:21:56.103245,8,-1,5,0,0,65
2025-03-13 16:21:56.147594,8,-1,5,0,0,45
2025-03-13 16:21:56.237927,7,-1,4,0,0,0
2025-03-13 16:21:56.238125,6,-2,5,0,0,0
2025-03-13 16:21:56.372880,8,-4,5,0,0,0
2025-03-13 16:21:56.462828,8,-3,4,0,0,0
2025-03-13 16:21:56.463057,7,-4,4,0,0,0
2025-03-13 16:21:56.507726,7,-4,4,0,0,0
2025-03-13 16:21:56.597863,8,-3,3,0,0,0
2025-03-13 16:21:56.688118,8,-3,4,0,0,0
2025-03-13 16:21:56.733335,8,-4,4,0,0,0
2025-03-13 16:21:56.867983,8,-3,4,0,0,0
2025-03-13 16:21:57.812555,14,-12,-4,0,-33,358
2025-03-13 16:21:57.902654,13,-5,-6,0,-145,260
2025-03-13 16:21:57.947555,14,-3,-7,0,-338,223
2025-03-13 16:21:58.082548,17,-2,-4,0,-416,159
2025-03-13 16:21:58.172652,19,-5,-3,-197,-574,52
2025-03-13 16:21:58.172763,19,-19,-3,-243,-747,0
2025-03-13 16:21:58.262688,19,-19,4,569,-606,199
2025-03-13 16:21:58.307472,19,-2,8,625,116,354
2025-03-13 16:21:58.397767,19,8,0,370,543,298
2025-03-13 16:21:58.444055,9,7,-1,268,365,0
2025-03-13 16:21:58.533404,12,1,1,223,127,-256
2025-03-13 16:21:58.622682,11,0,4,0,85,-273
2025-03-13 16:21:58.712681,13,-2,6,175,86,-316
2025-03-13 16:21:58.802535,19,-7,5,230,-40,-615
2025-03-13 16:21:58.848611,19,-12,2,0,-111,-665
2025-03-13 16:21:58.984561,19,-14,4,0,43,-539
2025-03-13 16:21:59.027561,19,-15,0,0,181,-388
2025-03-13 16:21:59.072485,16,-13,2,0,48,-150
2025-03-13 16:21:59.207627,11,-7,0,0,72,-42
2025-03-13 16:21:59.252603,8,-6,2,0,0,0
2025-03-13 16:21:59.297697,7,-3,4,0,-93,0
2025-03-13 16:21:59.477939,9,-2,7,0,-64,0
2025-03-13 16:21:59.524297,8,0,6,0,-34,38
2025-03-13 16:21:59.567550,9,-1,5,0,0,47
2025-03-13 16:21:59.567691,8,0,5,0,0,56
2025-03-13 16:21:59.702850,8,-1,4,0,0,0
2025-03-13 16:21:59.794026,8,-1,4,0,0,0
2025-03-13 16:21:59.794372,8,-1,4,0,0,0
2025-03-13 16:21:59.837717,8,-1,4,0,0,0
2025-03-13 16:21:59.927820,8,-1,4,0,0,0
2025-03-13 16:22:00.017987,8,-1,4,0,0,0
2025-03-13 16:22:00.062614,8,-1,4,0,0,0
2025-03-13 16:22:00.152860,8,-2,4,0,0,0
2025-03-13 16:22:00.198458,9,-2,3,0,0,0
2025-03-13 16:22:00.287845,9,-2,3,0,0,0
2025-03-13 16:22:00.378933,9,-2,3,0,0,0
2025-03-13 16:22:00.424465,9,-2,3,0,0,0
2025-03-13 16:22:00.648141,9,-1,4,0,0,0
2025-03-13 16:22:00.649717,9,-1,3,0,0,0
2025-03-13 16:22:00.650067,9,-1,3,0,0,0
2025-03-13 16:22:01.638616,16,-4,-4,0,-369,217
2025-03-13 16:22:01.727677,18,-2,-3,0,-478,165
2025-03-13 16:22:01.817726,19,-7,-3,0,-681,139
2025-03-13 16:22:01.862605,19,-19,1,0,-792,266
2025-03-13 16:22:02.042795,19,-12,8,559,-256,298
2025-03-13 16:22:02.088714,19,-1,9,557,112,334
2025-03-13 16:22:02.088826,19,6,0,366,492,258
2025-03-13 16:22:02.132686,10,6,0,295,401,133
2025-03-13 16:22:02.312874,8,3,2,278,187,-117
2025-03-13 16:22:02.357767,9,2,3,168,88,-246
2025-03-13 16:22:02.357867,9,0,4,0,39,-300
2025-03-13 16:22:02.447776,14,-4,4,0,0,-366
2025-03-13 16:22:02.492910,19,-9,3,0,0,-473
2025-03-13 16:22:02.537596,19,-17,1,0,0,-578
2025-03-13 16:22:02.627977,19,-19,0,0,68,-545
2025-03-13 16:22:02.717967,19,-19,-3,0,158,-369
2025-03-13 16:22:02.763680,11,-18,-2,0,126,-137
2025-03-13 16:22:02.853203,9,-9,-2,0,63,-94
2025-03-13 16:22:02.988014,7,-7,0,0,0,0
2025-03-13 16:22:02.988605,7,-6,2,0,0,0
2025-03-13 16:22:03.078027,8,-5,4,0,-60,0
2025-03-13 16:22:03.168170,8,-4,5,0,-71,49
2025-03-13 16:22:03.212691,9,-2,5,0,-51,67
2025-03-13 16:22:03.302773,9,0,3,0,0,47
2025-03-13 16:22:03.349157,9,-1,4,0,0,0
2025-03-13 16:22:03.437905,9,-2,3,0,0,0
2025-03-13 16:22:03.482643,8,-2,3,0,0,0
2025-03-13 16:22:03.528719,8,-3,3,0,0,0
2025-03-13 16:22:03.663974,8,-3,2,0,0,0
2025-03-13 16:22:03.707597,8,-3,3,0,0,0
2025-03-13 16:22:03.752785,8,-3,3,0,0,0
2025-03-13 16:22:03.887815,8,-3,3,0,0,0
2025-03-13 16:22:03.977918,8,-3,3,0,0,0
2025-03-13 16:22:03.978115,8,-3,3,0,0,0
2025-03-13 16:22:04.112795,8,-3,3,0,0,0
2025-03-13 16:22:04.202855,8,-3,3,0,0,0
2025-03-13 16:22:04.203145,8,-3,3,0,0,0
2025-03-13 16:22:04.247851,9,-3,3,0,0,0
2025-03-13 16:22:04.339668,8,-3,3,0,0,0
2025-03-13 16:22:04.428024,9,-3,3,0,0,0
2025-03-13 16:22:05.552566,16,0,-4,0,-335,190
2025-03-13 16:22:05.645635,17,-1,-3,0,-455,71
2025-03-13 16:22:05.645734,19,-11,1,0,-602,0
2025-03-13 16:22:05.732534,19,-19,8,168,-630,197
2025-03-13 16:22:05.777541,19,-11,12,563,-418,309
2025-03-13 16:22:05.822731,19,0,10,560,135,351
2025-03-13 16:22:05.867538,19,8,1,345,540,270
2025-03-13 16:22:06.002863,9,5,1,236,354,0
2025-03-13 16:22:06.048813,9,2,3,174,150,-169
2025-03-13 16:22:06.093529,9,0,3,0,156,-240
2025-03-13 16:22:06.227901,10,-1,2,0,123,-277
2025-03-13 16:22:06.272596,14,-3,4,197,0,-386
2025-03-13 16:22:06.317634,19,-10,1,0,-46,-617
2025-03-13 16:22:06.453776,19,-19,1,0,106,-478
2025-03-13 16:22:06.543699,19,-19,-1,0,89,-381
2025-03-13 16:22:06.544081,11,-19,0,0,91,-198
2025-03-13 16:22:06.678310,9,-11,1,0,51,-98
2025-03-13 16:22:06.722630,7,-7,1,0,38,-54
2025-03-13 16:22:06.767702,7,-7,3,0,0,0
2025-03-13 16:22:06.813697,7,-4,3,0,0,0
2025-03-13 16:22:06.993150,7,-4,4,0,-63,0
2025-03-13 16:22:07.037799,8,-3,5,0,-66,47
2025-03-13 16:22:07.037926,9,-3,4,0,0,53
2025-03-13 16:22:07.128056,9,-3,4,0,0,49
2025-03-13 16:22:07.172703,8,-2,3,0,0,0
2025-03-13 16:22:07.263338,9,-2,3,0,0,0
2025-03-13 16:22:07.352997,8,-3,3,0,0,0
2025-03-13 16:22:07.398616,8,-3,3,0,0,0
2025-03-13 16:22:07.489048,8,-3,3,0,0,0
2025-03-13 16:22:07.533621,8,-3,3,0,0,0
2025-03-13 16:22:07.668004,8,-3,3,0,0,0
2025-03-13 16:22:07.712713,8,-4,3,0,0,0
2025-03-13 16:22:07.757621,8,-4,3,0,0,0
2025-03-13 16:22:07.892904,8,-3,3,0,0,0
2025-03-13 16:22:07.983695,8,-3,3,0,0,0
2025-03-13 16:22:07.983942,8,-3,3,0,0,0
2025-03-13 16:22:08.117755,8,-3,3,0,0,0
2025-03-13 16:22:08.208755,8,-3,3,0,0,0
2025-03-13 16:22:08.208967,8,-3,2,0,0,0
2025-03-13 16:22:08.252785,8,-3,2,0,0,0
2025-03-13 16:22:09.333636,15,-2,-1,0,-345,201
2025-03-13 16:22:09.378549,18,-2,0,0,-421,167
2025-03-13 16:22:09.469752,19,-8,2,0,-569,107
2025-03-13 16:22:09.513643,19,-19,10,0,-656,218
2025-03-13 16:22:09.603722,19,-11,15,509,-298,324
2025-03-13 16:22:09.737755,19,6,10,438,301,366
2025-03-13 16:22:09.827865,16,8,2,250,460,243
2025-03-13 16:22:09.828124,8,4,3,255,275,-42
2025-03-13 16:22:09.918841,9,2,4,0,153,-203
2025-03-13 16:22:09.963712,11,0,3,0,119,-261
2025-03-13 16:22:10.054068,12,-1,1,0,52,-334
2025-03-13 16:22:10.098822,19,-4,4,0,-64,-467
2025-03-13 16:22:10.188858,19,-12,5,0,-144,-673
2025-03-13 16:22:10.278776,19,-19,7,0,0,-401
2025-03-13 16:22:10.323586,19,-19,4,0,55,-326
2025-03-13 16:22:10.460080,13,-14,4,0,38,-206
2025-03-13 16:22:10.548855,9,-9,2,-193,48,-74
2025-03-13 16:22:10.549060,7,-8,3,0,0,0
2025-03-13 16:22:10.638822,9,-4,3,0,-66,0
2025-03-13 16:22:10.728898,8,-2,4,0,-50,50
2025-03-13 16:22:10.773645,9,-2,5,0,-38,65
2025-03-13 16:22:10.819706,9,-1,6,0,-34,97
2025-03-13 16:22:10.954149,9,-1,5,0,0,84
2025-03-13 16:22:11.044237,8,0,4,0,0,75
2025-03-13 16:22:11.044805,8,0,4,0,0,0
2025-03-13 16:22:11.088751,8,-1,5,0,0,0
2025-03-13 16:22:11.179451,8,-1,4,0,0,0
2025-03-13 16:22:11.224780,8,-3,5,0,0,0
2025-03-13 16:22:11.357982,8,-3,5,0,0,0
2025-03-13 16:22:11.403646,8,-2,4,0,0,0
2025-03-13 16:22:11.448614,8,-2,4,0,0,0
2025-03-13 16:22:11.493981,8,-2,4,0,0,0
2025-03-13 16:22:11.628962,8,-3,5,0,0,0
2025-03-13 16:22:11.719184,8,-2,4,0,0,0
2025-03-13 16:22:11.719849,8,-2,4,0,0,0
2025-03-13 16:22:11.764613,8,-2,4,0,0,0
2025-03-13 16:22:11.899066,8,-2,4,0,0,0
2025-03-13 16:22:11.943750,8,-2,4,0,0,0
2025-03-13 16:22:12.124105,8,-1,4,0,0,0
2025-03-13 16:22:13.114162,8,-2,4,0,0,0
2025-03-13 16:22:13.114987,14,-11,-2,0,0,301
2025-03-13 16:22:13.203740,13,-6,-4,0,-87,295
2025-03-13 16:22:13.248666,12,-5,-4,0,-197,255
2025-03-13 16:22:13.338874,16,-3,-2,0,-348,239
2025-03-13 16:22:13.383744,19,0,-1,0,-403,225
2025-03-13 16:22:13.519048,19,-9,1,-182,-608,131
2025-03-13 16:22:13.608920,19,-19,5,0,-718,210
2025-03-13 16:22:13.609495,19,-8,4,611,-248,312
2025-03-13 16:22:13.743691,19,2,6,239,224,432
2025-03-13 16:22:13.788751,19,3,6,189,283,362
2025-03-13 16:22:13.788916,13,2,4,252,280,91
2025-03-13 16:22:13.878871,12,0,0,253,315,-83
2025-03-13 16:22:13.968659,10,0,1,247,194,-198
2025-03-13 16:22:14.013677,12,-1,1,244,138,-309
2025-03-13 16:22:14.103716,19,-6,4,0,-72,-512
2025-03-13 16:22:14.149691,19,-18,2,0,34,-593
2025-03-13 16:22:14.239639,19,-19,-1,0,186,-453
2025-03-13 16:22:14.328591,19,-19,1,0,165,-283
2025-03-13 16:22:14.373675,13,-15,-1,0,77,-226
2025-03-13 16:22:14.464017,9,-11,1,0,59,-87
2025-03-13 16:22:14.508606,7,-7,2,0,0,0
2025-03-13 16:22:14.599099,6,-5,3,0,0,0
2025-03-13 16:22:14.643745,6,-5,5,0,0,0
2025-03-13 16:22:14.734045,7,-4,5,0,0,0
2025-03-13 16:22:14.778681,7,-4,5,0,-35,0
2025-03-13 16:22:14.914023,7,-4,5,0,0,0
2025-03-13 16:22:15.003998,7,-3,4,0,-34,0
2025-03-13 16:22:15.004372,8,-3,4,0,-54,0
2025-03-13 16:22:15.048873,8,-3,4,0,-53,0
2025-03-13 16:22:15.183973,9,-2,4,0,-38,0
2025-03-13 16:22:15.229905,8,-2,3,0,0,0
2025-03-13 16:22:15.318652,8,-2,3,0,0,0
2025-03-13 16:22:15.408952,9,-2,3,0,0,0
2025-03-13 16:22:15.454757,9,-2,3,0,0,0
2025-03-13 16:22:15.588927,8,-3,3,0,0,0
2025-03-13 16:22:15.634573,9,-2,3,0,0,0
2025-03-13 16:22:15.679655,9,-2,3,0,0,0
2025-03-13 16:22:15.813859,9,-2,3,0,0,0
2025-03-13 16:22:15.903683,9,-2,3,0,0,0
2025-03-13 16:22:15.903878,9,-2,2,0,0,0
2025-03-13 16:22:16.983803,14,-1,-6,0,-372,182
2025-03-13 16:22:17.074648,19,-2,-4,0,-469,101
2025-03-13 16:22:17.119834,19,-13,-4,-270,-684,45
2025-03-13 16:22:17.211115,19,-19,4,0,-625,170
2025-03-13 16:22:17.299688,19,-13,6,492,-347,270
2025-03-13 16:22:17.343747,19,-1,9,390,69,335
2025-03-13 16:22:17.433848,16,2,4,326,332,223
2025-03-13 16:22:17.479085,13,1,4,335,301,-48
2025-03-13 16:22:17.658779,12,1,1,210,268,-211
2025-03-13 16:22:17.703765,13,0,1,0,196,-303
2025-03-13 16:22:17.703876,16,-4,3,0,100,-404
2025-03-13 16:22:17.793774,19,-7,2,0,0,-587
2025-03-13 16:22:17.883749,19,-17,-5,0,82,-597
2025-03-13 16:22:17.928470,19,-19,-6,0,201,-390
2025-03-13 16:22:18.018812,18,-17,-4,0,137,-227
2025-03-13 16:22:18.108542,9,-11,-2,0,45,-119
2025-03-13 16:22:18.153671,9,-8,0,0,0,0
2025-03-13 16:22:18.199554,8,-4,1,0,0,0
2025-03-13 16:22:18.334104,7,-5,2,0,0,-40
2025-03-13 16:22:18.423913,8,-6,3,0,-37,0
2025-03-13 16:22:18.559832,9,-4,3,0,-56,76
2025-03-13 16:22:18.607971,9,-3,3,0,-50,69
2025-03-13 16:22:18.608756,8,-3,3,0,-37,63
2025-03-13 16:22:18.693566,8,-4,4,0,0,84
2025-03-13 16:22:18.783630,7,-3,3,0,0,55
2025-03-13 16:22:18.828661,7,-3,4,0,0,0
2025-03-13 16:22:18.873793,7,-4,3,0,0,0
2025-03-13 16:22:19.053889,8,-4,3,0,0,0
2025-03-13 16:22:19.098644,7,-4,4,0,0,0
2025-03-13 16:22:19.098734,8,-4,4,0,0,0
2025-03-13 16:22:19.234091,8,-4,3,0,0,0
2025-03-13 16:22:19.323856,8,-4,3,0,0,0
2025-03-13 16:22:19.324259,8,-4,3,0,0,0
2025-03-13 16:22:19.458773,8,-4,3,0,0,0
2025-03-13 16:22:19.548712,8,-3,3,0,0,0
2025-03-13 16:22:19.548892,8,-3,3,0,0,0
2025-03-13 16:22:19.684001,8,-3,3,0,0,0
2025-03-13 16:22:19.774838,9,-2,3,0,0,0
2025-03-13 16:22:19.775098,8,-2,3,0,0,0
2025-03-13 16:22:19.819011,9,-2,3,0,0,0
2025-03-13 16:22:20.808678,11,-17,2,0,50,289
2025-03-13 16:22:20.898750,10,-13,0,0,0,283
2025-03-13 16:22:20.989786,8,-8,-1,0,-58,266
2025-03-13 16:22:21.037708,10,-5,-5,0,-173,211
2025-03-13 16:22:21.124025,16,-3,-6,0,-372,195
2025-03-13 16:22:21.168652,19,-2,-5,0,-450,180
2025-03-13 16:22:21.259935,19,-6,-3,0,-618,164
2025-03-13 16:22:21.438886,19,-19,8,0,-685,212
2025-03-13 16:22:21.483759,19,-9,8,514,-215,383
2025-03-13 16:22:21.483920,19,5,7,456,284,381
2025-03-13 16:22:21.664260,15,6,0,326,450,222
2025-03-13 16:22:21.755289,10,3,3,301,207,-101
2025-03-13 16:22:21.755928,14,1,3,192,153,-295
2025-03-13 16:22:21.888956,13,-2,2,0,147,-335
2025-03-13 16:22:21.933692,14,-6,4,0,98,-344
2025-03-13 16:22:21.933871,19,-10,1,0,0,-527
2025-03-13 16:22:22.113966,19,-17,0,0,47,-549
2025-03-13 16:22:22.158823,19,-19,0,0,185,-394
2025-03-13 16:22:22.158987,19,-18,1,0,138,-438
2025-03-13 16:22:22.294048,12,-14,2,0,0,-165
2025-03-13 16:22:22.383996,9,-9,3,0,0,-46
2025-03-13 16:22:22.384631,7,-6,1,0,-68,0
2025-03-13 16:22:22.518749,9,-5,4,0,-58,0
2025-03-13 16:22:22.608772,9,-3,5,0,-42,65
2025-03-13 16:22:22.608925,9,-2,5,0,0,71
2025-03-13 16:22:22.653651,9,0,5,0,0,78
2025-03-13 16:22:22.743705,8,-1,4,0,0,60
2025-03-13 16:22:22.834080,8,-1,4,0,0,48
2025-03-13 16:22:22.879723,8,-1,4,0,0,0
2025-03-13 16:22:22.970912,8,-2,4,0,0,0
2025-03-13 16:22:23.013873,8,-3,3,0,0,0
2025-03-13 16:22:23.104017,8,-4,4,0,0,0
2025-03-13 16:22:23.194042,8,-3,4,0,0,0
2025-03-13 16:22:23.238675,8,-3,4,0,0,0
2025-03-13 16:22:23.284897,8,-3,4,0,0,0
2025-03-13 16:22:23.418745,8,-3,4,0,0,0
2025-03-13 16:22:23.464611,8,-3,4,0,0,0
2025-03-13 16:22:23.509627,8,-3,4,0,0,0
2025-03-13 16:22:23.643973,8,-2,4,0,0,0
2025-03-13 16:22:23.688674,8,-2,3,0,0,0
2025-03-13 16:22:24.770348,11,-11,-1,0,0,307
2025-03-13 16:22:24.858753,10,-6,-4,0,-91,276
2025-03-13 16:22:24.858852,11,-4,-5,0,-199,230
2025-03-13 16:22:24.903610,14,-3,-3,0,-292,207
2025-03-13 16:22:24.993614,18,-2,-2,0,-410,184
2025-03-13 16:22:25.174063,19,-7,-1,0,-587,174
2025-03-13 16:22:25.218574,19,-19,3,271,-792,164
2025-03-13 16:22:25.218731,19,2,0,772,0,333
2025-03-13 16:22:25.263902,19,10,4,295,422,342
2025-03-13 16:22:25.354955,15,5,1,186,468,234
2025-03-13 16:22:25.444651,9,2,3,281,228,-64
2025-03-13 16:22:25.488443,9,0,2,184,177,-208
2025-03-13 16:22:25.578831,9,0,2,0,134,-254
2025-03-13 16:22:25.623893,9,-2,2,207,45,-313
2025-03-13 16:22:25.713817,19,-5,6,165,-85,-476
2025-03-13 16:22:25.803786,19,-15,5,0,-43,-607
2025-03-13 16:22:25.849862,19,-19,0,0,147,-484
2025-03-13 16:22:25.939865,19,-19,1,0,115,-343
2025-03-13 16:22:26.074253,13,-15,0,0,55,-190
2025-03-13 16:22:26.074627,9,-10,1,0,52,-63
2025-03-13 16:22:26.164547,7,-6,4,0,0,0
2025-03-13 16:22:26.253898,6,-3,4,0,0,0
2025-03-13 16:22:26.298591,6,-3,6,0,0,0
2025-03-13 16:22:26.388512,7,-2,6,0,-33,0
2025-03-13 16:22:26.478708,8,-2,6,0,-37,0
2025-03-13 16:22:26.523773,8,-2,5,0,0,0
2025-03-13 16:22:26.568587,7,-1,4,0,0,0
2025-03-13 16:22:26.703874,8,-2,4,0,0,0
2025-03-13 16:22:26.749657,9,-1,4,0,0,0
2025-03-13 16:22:26.793824,8,-2,3,0,0,0
2025-03-13 16:22:26.928799,9,-2,4,0,0,0
2025-03-13 16:22:27.021112,8,-2,4,0,0,0
2025-03-13 16:22:27.021584,9,-2,4,0,0,0
2025-03-13 16:22:27.108741,7,-2,4,0,0,0
2025-03-13 16:22:27.153689,8,-2,4,0,0,0
2025-03-13 16:22:27.244087,8,-2,4,0,0,0
2025-03-13 16:22:27.333852,8,-2,4,0,0,0
2025-03-13 16:22:27.378681,8,-1,4,0,0,0
2025-03-13 16:22:27.469907,8,-2,4,0,0,0
2025-03-13 16:22:27.603908,8,-1,4,0,0,0
2025-03-13 16:22:34.533906,9,-9,9,0,146,68
2025-03-13 16:22:34.579644,8,-19,6,-251,208,209
2025-03-13 16:22:34.579808,9,-19,1,0,78,301
2025-03-13 16:22:34.714998,8,-19,0,-207,100,338
2025-03-13 16:22:34.805024,11,-11,-1,0,0,327
2025-03-13 16:22:34.805335,8,-2,-6,0,-92,195
2025-03-13 16:22:34.849592,12,0,-7,0,-307,50
2025-03-13 16:22:34.940510,18,-1,-3,0,-428,47
2025-03-13 16:22:35.165022,19,-3,-3,0,-463,0
2025-03-13 16:22:35.166984,19,-18,-4,-231,-647,-47
2025-03-13 16:22:35.167450,19,-19,4,379,-766,84
2025-03-13 16:22:35.209582,19,-17,0,604,-411,260
2025-03-13 16:22:35.388830,19,0,7,618,109,385
2025-03-13 16:22:35.434915,16,7,-3,451,452,256
2025-03-13 16:22:35.435026,6,4,0,323,177,-45
2025-03-13 16:22:35.480772,9,3,4,259,61,-219
2025-03-13 16:22:35.616149,9,3,4,182,41,-259
2025-03-13 16:22:35.616469,13,0,3,0,0,-370
2025-03-13 16:22:35.704953,19,-5,6,0,0,-452
2025-03-13 16:22:35.749779,19,-17,3,0,0,-625
2025-03-13 16:22:35.839636,19,-19,2,0,118,-462
2025-03-13 16:22:35.885335,19,-19,0,0,114,-420
2025-03-13 16:22:35.974822,16,-19,-1,0,112,-250
2025-03-13 16:22:36.020115,9,-14,0,0,73,-90
2025-03-13 16:22:36.110780,8,-9,0,0,37,-66
2025-03-13 16:22:36.154883,7,-7,1,0,0,0
2025-03-13 16:22:36.199680,7,-5,0,-177,0,-45
2025-03-13 16:22:36.289775,6,-6,5,0,0,0
2025-03-13 16:22:36.379674,8,-5,4,0,-42,0
2025-03-13 16:22:36.470815,8,-4,4,0,-34,47
2025-03-13 16:22:36.515442,8,-3,4,0,0,0
2025-03-13 16:22:36.559649,8,-3,4,0,0,0
2025-03-13 16:22:36.694881,7,-4,4,0,0,0
2025-03-13 16:22:36.784885,8,-3,3,0,0,0
2025-03-13 16:22:36.785114,8,-4,3,0,0,0
2025-03-13 16:22:36.829874,8,-4,3,0,0,0
2025-03-13 16:22:36.919914,8,-4,3,0,0,0
2025-03-13 16:22:37.010129,8,-4,3,0,0,0
2025-03-13 16:22:37.054690,8,-4,3,0,0,0
2025-03-13 16:22:37.144932,8,-4,3,0,0,0
2025-03-13 16:22:38.494929,7,-14,6,-267,152,54
2025-03-13 16:22:38.584944,9,-19,4,-227,191,202
2025-03-13 16:22:38.719840,11,-17,-3,0,104,284
2025-03-13 16:22:38.764684,13,-15,-6,0,0,287
2025-03-13 16:22:38.764881,11,-10,-5,0,-89,266
2025-03-13 16:22:38.944785,9,-6,-3,0,-126,218
2025-03-13 16:22:38.992164,10,-3,-3,0,-206,206
2025-03-13 16:22:38.992287,12,-3,-2,0,-287,187
2025-03-13 16:22:39.034907,16,-2,-1,0,-351,153
2025-03-13 16:22:39.124870,19,-5,1,0,-406,122
2025-03-13 16:22:39.169510,19,-19,5,-326,-621,-38
2025-03-13 16:22:39.259738,19,-19,11,340,-737,136
2025-03-13 16:22:39.395118,19,-8,8,551,-258,367
2025-03-13 16:22:39.439689,19,3,7,467,195,364
2025-03-13 16:22:39.439901,14,8,2,288,363,204
2025-03-13 16:22:39.619868,12,3,5,231,233,-104
2025-03-13 16:22:39.664604,12,0,3,178,260,-230
2025-03-13 16:22:39.709667,12,-1,1,0,232,-276
2025-03-13 16:22:39.709824,13,-4,2,0,176,-298
2025-03-13 16:22:39.844877,19,-8,3,220,0,-448
2025-03-13 16:22:39.934776,19,-16,1,0,51,-535
2025-03-13 16:22:39.934941,19,-19,1,0,78,-512
2025-03-13 16:22:40.024996,19,-19,1,0,54,-348
2025-03-13 16:22:40.069742,13,-19,1,0,57,-229
2025-03-13 16:22:40.114716,9,-12,0,0,0,-118
2025-03-13 16:22:40.294845,8,-9,2,-166,0,-47
2025-03-13 16:22:40.339620,7,-7,3,0,0,0
2025-03-13 16:22:40.339787,8,-5,5,0,-45,0
2025-03-13 16:22:40.386279,9,-4,5,0,-34,56
2025-03-13 16:22:40.520060,9,-1,4,0,0,82
2025-03-13 16:22:40.609697,8,-1,3,0,0,55
2025-03-13 16:22:40.609875,8,-2,4,0,0,0
2025-03-13 16:22:40.699995,8,-2,3,0,0,0
2025-03-13 16:22:40.745313,8,-3,3,0,0,0
2025-03-13 16:22:40.880137,8,-3,3,0,0,0
2025-03-13 16:22:40.924860,8,-3,3,0,0,0
2025-03-13 16:22:41.014853,8,-4,4,0,0,0
2025-03-13 16:22:41.150156,8,-4,4,0,0,0
2025-03-13 16:22:41.240181,8,-3,3,0,0,0
2025-03-13 16:22:41.240848,8,-4,3,0,0,0
2025-03-13 16:22:45.785965,10,-6,11,0,128,42
2025-03-13 16:22:45.874773,8,-12,8,-259,222,85
2025-03-13 16:22:45.964816,7,-19,6,-269,246,220
2025-03-13 16:22:46.054862,11,-19,0,0,151,293
2025-03-13 16:22:46.055070,12,-14,-2,-164,45,334
2025-03-13 16:22:46.189917,12,-6,-4,0,-74,266
2025-03-13 16:22:46.234642,14,-2,-6,0,-251,167
2025-03-13 16:22:46.234742,18,-2,-6,0,-347,166
2025-03-13 16:22:46.324709,19,-4,-3,0,-438,164
2025-03-13 16:22:46.414878,19,-12,0,0,-627,112
2025-03-13 16:22:46.459632,19,-19,0,0,-864,138
2025-03-13 16:22:46.595625,19,-10,0,730,-199,265
2025-03-13 16:22:46.639910,19,6,5,418,305,393
2025-03-13 16:22:46.684702,17,7,3,332,399,192
2025-03-13 16:22:46.729588,16,4,2,236,244,-185
2025-03-13 16:22:46.820732,14,0,2,0,214,-272
2025-03-13 16:22:46.910041,12,-6,2,0,232,-256
2025-03-13 16:22:46.954625,15,-5,2,308,0,-346
2025-03-13 16:22:47.044960,19,-10,2,0,-113,-551
2025-03-13 16:22:47.135077,19,-19,5,0,85,-407
2025-03-13 16:22:47.180000,19,-19,2,0,115,-369
2025-03-13 16:22:47.315862,14,-19,1,0,143,-282
2025-03-13 16:22:47.359647,6,-14,0,0,0,-192
2025-03-13 16:22:47.495559,8,-10,2,0,0,-89
2025-03-13 16:22:47.539836,7,-8,4,0,0,0
2025-03-13 16:22:47.584519,8,-3,4,0,-71,54
2025-03-13 16:22:47.719957,8,-1,5,0,-45,0
2025-03-13 16:22:47.810082,7,-4,6,0,0,48
2025-03-13 16:22:47.810468,8,-1,4,0,0,60
2025-03-13 16:22:47.900599,8,-1,5,0,0,43
2025-03-13 16:22:47.945659,8,-1,5,0,0,0
2025-03-13 16:22:48.034761,8,-2,4,0,0,0
2025-03-13 16:22:48.079857,8,-2,4,0,0,0
2025-03-13 16:22:48.170076,8,-2,4,0,0,0
2025-03-13 16:22:48.259964,8,-2,4,0,0,0
2025-03-13 16:22:48.349625,8,-2,4,0,0,0
2025-03-13 16:22:48.395898,8,-3,4,0,0,0
2025-03-13 16:22:48.440534,8,-3,3,0,0,0
2025-03-13 16:22:48.574754,8,-3,4,0,0,0
2025-03-13 16:22:48.620647,8,-3,3,0,0,0
2025-03-13 16:22:49.610064,15,-11,-2,0,-65,346
2025-03-13 16:22:49.654759,14,-4,-4,0,-142,293
2025-03-13 16:22:49.744906,14,-2,-5,0,-287,198
2025-03-13 16:22:49.880064,17,-1,-2,0,-410,157
2025-03-13 16:22:49.970163,19,0,0,0,-484,103
2025-03-13 16:22:49.970608,19,-12,0,-253,-595,0
2025-03-13 16:22:50.059966,19,-19,13,323,-674,94
2025-03-13 16:22:50.106164,19,-11,9,455,-323,384
2025-03-13 16:22:50.194928,19,1,8,402,210,388
2025-03-13 16:22:50.284864,17,3,3,417,356,204
2025-03-13 16:22:50.329930,14,3,0,377,305,-117
2025-03-13 16:22:50.374710,12,1,1,203,168,-282
2025-03-13 16:22:50.554793,12,-1,2,0,135,-321
2025-03-13 16:22:50.600582,17,-5,5,195,-42,-429
2025-03-13 16:22:50.645558,19,-10,2,0,-70,-605
2025-03-13 16:22:50.734801,19,-19,1,0,61,-512
2025-03-13 16:22:50.779783,19,-19,0,0,87,-349
2025-03-13 16:22:50.960720,15,-16,0,0,54,-229
2025-03-13 16:22:51.005616,11,-12,1,0,53,-127
2025-03-13 16:22:51.005772,8,-10,2,0,0,-38
2025-03-13 16:22:51.094850,7,-6,2,0,0,0
2025-03-13 16:22:51.184755,8,-4,4,0,0,0
2025-03-13 16:22:51.230514,8,-3,4,0,0,0
2025-03-13 16:22:51.367049,8,-3,4,0,0,48
2025-03-13 16:22:51.409811,8,-2,4,0,0,51
2025-03-13 16:22:51.409983,8,-2,4,0,0,45
2025-03-13 16:22:51.500102,8,-2,3,0,0,0
2025-03-13 16:22:51.544501,8,-2,4,0,0,0
2025-03-13 16:22:51.635628,8,-2,4,0,0,0
2025-03-13 16:22:51.679519,8,-3,3,0,0,0
2025-03-13 16:22:51.814784,8,-3,4,0,0,0
2025-03-13 16:22:51.905731,8,-3,2,0,0,0
2025-03-13 16:22:51.905884,8,-4,3,0,0,0
2025-03-13 16:22:52.039934,8,-4,3,0,0,0
2025-03-13 16:22:52.129770,8,-3,3,0,0,0
2025-03-13 16:22:52.130094,8,-3,3,0,0,0
2025-03-13 16:22:52.220165,8,-3,3,0,0,0
2025-03-13 16:22:52.264649,8,-3,3,0,0,0
2025-03-13 16:22:52.355106,8,-3,2,0,0,0
2025-03-13 16:22:52.444714,8,-3,2,0,0,0
2025-03-13 16:22:54.065034,12,-2,9,0,64,0
2025-03-13 16:22:54.200010,9,-8,7,-202,266,-39
2025-03-13 16:22:54.245680,10,-19,9,-266,211,160
2025-03-13 16:22:54.245837,16,-19,5,0,177,263
2025-03-13 16:22:54.334517,18,-15,2,0,71,324
2025-03-13 16:22:54.424806,16,-7,-2,0,0,336
2025-03-13 16:22:54.469837,15,-4,-5,0,-144,324
2025-03-13 16:22:54.514647,18,-1,-4,0,-308,265
2025-03-13 16:22:54.605432,19,0,-4,0,-400,221
2025-03-13 16:22:54.651376,19,0,-2,0,-529,133
2025-03-13 16:22:54.739800,19,-13,3,0,-658,-91
2025-03-13 16:22:54.874728,19,-19,6,383,-591,128
2025-03-13 16:22:54.919682,19,-6,2,584,-252,355
2025-03-13 16:22:54.919786,19,1,5,487,134,405
2025-03-13 16:22:55.054772,19,5,3,400,353,235
2025-03-13 16:22:55.144939,13,4,1,298,343,-74
2025-03-13 16:22:55.145268,11,3,1,177,247,-247
2025-03-13 16:22:55.280186,10,-1,2,0,176,-316
2025-03-13 16:22:55.280769,11,-5,3,0,137,-321
2025-03-13 16:22:55.325770,19,-11,3,166,98,-419
2025-03-13 16:22:55.459905,19,-13,1,0,110,-473
2025-03-13 16:22:55.549659,19,-18,0,0,54,-532
2025-03-13 16:22:55.549867,19,-19,-5,-176,270,-268
2025-03-13 16:22:55.684773,13,-14,-1,0,64,-164
2025-03-13 16:22:55.775949,11,-8,0,0,41,-47
2025-03-13 16:22:55.776350,8,-4,0,0,0,-46
2025-03-13 16:22:55.819797,8,-5,1,0,0,0
2025-03-13 16:22:55.955313,8,-5,1,0,-38,-39
2025-03-13 16:22:56.045787,8,-6,4,0,-61,0
2025-03-13 16:22:56.045982,9,-3,5,0,-54,43
2025-03-13 16:22:56.089855,9,-2,4,0,0,45
2025-03-13 16:22:56.179788,8,-1,3,0,0,43
2025-03-13 16:22:56.225346,8,-2,3,0,0,0
2025-03-13 16:22:56.359964,9,-2,3,0,0,0
2025-03-13 16:22:56.449897,8,-3,3,0,0,0
2025-03-13 16:22:56.450099,8,-3,3,0,0,0
2025-03-13 16:22:56.584979,8,-3,3,0,0,0
2025-03-13 16:22:56.674735,8,-3,3,0,0,0
2025-03-13 16:22:56.674931,8,-3,3,0,0,0
2025-03-13 16:22:56.767190,8,-3,3,0,0,0
2025-03-13 16:22:57.755083,12,-8,-2,0,-65,315
2025-03-13 16:22:57.934969,11,-4,-4,0,-138,267
2025-03-13 16:22:57.980854,13,-2,-6,0,-228,236
2025-03-13 16:22:57.981031,18,-2,-2,0,-355,181
2025-03-13 16:22:58.070019,19,-2,1,0,-348,161
2025-03-13 16:22:58.114764,19,-7,1,-161,-675,84
2025-03-13 16:22:58.204661,19,-19,8,204,-843,152
2025-03-13 16:22:58.341024,19,-3,0,704,-67,311
2025-03-13 16:22:58.384680,19,5,5,213,295,431
2025-03-13 16:22:58.384835,19,3,5,171,372,326
2025-03-13 16:22:58.431657,12,2,4,214,291,76
2025-03-13 16:22:58.521406,12,0,3,180,322,-68
2025-03-13 16:22:58.611002,11,-1,1,223,252,-170
2025-03-13 16:22:58.655042,14,-2,0,224,134,-307
2025-03-13 16:22:58.745724,19,-5,1,187,37,-454
2025-03-13 16:22:58.790129,19,-9,2,0,0,-615
2025-03-13 16:22:58.881112,19,-19,-3,0,59,-490
2025-03-13 16:22:58.970767,19,-19,-2,0,68,-384
2025-03-13 16:22:59.015468,13,-17,0,0,34,-176
2025-03-13 16:22:59.059542,10,-12,1,0,0,-86
2025-03-13 16:22:59.105457,8,-6,2,0,0,0
2025-03-13 16:22:59.240788,9,-3,3,0,0,0
2025-03-13 16:22:59.285657,8,-3,4,0,0,0
2025-03-13 16:22:59.330493,9,-1,4,0,0,42
2025-03-13 16:22:59.421037,10,0,3,0,0,0
2025-03-13 16:22:59.465640,8,0,3,0,0,0
2025-03-13 16:22:59.600958,9,-1,4,0,0,0
2025-03-13 16:22:59.645615,9,0,3,0,0,0
2025-03-13 16:22:59.690774,9,-1,4,0,0,0
2025-03-13 16:22:59.825503,9,0,4,0,0,0
2025-03-13 16:22:59.869506,9,0,3,0,0,0
2025-03-13 16:22:59.915587,9,0,3,0,0,0
2025-03-13 16:23:00.005449,9,0,4,0,0,0
2025-03-13 16:23:00.050577,9,0,4,0,0,0
2025-03-13 16:23:00.140841,9,0,4,0,0,0
2025-03-13 16:23:00.186645,9,0,3,0,0,0
2025-03-13 16:23:00.320644,9,0,3,0,0,0
2025-03-13 16:23:00.410648,9,0,3,0,0,0
2025-03-13 16:23:00.501659,9,0,4,0,0,0
2025-03-13 16:23:00.545696,9,0,4,0,0,0
