2025-03-13 17:04:17.723844,10,-10,6,0,163,99
2025-03-13 17:04:17.811891,12,-19,8,-252,153,274
2025-03-13 17:04:17.856750,16,-19,7,-172,97,354
2025-03-13 17:04:17.946709,15,-15,4,-187,0,457
2025-03-13 17:04:17.991802,11,-7,4,-70,-65,480
2025-03-13 17:04:18.127732,7,4,1,78,34,290
2025-03-13 17:04:18.216544,0,2,0,0,-26,85
2025-03-13 17:04:18.306713,-5,1,0,45,0,-30
2025-03-13 17:04:18.306840,-9,-3,0,-22,-27,-105
2025-03-13 17:04:18.351852,-10,-7,1,35,48,-63
2025-03-13 17:04:18.487768,-13,-4,4,131,59,0
2025-03-13 17:04:18.531957,-19,6,-5,183,-31,93
2025-03-13 17:04:18.576630,-19,6,-8,177,-112,58
2025-03-13 17:04:18.711937,-3,2,3,283,-207,-72
2025-03-13 17:04:18.802072,19,6,8,172,-419,-301
2025-03-13 17:04:18.802318,2,-19,6,-499,180,163
2025-03-13 17:04:18.984459,3,-4,9,0,-20,108
2025-03-13 17:04:19.028713,6,-15,13,-423,41,215
2025-03-13 17:04:19.028878,-3,-6,6,-140,33,238
2025-03-13 17:04:19.071808,-6,1,3,-41,55,181
2025-03-13 17:04:19.253617,-8,6,4,18,66,134
2025-03-13 17:04:19.297661,-6,17,1,139,93,0
2025-03-13 17:04:19.297757,-5,2,0,-72,0,-163
2025-03-13 17:04:19.386601,-3,-6,1,50,24,-172
2025-03-13 17:04:19.476538,-2,-5,0,49,0,-195
2025-03-13 17:04:19.522825,-2,-10,0,35,0,-211
2025-03-13 17:04:19.611913,-2,-11,1,56,-50,-184
2025-03-13 17:04:19.701813,-3,-17,4,0,-94,-128
2025-03-13 17:04:19.746603,-5,-7,1,-105,-37,-73
2025-03-13 17:04:19.791549,-3,-4,3,0,-97,-87
2025-03-13 17:04:19.971735,2,-6,2,163,-130,-121
2025-03-13 17:04:20.016616,7,-8,2,86,-198,-257
2025-03-13 17:04:20.063002,9,-7,2,0,-71,-201
2025-03-13 17:04:20.197964,13,-5,3,0,-53,-177
2025-03-13 17:04:20.286633,12,-9,1,-342,62,-133
2025-03-13 17:04:20.286858,9,-9,0,-311,66,-68
2025-03-13 17:04:20.376757,10,-6,2,96,0,0
2025-03-13 17:04:20.511853,7,-3,0,288,0,22
2025-03-13 17:04:20.602021,8,1,0,111,-50,19
2025-03-13 17:04:20.602413,9,-1,2,-156,0,-39
2025-03-13 17:04:21.997567,9,-15,9,53,102,119
2025-03-13 17:04:22.041594,10,-18,3,-139,246,260
2025-03-13 17:04:22.131632,18,-19,10,-242,-31,426
2025-03-13 17:04:22.221641,19,-8,6,31,-18,485
2025-03-13 17:04:22.266616,13,0,3,-109,73,409
2025-03-13 17:04:22.356614,4,4,0,-20,49,174
2025-03-13 17:04:22.401722,-5,2,-1,0,0,0
2025-03-13 17:04:22.491996,-7,-1,0,145,47,-47
2025-03-13 17:04:22.581949,-19,0,0,220,0,-29
2025-03-13 17:04:22.671845,-19,9,-16,204,-180,60
2025-03-13 17:04:22.761703,-12,1,0,307,-257,0
2025-03-13 17:04:22.941723,19,6,2,373,-160,-181
2025-03-13 17:04:22.941863,15,-17,12,-85,86,-306
2025-03-13 17:04:22.986590,11,-13,19,-544,-162,283
2025-03-13 17:04:22.986744,8,-14,4,-449,-62,284
2025-03-13 17:04:23.078726,-3,-13,8,-277,-43,267
2025-03-13 17:04:23.211792,-4,0,5,41,45,182
2025-03-13 17:04:23.256710,-11,4,7,0,33,115
2025-03-13 17:04:23.302773,-9,14,7,220,0,0
2025-03-13 17:04:23.391842,-4,0,0,71,0,-177
2025-03-13 17:04:23.436796,-1,-6,0,67,0,-228
2025-03-13 17:04:23.482608,-1,-7,0,105,0,-211
2025-03-13 17:04:23.571692,0,-9,2,148,0,-217
2025-03-13 17:04:23.707688,2,-8,3,130,-70,-255
2025-03-13 17:04:23.841700,1,-4,2,81,-140,-245
2025-03-13 17:04:23.841856,7,-8,8,67,-168,-158
2025-03-13 17:04:23.885637,9,-6,7,0,-167,-196
2025-03-13 17:04:23.931705,15,-8,7,-79,-170,-203
2025-03-13 17:04:23.977620,15,-11,7,115,-162,-200
2025-03-13 17:04:24.110754,8,-4,-2,0,0,0
2025-03-13 17:04:24.157903,8,-3,1,-166,-18,111
2025-03-13 17:04:24.158055,10,-2,2,-86,0,97
2025-03-13 17:04:24.246904,9,-2,0,83,50,-21
2025-03-13 17:04:24.336862,9,-2,0,-42,20,-41
2025-03-13 17:04:24.381547,11,-3,1,-66,0,0
2025-03-13 17:04:24.471799,10,-2,2,0,24,19
2025-03-13 17:04:24.605601,8,-2,2,100,49,22
2025-03-13 17:04:24.651792,8,0,1,19,45,0
2025-03-13 17:04:24.651891,7,-3,2,-76,-55,0
2025-03-13 17:04:24.830867,9,-2,2,53,0,-15
2025-03-13 17:04:26.046850,11,-13,10,67,97,101
2025-03-13 17:04:26.092513,10,-15,4,-263,255,246
2025-03-13 17:04:26.092619,11,-19,8,-368,78,384
2025-03-13 17:04:26.182891,15,-18,3,-132,0,466
2025-03-13 17:04:26.315654,11,-8,2,-84,-38,467
2025-03-13 17:04:26.406557,5,2,0,21,29,280
2025-03-13 17:04:26.406708,1,3,1,-27,-68,87
2025-03-13 17:04:26.497676,0,0,1,79,-20,15
2025-03-13 17:04:26.585615,-8,0,-2,116,0,-58
2025-03-13 17:04:26.630717,-16,-1,0,94,48,-55
2025-03-13 17:04:26.765842,-17,6,0,219,0,24
2025-03-13 17:04:26.810660,-19,11,-12,119,-25,39
2025-03-13 17:04:26.810832,-15,5,-9,173,-273,-71
2025-03-13 17:04:26.990684,19,3,4,259,-307,-173
2025-03-13 17:04:27.035521,11,-19,12,-179,104,-276
2025-03-13 17:04:27.035638,19,-18,19,-258,-174,215
2025-03-13 17:04:27.170809,2,-9,11,-335,0,489
2025-03-13 17:04:27.260892,-5,-1,8,-107,-55,211
2025-03-13 17:04:27.306930,-7,7,7,-22,121,161
2025-03-13 17:04:27.307027,-11,16,6,90,42,49
2025-03-13 17:04:27.440851,-8,-3,2,0,0,-93
2025-03-13 17:04:27.530632,-3,0,3,40,-27,-54
2025-03-13 17:04:27.530798,-1,0,3,70,0,-165
2025-03-13 17:04:27.710849,0,-3,0,113,67,-286
2025-03-13 17:04:27.755666,3,-6,0,99,0,-349
2025-03-13 17:04:27.755786,4,-11,3,144,-133,-368
2025-03-13 17:04:27.801888,9,-8,4,90,-144,-300
2025-03-13 17:04:27.890859,16,-7,8,0,-135,-258
2025-03-13 17:04:27.980714,16,-12,10,62,-136,-279
2025-03-13 17:04:28.025556,9,-8,1,-25,-72,-105
2025-03-13 17:04:28.160681,14,-5,3,-68,-70,52
2025-03-13 17:04:28.250775,7,-3,0,0,45,78
2025-03-13 17:04:28.250944,7,-2,0,-21,0,45
2025-03-13 17:04:28.386773,9,-3,1,43,-29,-16
2025-03-13 17:04:28.476509,10,-3,0,54,-19,-31
2025-03-13 17:04:28.476676,9,-3,0,-47,0,24
2025-03-13 17:04:28.610784,12,-2,2,29,0,17
2025-03-13 17:04:28.701859,8,0,1,144,0,0
2025-03-13 17:04:28.702091,10,0,0,62,-23,0
2025-03-13 17:04:28.745706,10,-2,1,0,-17,0
2025-03-13 17:04:29.827811,10,-9,8,26,39,49
2025-03-13 17:04:29.915649,11,-19,3,-262,238,270
2025-03-13 17:04:30.050618,14,-19,5,-372,78,421
2025-03-13 17:04:30.095615,19,-17,1,-52,-77,484
2025-03-13 17:04:30.095808,13,-6,2,57,0,463
2025-03-13 17:04:30.230675,8,3,0,88,78,289
2025-03-13 17:04:30.275740,2,3,0,0,0,103
2025-03-13 17:04:30.275861,-5,1,-2,68,0,30
2025-03-13 17:04:30.455794,-13,3,-3,189,0,-20
2025-03-13 17:04:30.501776,-15,5,-2,125,0,0
2025-03-13 17:04:30.502145,-19,8,-8,0,-59,0
2025-03-13 17:04:30.590663,-19,8,-13,277,-374,0
2025-03-13 17:04:30.635791,0,4,2,333,-438,-88
2025-03-13 17:04:30.680721,19,11,15,392,-533,-232
2025-03-13 17:04:30.770885,5,-11,9,-925,322,365
2025-03-13 17:04:30.816789,11,-4,9,-96,28,65
2025-03-13 17:04:30.905739,0,-11,8,-640,61,357
2025-03-13 17:04:30.996889,-4,1,7,-59,69,188
2025-03-13 17:04:31.040514,-8,5,10,-26,70,158
2025-03-13 17:04:31.130714,-8,17,-2,-21,74,-23
2025-03-13 17:04:31.220801,-4,-8,3,21,0,-235
2025-03-13 17:04:31.310842,-3,-7,1,227,43,-134
2025-03-13 17:04:31.400579,-2,-4,0,150,21,-221
2025-03-13 17:04:31.491620,-2,-12,3,78,0,-270
2025-03-13 17:04:31.491753,-1,-15,3,39,0,-241
2025-03-13 17:04:31.581754,-1,-14,1,-56,0,-183
2025-03-13 17:04:31.625742,0,-14,3,106,-85,-105
2025-03-13 17:04:31.806743,1,-8,3,140,-93,-25
2025-03-13 17:04:31.895855,3,-4,2,39,-108,-116
2025-03-13 17:04:31.896009,9,-5,3,-19,-127,-183
2025-03-13 17:04:32.030776,12,-5,2,-40,-49,-191
2025-03-13 17:04:32.075769,11,-7,2,-44,-54,-134
2025-03-13 17:04:32.075872,10,-6,2,65,-54,0
2025-03-13 17:04:32.120710,10,-2,1,43,0,68
2025-03-13 17:04:32.255592,7,0,2,70,57,0
2025-03-13 17:04:32.300847,9,0,1,0,22,-24
2025-03-13 17:04:32.345751,7,-5,2,-88,-37,-24
2025-03-13 17:04:32.480597,9,-3,3,67,-18,0
2025-03-13 17:04:32.570624,10,0,1,98,0,0
2025-03-13 17:04:32.570799,10,-2,3,-39,-58,-14
2025-03-13 17:04:33.605947,12,-19,5,-212,36,414
2025-03-13 17:04:33.695870,12,-13,5,-50,0,490
2025-03-13 17:04:33.740653,13,-2,3,46,44,432
2025-03-13 17:04:33.876839,4,3,-2,-82,61,224
2025-03-13 17:04:33.877039,-1,0,-2,-27,0,72
2025-03-13 17:04:33.965529,-9,1,-3,142,0,42
2025-03-13 17:04:34.055690,-15,3,-1,154,0,0
2025-03-13 17:04:34.145934,-17,5,0,159,-52,0
2025-03-13 17:04:34.146176,-19,9,-4,154,-144,31
2025-03-13 17:04:34.280856,-10,4,-2,300,-304,-81
2025-03-13 17:04:34.325727,19,2,8,432,-276,-306
2025-03-13 17:04:34.371530,3,-12,6,-170,182,-43
2025-03-13 17:04:34.417374,19,-7,18,-442,-50,293
2025-03-13 17:04:34.505707,1,-11,8,-540,-22,284
2025-03-13 17:04:34.595794,-4,-4,11,-210,40,231
2025-03-13 17:04:34.640788,-10,5,2,-33,191,129
2025-03-13 17:04:34.731647,-14,7,5,92,92,27
2025-03-13 17:04:34.775767,-9,-2,3,169,-18,-105
2025-03-13 17:04:34.955585,-4,0,-1,109,40,-99
2025-03-13 17:04:35.000665,-1,0,-1,61,35,-176
2025-03-13 17:04:35.000768,0,-1,-1,66,17,-243
2025-03-13 17:04:35.135689,3,-7,2,103,-19,-291
2025-03-13 17:04:35.225771,8,-9,5,211,-141,-346
2025-03-13 17:04:35.226070,16,-3,6,197,-246,-371
2025-03-13 17:04:35.360692,19,-14,16,128,-468,-459
2025-03-13 17:04:35.450633,4,-11,-1,-121,95,30
2025-03-13 17:04:35.450757,14,-6,1,-259,-70,133
2025-03-13 17:04:35.540570,12,-3,2,46,60,124
2025-03-13 17:04:35.585493,5,-2,-1,182,17,16
2025-03-13 17:04:35.675821,8,0,0,61,-38,28
2025-03-13 17:04:35.811729,10,-2,1,0,0,-44
2025-03-13 17:04:35.856759,9,-3,1,-46,-31,-56
2025-03-13 17:04:35.900700,9,-2,1,-87,0,18
2025-03-13 17:04:36.035556,12,-1,3,-98,40,0
2025-03-13 17:04:36.080580,7,-3,1,0,0,0
2025-03-13 17:04:36.080726,9,-2,1,107,0,0
2025-03-13 17:04:36.215681,10,0,0,74,0,0
2025-03-13 17:04:36.306734,9,-1,0,-69,24,0
2025-03-13 17:04:36.351040,9,-2,0,-60,0,0
2025-03-13 17:04:36.443383,10,-2,2,-42,0,0
2025-03-13 17:04:37.520807,14,-19,6,-310,144,357
2025-03-13 17:04:37.565696,19,-19,2,-76,-19,490
2025-03-13 17:04:37.565870,14,-8,1,-33,25,453
2025-03-13 17:04:37.655607,10,0,3,0,29,362
2025-03-13 17:04:37.700695,5,3,0,58,84,232
2025-03-13 17:04:37.789543,0,3,-1,82,-44,76
2025-03-13 17:04:37.835721,-6,1,-2,102,-26,0
2025-03-13 17:04:37.925864,-16,1,-1,57,-22,-22
2025-03-13 17:04:37.970609,-17,8,-4,181,-28,44
2025-03-13 17:04:38.016541,-19,6,-6,0,-187,-25
2025-03-13 17:04:38.150607,0,5,4,408,-367,-116
2025-03-13 17:04:38.195892,19,10,10,430,-435,-160
2025-03-13 17:04:38.241700,-4,-19,3,-942,161,229
2025-03-13 17:04:38.420588,15,-9,14,-216,23,143
2025-03-13 17:04:38.465675,-2,-10,9,-502,0,315
2025-03-13 17:04:38.465796,-3,3,5,28,108,171
2025-03-13 17:04:38.555634,-10,8,5,-32,85,135
2025-03-13 17:04:38.600665,-7,12,2,57,94,-45
2025-03-13 17:04:38.645697,-6,0,0,0,59,-124
2025-03-13 17:04:38.826025,-4,-5,2,67,-34,-117
2025-03-13 17:04:38.870684,-2,-6,1,158,0,-166
2025-03-13 17:04:38.870782,-2,-10,0,46,0,-220
2025-03-13 17:04:39.006783,-2,-10,1,0,29,-171
2025-03-13 17:04:39.095851,-2,-7,1,50,-63,-199
2025-03-13 17:04:39.096018,0,-7,3,98,-165,-227
2025-03-13 17:04:39.229501,4,-6,2,111,-118,-142
2025-03-13 17:04:39.321735,10,-7,6,82,-153,-169
2025-03-13 17:04:39.321894,16,-7,8,107,-231,-224
2025-03-13 17:04:39.369076,11,-5,3,91,-179,-206
2025-03-13 17:04:39.500679,8,-3,1,-157,-23,0
2025-03-13 17:04:39.635964,12,-2,2,-172,50,47
2025-03-13 17:04:39.680851,8,-3,0,-107,66,-24
2025-03-13 17:04:39.724630,7,-3,1,-67,0,-23
2025-03-13 17:04:39.770702,10,-4,1,24,0,-27
2025-03-13 17:04:39.860778,11,-3,0,0,0,0
2025-03-13 17:04:39.952009,8,-3,1,-31,-37,60
2025-03-13 17:04:40.084857,12,-1,5,194,19,0
2025-03-13 17:04:40.130550,10,2,0,163,63,23
2025-03-13 17:04:40.130713,9,0,0,-78,0,0
2025-03-13 17:04:40.219695,10,-1,1,-66,0,0
2025-03-13 17:04:41.389729,10,-11,8,0,90,79
2025-03-13 17:04:41.480259,10,-19,6,-297,185,297
2025-03-13 17:04:41.480681,17,-19,1,-268,0,507
2025-03-13 17:04:41.570754,18,-12,2,0,-41,518
2025-03-13 17:04:41.615991,12,2,3,0,77,401
2025-03-13 17:04:41.660692,7,7,0,-37,62,234
2025-03-13 17:04:41.704746,3,1,2,0,0,0
2025-03-13 17:04:41.794947,-10,-2,-6,137,49,-24
2025-03-13 17:04:41.885061,-18,-4,-4,127,-84,-52
2025-03-13 17:04:41.929914,-13,1,0,179,-69,0
2025-03-13 17:04:42.020621,-19,7,-5,-30,-152,28
2025-03-13 17:04:42.064792,-19,4,-7,247,-332,62
2025-03-13 17:04:42.244769,5,2,-5,411,-107,-47
2025-03-13 17:04:42.289821,19,7,19,404,-797,-488
2025-03-13 17:04:42.289976,4,2,19,-569,200,457
2025-03-13 17:04:42.424744,5,-2,13,-293,58,219
2025-03-13 17:04:42.469725,-3,-11,12,-414,112,299
2025-03-13 17:04:42.514522,-5,6,0,-128,181,186
2025-03-13 17:04:42.649821,-10,9,6,-61,70,97
2025-03-13 17:04:42.784893,-7,11,0,157,106,-14
2025-03-13 17:04:42.785128,-5,-3,1,0,0,-122
2025-03-13 17:04:42.919696,-6,-1,0,45,0,-64
2025-03-13 17:04:43.100627,-6,-3,0,46,39,-117
2025-03-13 17:04:43.100801,-5,-4,-1,133,63,-186
2025-03-13 17:04:43.144712,-2,-3,0,152,-78,-260
2025-03-13 17:04:43.144901,1,-5,1,161,-160,-263
2025-03-13 17:04:43.234641,4,-9,7,156,-154,-207
2025-03-13 17:04:43.279524,10,-5,9,187,-222,-223
2025-03-13 17:04:43.369772,16,-2,7,-81,-284,-311
2025-03-13 17:04:43.414628,19,-8,6,-107,-281,-359
2025-03-13 17:04:43.504767,10,-9,2,-39,-84,-29
2025-03-13 17:04:43.594925,11,-2,1,-57,52,152
2025-03-13 17:04:43.730655,10,-1,0,-82,94,106
2025-03-13 17:04:43.774697,10,-2,0,-57,-20,19
2025-03-13 17:04:43.774808,9,-3,0,-24,0,0
2025-03-13 17:04:43.954965,11,-2,5,116,0,24
2025-03-13 17:04:43.999710,10,2,1,307,45,48
2025-03-13 17:04:43.999807,9,2,0,-30,-25,0
2025-03-13 17:04:44.135017,9,-1,1,-132,-28,-16
2025-03-13 17:04:44.224670,9,-3,2,-32,29,0
2025-03-13 17:04:45.440136,9,-10,8,45,0,58
2025-03-13 17:04:45.530654,12,-17,8,-102,217,215
2025-03-13 17:04:45.664608,19,-19,7,-279,43,442
2025-03-13 17:04:45.709691,19,-13,2,38,0,502
2025-03-13 17:04:45.709905,16,0,1,0,80,479
2025-03-13 17:04:45.845775,11,5,0,0,74,312
2025-03-13 17:04:45.935016,2,7,0,0,85,122
2025-03-13 17:04:45.935307,-9,2,-4,0,95,-18
2025-03-13 17:04:46.114821,-13,0,0,130,-32,0
2025-03-13 17:04:46.160678,-16,5,-4,91,0,0
2025-03-13 17:04:46.160840,-19,10,-6,72,-32,0
2025-03-13 17:04:46.295755,-17,10,-12,335,-214,48
2025-03-13 17:04:46.339869,-1,6,0,367,-351,-58
2025-03-13 17:04:46.340054,19,9,19,379,-660,-301
2025-03-13 17:04:46.474796,0,-18,14,-910,331,297
2025-03-13 17:04:46.565915,9,-16,10,-357,-18,314
2025-03-13 17:04:46.566241,-7,-2,9,-233,-82,286
2025-03-13 17:04:46.699963,-3,6,12,66,48,180
2025-03-13 17:04:46.791268,-9,8,3,-79,143,73
2025-03-13 17:04:46.791391,-8,0,0,45,107,0
2025-03-13 17:04:46.881710,-8,-2,0,54,0,-35
2025-03-13 17:04:46.925993,-6,0,0,48,0,-65
2025-03-13 17:04:47.014864,-6,-4,0,19,48,-83
2025-03-13 17:04:47.149698,-5,-2,0,92,57,-112
2025-03-13 17:04:47.240116,-6,-5,-1,73,0,-174
2025-03-13 17:04:47.240471,-3,-5,0,99,-77,-206
2025-03-13 17:04:47.329785,-2,-6,3,120,-130,-216
2025-03-13 17:04:47.374909,0,-4,4,174,-193,-222
2025-03-13 17:04:47.420695,9,-6,8,85,-136,-276
2025-03-13 17:04:47.554799,13,-6,8,20,-146,-295
2025-03-13 17:04:47.599899,17,-9,10,59,-218,-340
2025-03-13 17:04:47.644813,12,-8,3,0,-153,-254
2025-03-13 17:04:47.735140,10,-3,2,-100,-75,118
2025-03-13 17:04:47.780744,12,-2,2,-95,35,86
2025-03-13 17:04:47.870671,8,-3,1,0,25,35
2025-03-13 17:04:47.959770,8,-2,0,0,-23,56
2025-03-13 17:04:48.004774,14,0,8,306,54,-31
2025-03-13 17:04:48.185049,8,5,-1,0,43,58
2025-03-13 17:04:48.229656,10,0,2,-75,-49,0
2025-03-13 17:04:48.229834,9,-1,1,-32,0,0
2025-03-13 17:04:49.444878,8,-13,13,69,135,171
2025-03-13 17:04:49.534630,5,-19,9,-354,261,279
2025-03-13 17:04:49.624967,16,-19,8,-241,22,425
2025-03-13 17:04:49.669818,18,-11,5,-57,0,475
2025-03-13 17:04:49.714726,13,1,2,-142,89,351
2025-03-13 17:04:49.849683,7,3,3,-96,0,167
2025-03-13 17:04:49.894601,-4,3,-4,62,82,0
2025-03-13 17:04:49.939456,-17,2,-3,140,0,-19
2025-03-13 17:04:50.029824,-19,13,-7,255,-55,24
2025-03-13 17:04:50.119768,-19,5,-9,122,-138,39
2025-03-13 17:04:50.165869,2,2,1,388,-440,-121
2025-03-13 17:04:50.254838,19,0,12,259,-384,-153
2025-03-13 17:04:50.300847,0,-17,0,-815,328,195
2025-03-13 17:04:50.391145,7,-17,9,-418,18,193
2025-03-13 17:04:50.479819,-11,-5,7,-226,0,216
2025-03-13 17:04:50.524793,-12,6,2,120,180,99
2025-03-13 17:04:50.614743,-13,6,3,44,51,46
2025-03-13 17:04:50.660623,-9,6,-1,177,0,-37
2025-03-13 17:04:50.749883,-8,0,0,-36,-33,-95
2025-03-13 17:04:50.884703,-4,-6,0,153,-45,-78
2025-03-13 17:04:50.974708,0,-2,0,165,-67,-85
2025-03-13 17:04:50.974853,1,-3,1,167,-182,-188
2025-03-13 17:04:51.109649,6,0,2,91,-255,-255
2025-03-13 17:04:51.199769,12,-3,5,0,-301,-326
2025-03-13 17:04:51.200008,17,-11,10,-81,-246,-311
2025-03-13 17:04:51.289716,17,-10,11,-72,-138,-243
2025-03-13 17:04:51.334894,14,-9,6,-114,-108,-189
2025-03-13 17:04:51.379619,13,-7,4,-111,-91,-57
2025-03-13 17:04:51.514824,9,-4,1,-26,0,50
2025-03-13 17:04:51.560516,8,-2,0,-18,0,73
2025-03-13 17:04:51.604736,9,-1,1,0,0,19
2025-03-13 17:04:51.694640,9,-2,1,0,0,-18
2025-03-13 17:04:51.739764,10,-2,0,-102,37,0
2025-03-13 17:04:51.919992,12,-2,1,-69,0,0
2025-03-13 17:04:51.964589,6,-1,3,34,47,0
2025-03-13 17:04:51.964700,9,-1,2,75,-43,0
2025-03-13 17:04:52.100255,9,-2,0,56,0,0
2025-03-13 17:04:52.144701,9,-2,0,25,0,16
2025-03-13 17:04:52.190624,9,0,1,0,26,0
2025-03-13 17:04:52.324615,9,0,1,-37,0,0
2025-03-13 17:04:53.856602,9,-13,7,56,94,105
2025-03-13 17:04:53.944648,8,-19,6,-271,173,312
2025-03-13 17:04:53.990533,17,-19,4,-249,0,432
2025-03-13 17:04:54.080580,19,-17,2,-29,-68,525
2025-03-13 17:04:54.170646,18,0,3,0,0,468
2025-03-13 17:04:54.214529,8,5,2,-83,0,215
2025-03-13 17:04:54.350657,1,4,-1,52,67,0
2025-03-13 17:04:54.439734,-15,1,-7,53,42,0
2025-03-13 17:04:54.439970,-15,0,-2,187,-46,31
2025-03-13 17:04:54.573548,-16,11,-4,187,-50,15
2025-03-13 17:04:54.665525,-16,14,-9,44,-181,-61
2025-03-13 17:04:54.665660,-11,3,-2,211,-343,-143
2025-03-13 17:04:54.755015,19,0,9,558,-186,-288
2025-03-13 17:04:54.801176,19,1,12,139,137,-261
2025-03-13 17:04:54.890889,19,-19,19,-1009,-202,471
2025-03-13 17:04:55.023662,0,-15,12,-242,-42,350
2025-03-13 17:04:55.069735,-4,-1,9,0,50,262
2025-03-13 17:04:55.069932,-9,9,0,60,136,122
2025-03-13 17:04:55.204870,-8,8,1,152,99,20
2025-03-13 17:04:55.248795,-6,4,0,96,0,-70
2025-03-13 17:04:55.339944,-6,0,1,0,-43,-120
2025-03-13 17:04:55.384582,-3,-3,0,66,0,-145
2025-03-13 17:04:55.429686,-2,-2,0,60,-40,-179
2025-03-13 17:04:55.564943,0,-7,2,100,-57,-249
2025-03-13 17:04:55.609860,2,-7,3,88,-178,-265
2025-03-13 17:04:55.654526,8,-8,6,0,-192,-259
2025-03-13 17:04:55.745465,11,-6,7,65,-227,-245
2025-03-13 17:04:55.789840,16,-6,7,51,-191,-232
2025-03-13 17:04:55.969137,17,-7,3,-65,-147,-224
2025-03-13 17:04:56.013632,13,-7,1,-143,-43,-64
2025-03-13 17:04:56.059794,7,-5,0,-125,0,56
2025-03-13 17:04:56.193583,7,-3,0,-135,-29,57
2025-03-13 17:04:56.328634,9,-3,0,-73,-18,0
2025-03-13 17:04:56.328929,11,-3,0,-57,-31,0
2025-03-13 17:04:56.419735,10,-3,2,-84,32,35
2025-03-13 17:04:56.419964,9,-2,0,73,0,19
2025-03-13 17:04:56.553740,10,-2,-1,60,0,0
2025-03-13 17:04:56.599603,9,-2,0,92,0,-14
2025-03-13 17:04:56.599724,9,-2,1,87,0,0
2025-03-13 17:04:56.733707,9,-3,0,86,0,0
2025-03-13 17:04:58.128831,11,-12,7,45,102,62
2025-03-13 17:04:58.218937,10,-19,5,-229,195,314
2025-03-13 17:04:58.353574,19,-19,3,-157,-60,489
2025-03-13 17:04:58.399567,19,-16,0,-51,-68,523
2025-03-13 17:04:58.399806,17,-7,2,-53,-60,533
2025-03-13 17:04:58.533477,12,7,3,0,61,308
2025-03-13 17:04:58.669885,4,9,0,-31,0,149
2025-03-13 17:04:58.670157,-1,1,-1,73,62,-52
2025-03-13 17:04:58.758719,-14,-1,-5,62,30,-19
2025-03-13 17:04:58.758851,-14,2,-3,180,0,17
2025-03-13 17:04:58.803641,-18,9,-4,219,-87,0
2025-03-13 17:04:58.894629,-17,13,-9,119,-145,-60
2025-03-13 17:04:58.938803,-13,1,-3,141,-318,-151
2025-03-13 17:04:59.073776,11,1,7,479,-316,-249
2025-03-13 17:04:59.163744,19,1,12,274,-376,-46
2025-03-13 17:04:59.163973,4,-19,18,-1078,164,479
2025-03-13 17:04:59.300016,5,-18,9,-371,-45,390
2025-03-13 17:04:59.344484,-4,-2,8,-110,-59,274
2025-03-13 17:04:59.478892,-5,8,8,79,122,165
2025-03-13 17:04:59.568667,-8,13,5,94,108,25
2025-03-13 17:04:59.568839,-9,0,0,141,50,-91
2025-03-13 17:04:59.658655,-9,-1,0,-35,0,-85
2025-03-13 17:04:59.703970,-6,-5,0,30,31,-53
2025-03-13 17:04:59.795770,-4,-2,0,89,0,-87
2025-03-13 17:04:59.884564,-2,0,0,125,-38,-153
2025-03-13 17:04:59.928581,0,-2,1,121,-139,-304
2025-03-13 17:05:00.063698,6,-8,2,20,-167,-370
2025-03-13 17:05:00.153745,13,-16,5,-48,-147,-341
2025-03-13 17:05:00.153977,13,-10,3,46,-82,-262
2025-03-13 17:05:00.243583,13,-8,3,-23,-149,-235
2025-03-13 17:05:00.289606,11,-7,2,-91,-110,-164
2025-03-13 17:05:00.378737,11,-6,0,-141,-25,-66
2025-03-13 17:05:00.423750,10,-5,0,-132,20,0
2025-03-13 17:05:00.514422,9,-5,0,-117,23,28
2025-03-13 17:05:00.648806,10,-4,0,-51,0,41
2025-03-13 17:05:00.738876,9,-4,0,0,-27,47
2025-03-13 17:05:00.739181,9,0,4,162,0,0
2025-03-13 17:05:00.873772,10,0,-1,38,-39,-37
2025-03-13 17:05:01.008551,9,-2,-1,-18,0,-17
2025-03-13 17:05:01.008746,8,-3,-1,-33,-29,0
2025-03-13 17:05:02.403719,10,-13,6,19,61,22
2025-03-13 17:05:02.493740,12,-19,5,-20,248,259
2025-03-13 17:05:02.584609,19,-19,5,-164,115,477
2025-03-13 17:05:02.673762,19,-16,3,-110,0,530
2025-03-13 17:05:02.720543,17,-2,4,-103,34,529
2025-03-13 17:05:02.809807,6,9,1,-72,69,286
2025-03-13 17:05:02.854618,0,8,0,-24,25,0
2025-03-13 17:05:02.988939,-5,0,-3,41,72,-79
2025-03-13 17:05:03.034086,-13,-1,-3,59,0,-15
2025-03-13 17:05:03.078817,-17,3,-4,243,-30,0
2025-03-13 17:05:03.168802,-19,7,-7,125,-126,-26
2025-03-13 17:05:03.213680,-15,3,-7,179,-268,-59
2025-03-13 17:05:03.303598,13,3,7,489,-306,-196
2025-03-13 17:05:03.393634,19,9,17,276,-381,-135
2025-03-13 17:05:03.439839,11,-19,19,-852,0,512
2025-03-13 17:05:03.573671,0,-10,8,-411,25,339
2025-03-13 17:05:03.618694,-8,-5,9,-176,30,205
2025-03-13 17:05:03.664646,-12,5,0,30,115,157
2025-03-13 17:05:03.798748,-10,7,4,91,25,98
2025-03-13 17:05:03.843663,-6,8,1,198,-25,-91
2025-03-13 17:05:03.843800,-5,-5,1,0,-31,-148
2025-03-13 17:05:03.978990,-5,-7,-1,20,23,-35
2025-03-13 17:05:04.023655,-5,-4,0,-38,22,-43
2025-03-13 17:05:04.068859,-4,-1,0,0,41,-68
2025-03-13 17:05:04.113650,-3,-3,0,-42,57,-186
2025-03-13 17:05:04.203795,2,-3,0,22,-42,-300
2025-03-13 17:05:04.340107,8,-12,3,117,-132,-337
2025-03-13 17:05:04.429014,11,-11,3,169,-137,-322
2025-03-13 17:05:04.429267,14,-10,5,33,-121,-317
2025-03-13 17:05:04.473660,13,-9,3,-51,-62,-261
2025-03-13 17:05:04.563873,11,-10,1,-154,-85,-204
2025-03-13 17:05:04.653543,10,-9,1,-37,-88,-35
2025-03-13 17:05:04.788923,10,-4,0,49,28,77
2025-03-13 17:05:04.833613,12,0,0,-20,49,77
2025-03-13 17:05:04.833829,7,1,2,0,29,0
2025-03-13 17:05:04.969053,9,0,1,61,0,0
2025-03-13 17:05:05.013669,10,-1,1,62,0,0
2025-03-13 17:05:05.148929,9,-1,0,31,0,16
2025-03-13 17:05:05.194646,9,0,0,0,0,0
2025-03-13 17:05:05.194842,10,0,1,-24,0,0
2025-03-13 17:05:06.275740,11,-10,9,0,200,67
2025-03-13 17:05:06.408492,5,-19,6,-325,162,282
2025-03-13 17:05:06.453660,19,-19,6,-105,-31,464
2025-03-13 17:05:06.499647,19,-14,6,-118,-22,511
2025-03-13 17:05:06.588887,14,4,2,50,103,376
2025-03-13 17:05:06.633644,6,7,0,-171,0,171
2025-03-13 17:05:06.725516,0,1,1,50,52,27
2025-03-13 17:05:06.814737,-17,0,-7,22,91,0
2025-03-13 17:05:06.858685,-13,-4,-1,86,-55,26
2025-03-13 17:05:06.993833,-16,5,-6,127,-56,23
2025-03-13 17:05:07.083738,-19,7,-7,77,-232,-67
2025-03-13 17:05:07.083897,-6,3,-3,291,-410,-84
2025-03-13 17:05:07.219748,15,5,6,669,-201,-87
2025-03-13 17:05:07.308761,4,-15,-11,-614,18,-218
2025-03-13 17:05:07.308991,19,-12,19,-147,21,198
2025-03-13 17:05:07.398711,0,-6,1,-373,121,248
2025-03-13 17:05:07.488858,-5,-8,11,-88,0,185
2025-03-13 17:05:07.489145,-9,6,-2,0,149,174
2025-03-13 17:05:07.623846,-8,9,5,153,0,73
2025-03-13 17:05:07.669525,-9,5,2,-107,0,-62
2025-03-13 17:05:07.669624,-9,-10,1,-25,0,-51
2025-03-13 17:05:07.803516,-6,-3,0,-46,23,50
2025-03-13 17:05:07.895537,-3,1,1,0,29,-41
2025-03-13 17:05:07.895654,-2,0,0,23,22,-148
2025-03-13 17:05:07.983764,0,0,0,22,-38,-249
2025-03-13 17:05:08.028459,1,-5,2,47,-86,-331
2025-03-13 17:05:08.076737,4,-12,4,92,-114,-368
2025-03-13 17:05:08.208995,8,-15,5,61,-108,-337
2025-03-13 17:05:08.253665,13,-13,5,-62,-94,-338
2025-03-13 17:05:08.299877,12,-10,4,-52,-70,-267
2025-03-13 17:05:08.433921,12,-10,3,0,-74,-227
2025-03-13 17:05:08.478734,13,-8,1,0,-95,-161
2025-03-13 17:05:08.478853,8,-6,0,-25,-35,0
2025-03-13 17:05:08.614584,9,-4,0,-66,0,63
2025-03-13 17:05:08.659788,10,-2,0,-22,0,65
2025-03-13 17:05:08.703482,10,-1,0,0,27,17
2025-03-13 17:05:08.793682,8,-1,0,0,0,29
2025-03-13 17:05:08.840614,10,-1,0,56,-21,23
2025-03-13 17:05:08.928851,10,0,0,60,0,0
2025-03-13 17:05:09.066134,9,-2,1,-36,0,0
2025-03-13 17:05:10.278724,9,-18,6,0,137,128
2025-03-13 17:05:10.323771,9,-19,2,-91,199,335
2025-03-13 17:05:10.458724,17,-19,2,-144,-27,479
2025-03-13 17:05:10.548808,19,-18,2,0,-73,510
2025-03-13 17:05:10.549067,17,4,2,84,84,365
2025-03-13 17:05:10.638643,6,6,0,-158,0,186
2025-03-13 17:05:10.683703,6,0,3,34,-28,17
2025-03-13 17:05:10.728664,-14,0,-6,-93,104,21
2025-03-13 17:05:10.818706,-18,-3,0,208,-77,0
2025-03-13 17:05:10.908615,-19,9,-5,152,-95,0
2025-03-13 17:05:10.953789,-19,16,-12,309,-254,37
2025-03-13 17:05:11.087611,-13,10,-10,306,-296,-46
2025-03-13 17:05:11.133704,19,12,17,533,-372,-381
2025-03-13 17:05:11.133867,-3,-19,8,-1126,272,409
2025-03-13 17:05:11.267683,15,-8,12,-49,-21,101
2025-03-13 17:05:11.357769,-3,-9,11,-477,24,376
2025-03-13 17:05:11.448769,-3,-1,12,-26,-20,236
2025-03-13 17:05:11.448889,-11,10,5,-47,93,183
2025-03-13 17:05:11.492694,-5,12,7,59,64,-15
2025-03-13 17:05:11.672725,-7,0,0,0,51,-105
2025-03-13 17:05:11.718937,-5,-5,1,-33,0,-90
2025-03-13 17:05:11.719043,-5,-2,0,37,38,-108
2025-03-13 17:05:11.762745,-3,-4,0,0,55,-183
2025-03-13 17:05:11.853592,-2,-5,-1,18,31,-235
2025-03-13 17:05:11.944700,2,-7,1,38,-107,-305
2025-03-13 17:05:11.988683,8,-9,2,117,-87,-311
2025-03-13 17:05:12.078838,9,-7,3,114,-71,-254
2025-03-13 17:05:12.123789,15,-9,4,-40,-74,-281
2025-03-13 17:05:12.258856,19,-13,6,-27,-66,-308
2025-03-13 17:05:12.303917,7,-10,0,-127,0,-159
2025-03-13 17:05:12.483798,8,-8,2,-127,-66,-34
2025-03-13 17:05:12.527675,11,-6,1,81,0,14
2025-03-13 17:05:12.527800,9,-3,0,72,0,73
2025-03-13 17:05:12.663896,10,0,1,0,0,69
2025-03-13 17:05:12.708812,11,0,0,-26,0,-18
2025-03-13 17:05:12.753757,8,-2,0,-53,-18,0
2025-03-13 17:05:12.932688,11,-2,4,114,-22,0
2025-03-13 17:05:12.977554,9,-1,0,46,0,0
2025-03-13 17:05:12.977667,9,-2,0,23,0,0
2025-03-13 17:05:13.113071,9,-1,0,38,0,0
2025-03-13 17:05:14.462884,8,-17,12,27,88,104
2025-03-13 17:05:14.552967,4,-19,8,-221,255,367
2025-03-13 17:05:14.642721,19,-19,7,-84,-35,443
2025-03-13 17:05:14.688656,19,-12,4,0,23,519
2025-03-13 17:05:14.777718,16,4,0,0,134,411
2025-03-13 17:05:14.868708,6,7,-2,-132,56,163
2025-03-13 17:05:15.002724,0,2,0,0,78,-39
2025-03-13 17:05:15.049609,-19,1,-5,0,45,26
2025-03-13 17:05:15.049765,-14,-1,0,219,-107,31
2025-03-13 17:05:15.183153,-16,8,-7,96,0,29
2025-03-13 17:05:15.228702,-19,12,-14,258,-158,53
2025-03-13 17:05:15.272558,-2,8,-3,270,-382,-55
2025-03-13 17:05:15.362794,19,6,16,490,-477,-142
2025-03-13 17:05:15.408595,-1,-19,6,-1031,343,174
2025-03-13 17:05:15.497732,10,-9,16,-135,23,130
2025-03-13 17:05:15.587630,-9,4,6,-294,57,218
2025-03-13 17:05:15.633738,-7,4,9,27,109,112
2025-03-13 17:05:15.812880,-12,7,-1,-109,115,62
2025-03-13 17:05:15.902818,-7,2,3,50,38,-42
2025-03-13 17:05:15.902952,-7,-4,3,-30,-45,-93
2025-03-13 17:05:15.992970,-7,-4,0,0,42,-86
2025-03-13 17:05:16.038719,-6,-3,0,0,34,-82
2025-03-13 17:05:16.127750,-5,-4,-1,-18,0,-134
2025-03-13 17:05:16.172724,0,-2,0,66,-40,-210
2025-03-13 17:05:16.262863,2,-6,2,115,-125,-297
2025-03-13 17:05:16.397605,5,-9,3,79,-125,-303
2025-03-13 17:05:16.487736,9,-15,6,21,-146,-290
2025-03-13 17:05:16.488009,13,-10,5,-59,-98,-273
2025-03-13 17:05:16.533904,13,-10,4,-56,-95,-234
2025-03-13 17:05:16.623967,8,-7,2,-79,-32,-121
2025-03-13 17:05:16.713762,11,-6,1,-119,-23,-44
2025-03-13 17:05:16.803920,10,-6,0,-44,0,0
2025-03-13 17:05:16.804107,8,-4,0,-23,0,37
2025-03-13 17:05:16.892780,9,-3,0,0,0,46
2025-03-13 17:05:16.982838,12,0,1,44,28,0
2025-03-13 17:05:17.027754,8,-2,1,0,17,-21
2025-03-13 17:05:17.117690,9,-2,1,48,0,0
2025-03-13 17:05:17.252870,10,-2,1,63,0,0
2025-03-13 17:05:17.298680,9,-2,0,30,0,0
2025-03-13 17:05:17.298806,9,-2,0,22,0,0
2025-03-13 17:05:18.873763,8,-14,10,20,80,87
2025-03-13 17:05:18.920891,9,-19,8,-140,176,310
2025-03-13 17:05:19.007668,19,-19,6,-110,0,446
2025-03-13 17:05:19.098758,19,-14,4,174,52,521
2025-03-13 17:05:19.187605,19,7,-3,108,282,339
2025-03-13 17:05:19.277652,10,6,-3,-257,0,187
2025-03-13 17:05:19.322676,5,2,2,-50,0,44
2025-03-13 17:05:19.368615,-19,-1,-6,115,122,45
2025-03-13 17:05:19.502863,-17,-2,2,69,-120,-29
2025-03-13 17:05:19.592785,-15,7,-1,147,-34,0
2025-03-13 17:05:19.592910,-19,14,-10,174,-142,-45
2025-03-13 17:05:19.682732,-16,11,-13,248,-237,-30
2025-03-13 17:05:19.727645,19,6,9,419,-280,-199
2025-03-13 17:05:19.773471,15,-19,17,-461,0,-60
2025-03-13 17:05:19.909712,19,-16,19,-280,0,274
2025-03-13 17:05:19.953660,-6,-1,9,-315,83,387
2025-03-13 17:05:19.998330,-6,0,12,-66,-31,148
2025-03-13 17:05:20.088769,-10,10,-1,-29,182,138
2025-03-13 17:05:20.132763,-6,10,7,85,0,0
2025-03-13 17:05:20.178622,-5,0,1,0,-29,-126
2025-03-13 17:05:20.267673,-4,-7,2,0,0,-100
2025-03-13 17:05:20.312736,-4,-1,0,0,0,-94
2025-03-13 17:05:20.402757,-3,-7,-1,-78,21,-193
2025-03-13 17:05:20.492470,-3,-9,-2,-69,0,-201
2025-03-13 17:05:20.537738,-1,-7,1,0,-51,-209
2025-03-13 17:05:20.672724,0,-9,5,146,-134,-186
2025-03-13 17:05:20.762922,2,-10,5,132,-183,-200
2025-03-13 17:05:20.763026,7,-14,8,93,-173,-188
2025-03-13 17:05:20.897695,9,-5,4,27,-70,-163
2025-03-13 17:05:20.988529,10,-5,4,-106,-86,-224
2025-03-13 17:05:20.988658,9,-6,1,-170,-27,-166
2025-03-13 17:05:21.122973,10,-7,1,-109,-30,-89
2025-03-13 17:05:21.167673,11,-5,0,0,0,-32
2025-03-13 17:05:21.167822,8,-3,0,-79,0,0
2025-03-13 17:05:21.347748,11,-3,0,-108,0,19
2025-03-13 17:05:21.392545,8,-3,0,-55,0,24
2025-03-13 17:05:21.392638,11,-2,6,105,0,0
2025-03-13 17:05:21.482761,8,1,0,110,28,25
2025-03-13 17:05:21.527815,10,-2,1,0,-45,0
2025-03-13 17:05:21.662902,9,-2,0,28,0,0
2025-03-13 17:05:22.697858,19,-19,12,-112,72,484
2025-03-13 17:05:22.742643,19,-8,2,43,174,503
2025-03-13 17:05:22.787923,14,6,-3,0,211,334
2025-03-13 17:05:22.878858,7,8,-3,-131,44,155
2025-03-13 17:05:22.923762,2,6,0,-23,0,31
2025-03-13 17:05:23.057913,-14,-2,-6,40,88,-58
2025-03-13 17:05:23.147698,-19,-3,2,84,-65,-50
2025-03-13 17:05:23.147845,-19,12,-6,253,-75,32
2025-03-13 17:05:23.237780,-19,10,-14,135,-189,0
2025-03-13 17:05:23.283873,6,6,1,354,-325,-114
2025-03-13 17:05:23.327732,19,-6,19,-31,-682,-315
2025-03-13 17:05:23.462832,16,-19,19,-554,135,516
2025-03-13 17:05:23.552686,-2,-6,6,-320,96,378
2025-03-13 17:05:23.552803,-10,-2,13,-88,-21,160
2025-03-13 17:05:23.642937,-15,12,-2,-34,88,123
2025-03-13 17:05:23.687796,-3,5,11,199,-81,-79
2025-03-13 17:05:23.822585,-6,-3,0,-125,21,-93
2025-03-13 17:05:23.912605,-5,-7,1,59,0,-29
2025-03-13 17:05:23.912711,-4,0,-1,0,61,-77
2025-03-13 17:05:24.047727,-2,-2,0,0,28,-210
2025-03-13 17:05:24.137516,0,-6,1,75,-40,-236
2025-03-13 17:05:24.137648,6,-6,3,119,-143,-304
2025-03-13 17:05:24.227996,9,-7,3,46,-133,-296
2025-03-13 17:05:24.272533,14,-11,4,-25,-77,-300
2025-03-13 17:05:24.452718,17,-12,3,-33,-111,-296
2025-03-13 17:05:24.498012,14,-10,3,47,-104,-241
2025-03-13 17:05:24.498112,7,-6,0,-59,-67,-54
2025-03-13 17:05:24.632979,10,-4,1,-164,0,0
2025-03-13 17:05:24.767820,10,-5,0,-109,36,0
2025-03-13 17:05:24.768027,9,-5,0,0,0,28
2025-03-13 17:05:24.858034,10,-2,0,0,0,63
2025-03-13 17:05:24.947707,11,-1,0,37,19,0
2025-03-13 17:05:24.947956,8,0,0,0,0,18
2025-03-13 17:05:24.994290,10,-2,0,86,0,0
2025-03-13 17:05:25.082716,10,-1,0,69,0,0
2025-03-13 17:05:25.127636,9,-1,0,0,0,13
2025-03-13 17:05:25.262699,10,-1,1,18,0,0
2025-03-13 17:05:25.307576,9,-1,1,20,0,0
2025-03-13 17:05:25.442865,9,-2,0,0,0,0
2025-03-13 17:05:26.657642,9,-2,0,0,0,0
2025-03-13 17:05:26.657879,10,-10,10,31,62,30
2025-03-13 17:05:26.702734,9,-19,10,0,203,250
2025-03-13 17:05:26.792738,18,-19,12,-27,98,357
2025-03-13 17:05:26.838272,19,-19,5,0,150,474
2025-03-13 17:05:26.928738,19,-3,2,0,194,503
2025-03-13 17:05:26.973274,13,9,-5,-37,228,301
2025-03-13 17:05:27.062805,6,9,-1,-99,64,115
2025-03-13 17:05:27.107634,-1,1,0,30,0,-60
2025-03-13 17:05:27.242894,-19,0,-6,76,71,0
2025-03-13 17:05:27.332925,-19,1,0,174,-109,19
2025-03-13 17:05:27.333064,-19,13,-11,154,-148,0
2025-03-13 17:05:27.422683,-15,12,-14,263,-376,-23
2025-03-13 17:05:27.467748,19,9,0,472,-279,-214
2025-03-13 17:05:27.557698,16,-19,14,-706,150,323
2025-03-13 17:05:27.647676,19,-7,19,-60,-99,86
2025-03-13 17:05:27.692693,-6,-2,7,-463,147,324
2025-03-13 17:05:27.738699,-9,-4,11,-214,61,188
2025-03-13 17:05:27.828714,-12,6,-4,-37,194,145
2025-03-13 17:05:27.917860,-8,7,5,109,18,69
2025-03-13 17:05:28.007849,-6,6,1,25,0,-86
2025-03-13 17:05:28.097726,-4,-8,0,0,51,-153
2025-03-13 17:05:28.097993,-4,-3,-2,64,0,-144
2025-03-13 17:05:28.232715,-1,-6,0,74,-32,-209
2025-03-13 17:05:28.323028,-2,-4,2,107,-76,-194
2025-03-13 17:05:28.323198,2,-6,3,84,-222,-287
2025-03-13 17:05:28.367827,9,-9,4,21,-170,-304
2025-03-13 17:05:28.457760,15,-10,4,-30,-167,-302
2025-03-13 17:05:28.637686,18,-8,3,-76,-138,-246
2025-03-13 17:05:28.681656,12,-9,2,-119,-107,-168
2025-03-13 17:05:28.681783,10,-7,1,-150,0,-50
2025-03-13 17:05:28.727867,10,-6,0,-109,0,14
2025-03-13 17:05:28.818045,9,-4,0,-60,0,51
2025-03-13 17:05:28.907475,9,-2,0,33,-44,28
2025-03-13 17:05:29.042734,8,1,0,57,51,0
2025-03-13 17:05:29.132649,9,-2,0,0,-35,0
2025-03-13 17:05:29.132803,9,-1,0,36,0,0
2025-03-13 17:05:29.177870,9,-1,-1,-27,0,0
2025-03-13 17:05:29.267607,10,-2,0,0,19,0
2025-03-13 17:05:29.312495,10,-1,0,0,18,0
2025-03-13 17:05:29.448744,10,-1,0,0,0,0
2025-03-13 17:05:31.202883,9,-10,8,61,44,55
2025-03-13 17:05:31.291775,12,-18,8,154,193,158
2025-03-13 17:05:31.382008,16,-19,8,-190,181,404
2025-03-13 17:05:31.382500,19,-19,3,-45,42,491
2025-03-13 17:05:31.516841,19,-5,2,46,76,513
2025-03-13 17:05:31.517056,12,7,-1,0,177,331
2025-03-13 17:05:31.561715,6,8,-3,-148,118,173
2025-03-13 17:05:31.651824,-1,-1,0,0,31,-42
2025-03-13 17:05:31.696965,-16,0,-4,121,39,0
2025-03-13 17:05:31.786915,-19,5,-3,305,-115,0
2025-03-13 17:05:31.876765,-19,12,-8,159,-109,25
2025-03-13 17:05:31.921620,-19,6,-12,104,-202,-15
2025-03-13 17:05:31.967911,19,3,8,450,-354,-227
2025-03-13 17:05:32.056799,19,-8,15,-126,-218,-173
2025-03-13 17:05:32.147082,19,-19,19,-647,0,442
2025-03-13 17:05:32.191896,0,-9,8,-422,65,429
2025-03-13 17:05:32.281681,-9,-1,11,-178,0,240
2025-03-13 17:05:32.327926,-12,11,0,46,165,171
2025-03-13 17:05:32.372802,-7,8,7,29,-47,43
2025-03-13 17:05:32.462811,-9,1,-2,68,49,-69
2025-03-13 17:05:32.551523,-6,-8,1,-43,0,-43
2025-03-13 17:05:32.641657,-6,-2,0,64,0,-30
2025-03-13 17:05:32.731765,-5,0,0,28,43,-72
2025-03-13 17:05:32.731869,-4,-3,-1,0,54,-149
2025-03-13 17:05:32.822853,-1,-5,0,26,0,-215
2025-03-13 17:05:32.911736,0,-4,3,128,-68,-234
2025-03-13 17:05:32.957083,3,-6,3,129,-57,-315
2025-03-13 17:05:33.046974,8,-13,4,0,-117,-331
2025-03-13 17:05:33.137026,12,-9,4,63,-83,-303
2025-03-13 17:05:33.271811,15,-9,4,-34,-112,-317
2025-03-13 17:05:33.316779,13,-9,3,-85,-99,-247
2025-03-13 17:05:33.316885,10,-9,1,-49,-40,-76
2025-03-13 17:05:33.453896,9,-4,0,-62,38,66
2025-03-13 17:05:33.541696,8,-3,0,-120,32,68
2025-03-13 17:05:33.541883,10,-3,0,-66,-25,31
2025-03-13 17:05:33.676891,9,-3,0,0,-22,22
2025-03-13 17:05:33.766940,9,-2,0,-57,-69,35
2025-03-13 17:05:33.767124,14,0,6,121,28,-51
2025-03-13 17:05:33.857023,9,-3,0,-61,-30,0
2025-03-13 17:05:33.947224,9,-3,-1,0,0,0
2025-03-13 17:05:35.657009,10,-12,2,0,0,72
2025-03-13 17:05:35.746976,15,-17,2,-29,96,251
2025-03-13 17:05:35.838094,19,-19,-1,-37,97,343
2025-03-13 17:05:35.881668,19,-15,0,-40,56,535
2025-03-13 17:05:35.971904,15,-2,2,0,49,553
2025-03-13 17:05:36.062726,4,8,0,65,65,295
2025-03-13 17:05:36.106779,-4,8,-2,25,0,69
2025-03-13 17:05:36.286904,-7,0,-1,0,0,-47
2025-03-13 17:05:36.331656,-8,-1,-1,58,0,-55
2025-03-13 17:05:36.331808,-10,-1,1,92,-48,-23
2025-03-13 17:05:36.376569,-19,6,-2,238,-19,29
2025-03-13 17:05:36.466892,-19,11,-17,165,-112,90
2025-03-13 17:05:36.691686,-2,6,-5,231,-421,-113
2025-03-13 17:05:36.736801,19,0,19,483,-865,-344
2025-03-13 17:05:36.736936,4,-12,12,-938,295,458
2025-03-13 17:05:36.781495,7,-9,13,-326,124,321
2025-03-13 17:05:36.871757,-12,-3,11,-259,52,262
2025-03-13 17:05:36.916735,-10,4,6,109,123,127
2025-03-13 17:05:37.051753,-11,8,2,0,25,46
2025-03-13 17:05:37.141510,-5,2,3,75,37,-86
2025-03-13 17:05:37.141684,-5,-4,0,18,-58,-127
2025-03-13 17:05:37.276830,-3,-3,0,116,21,-123
2025-03-13 17:05:37.321651,-3,-2,-1,62,0,-173
2025-03-13 17:05:37.321859,-2,-8,0,55,-20,-222
2025-03-13 17:05:37.411588,1,-2,0,27,-100,-232
2025-03-13 17:05:37.457666,7,-3,2,0,-86,-265
2025-03-13 17:05:37.546594,12,-12,8,0,-134,-317
2025-03-13 17:05:37.681481,16,-10,9,70,-96,-316
2025-03-13 17:05:37.726746,19,-11,5,185,-143,-355
2025-03-13 17:05:37.726855,11,-11,0,-325,-69,-114
2025-03-13 17:05:37.816801,5,-9,3,-162,-25,0
2025-03-13 17:05:37.907027,7,-5,1,83,-37,41
2025-03-13 17:05:37.997050,11,-4,0,148,-41,15
2025-03-13 17:05:38.041725,11,-2,0,102,-38,0
2025-03-13 17:05:38.086754,8,-2,0,-72,0,56
2025-03-13 17:05:38.132675,10,-2,1,22,0,28
2025-03-13 17:05:38.221771,10,0,0,78,0,0
2025-03-13 17:05:38.311864,8,-1,0,28,0,0
2025-03-13 17:05:38.356999,10,-2,1,0,0,0
2025-03-13 17:05:38.447049,10,-3,1,25,0,0
