2025-03-13 15:23:34.978770,10,-8,9,0,0,0
2025-03-13 15:23:35.024886,14,-15,17,0,0,294
2025-03-13 15:23:35.113529,12,-16,17,-158,0,357
2025-03-13 15:23:35.159673,11,-7,11,0,0,412
2025-03-13 15:23:35.252525,4,-1,4,0,290,307
2025-03-13 15:23:35.338477,-1,0,0,0,0,152
2025-03-13 15:23:35.384707,-1,0,-1,0,0,0
2025-03-13 15:23:35.473702,0,0,-2,-140,0,0
2025-03-13 15:23:35.563517,4,1,-5,-160,0,0
2025-03-13 15:23:35.653118,5,3,-9,-224,0,-139
2025-03-13 15:23:35.653732,8,5,-11,0,0,-196
2025-03-13 15:23:35.743598,17,4,-8,0,0,-428
2025-03-13 15:23:35.789621,19,-5,1,0,0,-566
2025-03-13 15:23:35.833875,19,-14,4,0,0,-611
2025-03-13 15:23:35.969150,19,-19,-4,178,0,-415
2025-03-13 15:23:36.015427,11,-19,1,137,0,0
2025-03-13 15:23:36.058701,15,-19,0,242,0,235
2025-03-13 15:23:36.193968,19,-19,2,357,0,379
2025-03-13 15:23:36.238647,17,-13,4,402,0,441
2025-03-13 15:23:36.239749,12,-3,5,401,0,318
2025-03-13 15:23:36.328805,5,2,-1,264,0,123
2025-03-13 15:23:36.374735,5,2,-5,0,0,0
2025-03-13 15:23:36.464624,5,3,-1,0,0,-100
2025-03-13 15:23:36.643642,7,5,0,0,0,-165
2025-03-13 15:23:36.733844,11,5,0,0,0,-323
2025-03-13 15:23:36.734606,19,3,4,0,-427,-563
2025-03-13 15:23:36.735242,19,-7,17,0,-494,-728
2025-03-13 15:23:36.823930,19,-19,1,-392,0,-207
2025-03-13 15:23:36.869372,15,-14,8,0,0,0
2025-03-13 15:23:36.958244,8,-9,3,0,0,0
2025-03-13 15:23:37.048441,9,-6,4,0,0,0
2025-03-13 15:23:37.049013,8,-2,4,0,0,0
2025-03-13 15:23:37.140478,9,0,5,0,0,0
2025-03-13 15:23:37.183523,8,0,5,0,0,0
2025-03-13 15:23:37.319582,10,0,5,0,0,0
2025-03-13 15:23:37.408992,8,-1,5,0,0,0
2025-03-13 15:23:37.409639,9,0,3,0,0,0
2025-03-13 15:23:37.546273,10,0,2,0,0,0
2025-03-13 15:23:37.633970,8,0,3,0,0,0
2025-03-13 15:23:37.634718,11,0,3,0,0,0
2025-03-13 15:23:38.668450,7,-11,11,-165,0,400
2025-03-13 15:23:38.758061,5,-4,6,0,0,360
2025-03-13 15:23:38.803081,1,-1,1,0,0,164
2025-03-13 15:23:38.894860,2,0,-1,0,0,0
2025-03-13 15:23:38.937612,2,5,-4,0,0,0
2025-03-13 15:23:39.073142,6,6,-7,0,0,-171
2025-03-13 15:23:39.119671,10,8,-7,0,0,-225
2025-03-13 15:23:39.163830,19,6,-3,163,0,-421
2025-03-13 15:23:39.299006,19,0,-3,0,0,-655
2025-03-13 15:23:39.433188,19,-12,1,0,0,-658
2025-03-13 15:23:39.433724,19,-19,-10,346,0,-230
2025-03-13 15:23:39.570303,12,-19,6,0,-296,0
2025-03-13 15:23:39.571469,15,-19,-4,290,0,288
2025-03-13 15:23:39.659519,18,-19,-1,268,0,406
2025-03-13 15:23:39.705296,19,-11,1,363,0,416
2025-03-13 15:23:39.706458,11,-1,0,326,0,341
2025-03-13 15:23:39.794572,7,2,0,275,0,186
2025-03-13 15:23:39.840127,4,4,-3,0,0,0
2025-03-13 15:23:40.020303,5,4,-2,0,0,0
2025-03-13 15:23:40.110563,5,5,-1,0,0,-149
2025-03-13 15:23:40.111182,10,8,0,0,0,-333
2025-03-13 15:23:40.111800,19,5,6,0,-462,-642
2025-03-13 15:23:40.199983,19,-9,5,-139,-495,-700
2025-03-13 15:23:40.245038,19,-19,6,-147,0,-458
2025-03-13 15:23:40.289653,14,-17,3,0,0,0
2025-03-13 15:23:40.424585,11,-8,2,0,0,0
2025-03-13 15:23:40.470067,10,-4,2,0,0,0
2025-03-13 15:23:40.514832,10,-1,2,0,0,0
2025-03-13 15:23:40.607023,9,0,2,0,0,0
2025-03-13 15:23:40.649691,8,0,3,0,0,0
2025-03-13 15:23:40.829735,9,0,2,0,0,0
2025-03-13 15:23:40.874609,12,0,2,0,0,0
2025-03-13 15:23:40.875726,8,0,2,0,0,0
2025-03-13 15:23:40.964365,9,0,4,0,0,0
2025-03-13 15:23:41.055049,11,0,2,0,0,0
2025-03-13 15:23:41.190937,9,0,2,0,0,0
2025-03-13 15:23:41.234797,9,0,3,0,0,0
2025-03-13 15:23:41.235896,9,0,2,0,0,0
2025-03-13 15:23:41.370344,9,0,2,0,0,0
2025-03-13 15:23:42.585127,9,0,2,0,0,0
2025-03-13 15:23:42.587413,13,-11,2,0,0,0
2025-03-13 15:23:42.676112,19,-18,8,0,0,372
2025-03-13 15:23:42.764420,15,-19,11,-263,0,408
2025-03-13 15:23:42.854021,14,-16,11,-164,0,488
2025-03-13 15:23:42.899712,8,-4,5,0,0,486
2025-03-13 15:23:42.944978,0,0,0,0,0,317
2025-03-13 15:23:43.079698,0,0,0,0,0,129
2025-03-13 15:23:43.124706,2,2,-3,0,0,0
2025-03-13 15:23:43.125867,5,3,-5,-151,0,0
2025-03-13 15:23:43.215075,8,7,-9,0,0,-136
2025-03-13 15:23:43.260060,13,11,-9,0,0,-310
2025-03-13 15:23:43.348926,19,7,-7,0,0,-652
2025-03-13 15:23:43.438976,19,-1,-17,-328,0,-655
2025-03-13 15:23:43.484858,19,-19,-11,0,0,-422
2025-03-13 15:23:43.619673,19,-19,-7,0,0,-211
2025-03-13 15:23:43.664660,16,-19,-3,339,0,100
2025-03-13 15:23:43.665793,19,-18,-8,285,0,299
2025-03-13 15:23:43.846953,19,-16,-3,244,0,480
2025-03-13 15:23:43.890682,15,-5,-1,286,0,458
2025-03-13 15:23:43.891784,6,1,0,173,0,303
2025-03-13 15:23:44.025573,3,4,0,0,0,137
2025-03-13 15:23:44.161065,4,6,0,0,0,0
2025-03-13 15:23:44.161695,5,8,0,0,0,0
2025-03-13 15:23:44.249916,5,9,1,184,0,-176
2025-03-13 15:23:44.250091,12,9,3,0,0,-419
2025-03-13 15:23:44.340410,19,0,18,211,-372,-686
2025-03-13 15:23:44.385587,19,-4,19,0,-290,-474
2025-03-13 15:23:44.430930,19,-17,17,0,0,-331
2025-03-13 15:23:44.520995,14,-10,6,0,0,0
2025-03-13 15:23:44.566593,8,-5,4,0,0,0
2025-03-13 15:23:44.655482,10,-2,3,0,0,0
2025-03-13 15:23:44.789747,10,-1,3,0,0,0
2025-03-13 15:23:44.836808,9,-1,3,0,0,0
2025-03-13 15:23:44.925428,9,-2,4,0,0,0
2025-03-13 15:23:44.971637,10,-1,4,0,0,0
2025-03-13 15:23:45.060389,11,-1,4,146,0,0
2025-03-13 15:23:45.106696,8,1,3,0,0,0
2025-03-13 15:23:45.194904,9,0,4,0,0,0
2025-03-13 15:23:45.285278,9,0,2,0,0,0
2025-03-13 15:23:45.330724,9,0,2,0,0,0
2025-03-13 15:23:46.320629,19,-7,12,0,284,498
2025-03-13 15:23:46.412116,7,3,1,0,364,397
2025-03-13 15:23:46.504064,0,3,-1,0,0,149
2025-03-13 15:23:46.589769,0,4,-2,0,0,0
2025-03-13 15:23:46.634894,1,6,-5,0,0,0
2025-03-13 15:23:46.680721,5,7,-8,0,0,-182
2025-03-13 15:23:46.772060,9,9,-10,0,0,-295
2025-03-13 15:23:46.816762,19,4,-8,0,0,-469
2025-03-13 15:23:46.905297,19,1,-10,0,0,-618
2025-03-13 15:23:46.950695,19,-19,-5,0,0,-592
2025-03-13 15:23:47.040107,19,-19,-12,0,0,-118
2025-03-13 15:23:47.130342,15,-19,-11,0,0,-146
2025-03-13 15:23:47.175622,14,-19,-13,239,0,149
2025-03-13 15:23:47.220972,19,-17,-10,400,0,338
2025-03-13 15:23:47.355921,15,-9,-4,438,0,419
2025-03-13 15:23:47.445990,10,0,-2,283,0,305
2025-03-13 15:23:47.447188,5,4,1,0,0,192
2025-03-13 15:23:47.535390,3,4,1,187,0,0
2025-03-13 15:23:47.582103,2,6,0,214,0,0
2025-03-13 15:23:47.625815,4,8,-1,144,0,-173
2025-03-13 15:23:47.716347,12,7,0,0,0,-381
2025-03-13 15:23:47.762562,15,7,5,183,0,-500
2025-03-13 15:23:47.986183,19,-2,19,148,-417,-654
2025-03-13 15:23:47.988875,19,-17,18,0,0,-333
2025-03-13 15:23:47.990152,12,-14,8,0,0,0
2025-03-13 15:23:48.077132,9,-6,4,-144,0,0
2025-03-13 15:23:48.168338,8,-2,3,0,0,0
2025-03-13 15:23:48.300852,9,-1,3,0,0,0
2025-03-13 15:23:48.390023,8,-1,3,0,0,0
2025-03-13 15:23:48.390376,9,-2,4,0,0,0
2025-03-13 15:23:48.528433,10,-3,4,0,0,0
2025-03-13 15:23:48.574846,10,-3,4,0,0,0
2025-03-13 15:23:48.616054,9,-2,4,0,0,0
2025-03-13 15:23:48.707266,9,-2,3,0,0,0
2025-03-13 15:23:48.752863,10,0,3,197,0,0
2025-03-13 15:23:48.796836,10,3,2,0,0,0
2025-03-13 15:23:48.886018,9,1,1,0,0,0
2025-03-13 15:23:48.976642,10,0,2,0,0,0
2025-03-13 15:23:49.116140,9,0,1,0,0,0
2025-03-13 15:23:49.157693,9,0,2,0,0,0
2025-03-13 15:23:50.145877,19,-15,13,-169,0,386
2025-03-13 15:23:50.237546,13,-10,6,0,0,436
2025-03-13 15:23:50.281703,7,-6,2,0,0,378
2025-03-13 15:23:50.327167,2,-3,2,0,0,227
2025-03-13 15:23:50.416454,0,0,1,0,0,123
2025-03-13 15:23:50.462573,0,1,0,0,0,0
2025-03-13 15:23:50.597098,0,2,-5,-140,0,0
2025-03-13 15:23:50.686645,2,4,-9,-145,0,-112
2025-03-13 15:23:50.687584,6,8,-11,0,0,-205
2025-03-13 15:23:50.821456,13,8,-11,0,0,-389
2025-03-13 15:23:50.822160,19,4,-7,0,0,-720
2025-03-13 15:23:50.867933,19,-4,-5,-142,-317,-780
2025-03-13 15:23:51.001605,19,-19,-14,0,0,-327
2025-03-13 15:23:51.183068,19,-19,-6,0,0,-179
2025-03-13 15:23:51.183769,17,-19,-6,299,0,155
2025-03-13 15:23:51.225802,19,-18,-8,276,0,375
2025-03-13 15:23:51.271957,19,-14,-4,364,0,449
2025-03-13 15:23:51.361197,14,-2,-2,343,0,422
2025-03-13 15:23:51.406320,6,3,1,177,0,232
2025-03-13 15:23:51.496512,3,5,-1,0,0,0
2025-03-13 15:23:51.588494,3,6,0,182,0,0
2025-03-13 15:23:51.676073,5,8,0,203,0,0
2025-03-13 15:23:51.676536,11,10,0,155,0,-322
2025-03-13 15:23:51.766586,19,10,3,0,-327,-593
2025-03-13 15:23:51.811641,19,7,6,0,-456,-763
2025-03-13 15:23:51.991576,19,-19,14,0,0,-376
2025-03-13 15:23:51.993620,19,-16,10,0,0,0
2025-03-13 15:23:51.994338,11,-10,5,-170,0,0
2025-03-13 15:23:52.084863,9,-4,4,0,0,0
2025-03-13 15:23:52.170986,9,-1,2,0,0,0
2025-03-13 15:23:52.261106,9,0,2,0,0,0
2025-03-13 15:23:52.352794,9,0,3,0,0,0
2025-03-13 15:23:52.395998,9,0,3,0,0,0
2025-03-13 15:23:52.442838,9,0,3,0,0,0
2025-03-13 15:23:52.578928,11,0,3,0,0,0
2025-03-13 15:23:52.668288,8,0,4,0,0,0
2025-03-13 15:23:52.669611,9,0,4,0,0,0
2025-03-13 15:23:52.757868,10,0,3,0,0,0
2025-03-13 15:23:52.802132,9,0,3,0,0,0
2025-03-13 15:23:52.982821,9,0,3,0,0,0
2025-03-13 15:23:53.881849,17,-17,9,0,0,176
2025-03-13 15:23:53.928027,19,-19,12,0,0,362
2025-03-13 15:23:54.017086,18,-13,6,0,0,423
2025-03-13 15:23:54.156052,10,-4,0,136,0,360
2025-03-13 15:23:54.198766,3,0,-2,0,333,250
2025-03-13 15:23:54.200251,1,1,-2,0,0,140
2025-03-13 15:23:54.332134,2,2,-3,-250,0,0
2025-03-13 15:23:54.423382,3,6,-3,-215,0,0
2025-03-13 15:23:54.424663,5,10,-6,0,0,-108
2025-03-13 15:23:54.557879,11,9,-4,0,0,-315
2025-03-13 15:23:54.603391,19,0,-2,0,0,-541
2025-03-13 15:23:54.737178,19,-10,-7,0,0,-503
2025-03-13 15:23:54.827440,19,-19,-8,212,0,-470
2025-03-13 15:23:54.827675,18,-19,-7,0,0,0
2025-03-13 15:23:54.871936,14,-19,-3,177,0,0
2025-03-13 15:23:54.962038,18,-19,-9,306,0,240
2025-03-13 15:23:55.008441,19,-14,-4,0,0,380
2025-03-13 15:23:55.096950,16,-6,-1,343,0,393
2025-03-13 15:23:55.187118,9,1,0,256,0,305
2025-03-13 15:23:55.278123,6,3,1,216,0,234
2025-03-13 15:23:55.367658,2,5,0,154,0,0
2025-03-13 15:23:55.368402,2,6,2,157,0,0
2025-03-13 15:23:55.502582,3,7,1,209,0,-191
2025-03-13 15:23:55.503330,11,7,3,170,0,-424
2025-03-13 15:23:55.547607,19,3,11,159,0,-594
2025-03-13 15:23:55.682672,19,0,9,0,0,-574
2025-03-13 15:23:55.772415,19,-19,17,0,-295,-338
2025-03-13 15:23:55.773010,14,-6,4,0,0,0
2025-03-13 15:23:55.863312,13,-5,6,-157,0,0
2025-03-13 15:23:55.907588,11,-3,4,0,0,0
2025-03-13 15:23:55.953872,10,-1,2,0,0,0
2025-03-13 15:23:56.087552,9,0,3,0,0,0
2025-03-13 15:23:56.177503,9,-1,4,0,0,0
2025-03-13 15:23:56.178191,10,-1,3,0,0,0
2025-03-13 15:23:56.267798,12,-1,4,0,0,0
2025-03-13 15:23:56.313410,9,0,3,0,0,0
2025-03-13 15:23:56.447889,9,-1,4,0,0,0
2025-03-13 15:23:56.537340,10,1,2,178,0,0
2025-03-13 15:23:56.537982,9,2,1,0,0,0
2025-03-13 15:23:56.629254,9,2,2,0,0,0
2025-03-13 15:23:57.619083,19,-18,17,162,0,237
2025-03-13 15:23:57.709554,18,-8,16,0,303,331
2025-03-13 15:23:57.844090,17,-12,17,0,305,443
2025-03-13 15:23:57.933835,9,-1,4,0,364,423
2025-03-13 15:23:57.980064,3,2,0,0,332,207
2025-03-13 15:23:58.024768,1,3,-2,0,0,0
2025-03-13 15:23:58.113009,2,4,-3,-160,0,0
2025-03-13 15:23:58.158422,4,6,-5,-157,0,-117
2025-03-13 15:23:58.204531,8,10,-7,0,0,-160
2025-03-13 15:23:58.382736,14,9,-8,0,0,-358
2025-03-13 15:23:58.428925,19,3,-8,0,0,-620
2025-03-13 15:23:58.429562,19,-1,-12,-163,0,-796
2025-03-13 15:23:58.562673,19,-19,-13,0,0,-433
2025-03-13 15:23:58.607812,19,-19,-10,0,0,0
2025-03-13 15:23:58.608351,19,-19,-5,404,0,0
2025-03-13 15:23:58.743729,19,-19,-12,391,0,357
2025-03-13 15:23:58.788593,19,-15,-4,462,0,497
2025-03-13 15:23:58.834294,18,0,-4,348,0,386
2025-03-13 15:23:58.923353,10,2,-2,169,0,273
2025-03-13 15:23:58.969652,6,5,0,0,0,121
2025-03-13 15:23:59.014275,5,6,0,0,0,0
2025-03-13 15:23:59.149121,6,4,0,0,0,-156
2025-03-13 15:23:59.195132,8,2,2,0,0,-303
2025-03-13 15:23:59.238115,15,2,5,175,0,-497
2025-03-13 15:23:59.329585,19,-5,16,0,-338,-720
2025-03-13 15:23:59.372902,19,-9,12,0,-404,-513
2025-03-13 15:23:59.462987,19,-16,7,-192,0,-155
2025-03-13 15:23:59.509914,13,-7,7,-234,0,0
2025-03-13 15:23:59.597748,9,-3,2,0,0,0
2025-03-13 15:23:59.778658,10,-3,3,0,0,0
2025-03-13 15:23:59.913681,10,-1,2,0,0,0
2025-03-13 15:23:59.914681,9,0,3,0,0,0
2025-03-13 15:23:59.959025,11,1,3,0,0,0
2025-03-13 15:23:59.960625,10,2,2,0,0,0
2025-03-13 15:24:00.049751,10,2,3,0,0,0
2025-03-13 15:24:00.183895,8,2,2,0,0,0
2025-03-13 15:24:00.318496,9,1,3,0,0,0
2025-03-13 15:24:00.319235,10,1,3,0,0,0
2025-03-13 15:24:00.363641,9,1,3,0,0,0
2025-03-13 15:24:00.364741,9,1,3,0,0,0
2025-03-13 15:24:01.443417,11,-9,10,0,0,155
2025-03-13 15:24:01.537656,16,-11,18,0,0,271
2025-03-13 15:24:01.579309,19,-15,19,-200,0,329
2025-03-13 15:24:01.628102,16,-10,14,0,0,451
2025-03-13 15:24:01.759132,7,-1,3,0,286,377
2025-03-13 15:24:01.803902,1,1,0,0,0,160
2025-03-13 15:24:01.849693,1,2,-1,0,0,0
2025-03-13 15:24:01.984690,1,4,-2,0,0,0
2025-03-13 15:24:02.074783,5,7,-6,0,0,0
2025-03-13 15:24:02.075822,6,8,-6,0,0,-115
2025-03-13 15:24:02.121333,12,8,-6,0,0,-285
2025-03-13 15:24:02.211450,19,3,-5,0,0,-531
2025-03-13 15:24:02.254747,19,-3,-14,-179,0,-770
2025-03-13 15:24:02.344201,19,-19,-13,0,0,-543
2025-03-13 15:24:02.436066,19,-19,-12,0,0,-180
2025-03-13 15:24:02.479436,19,-19,-9,419,0,0
2025-03-13 15:24:02.569918,19,-19,-11,502,0,293
2025-03-13 15:24:02.615586,19,-10,-7,532,0,440
2025-03-13 15:24:02.751384,17,0,-4,394,0,383
2025-03-13 15:24:02.795318,7,6,-4,197,0,116
2025-03-13 15:24:02.840622,6,6,-3,0,0,0
2025-03-13 15:24:02.928805,4,5,-3,0,0,-104
2025-03-13 15:24:03.020248,5,5,-1,169,0,-247
2025-03-13 15:24:03.109366,14,4,1,185,0,-465
2025-03-13 15:24:03.199631,19,-5,9,0,-366,-588
2025-03-13 15:24:03.245738,19,-13,11,0,-313,-551
2025-03-13 15:24:03.246940,19,-10,12,0,0,-370
2025-03-13 15:24:03.333883,15,-11,13,0,0,0
2025-03-13 15:24:03.424470,9,-3,4,0,0,0
2025-03-13 15:24:03.514408,10,-1,4,0,0,0
2025-03-13 15:24:03.559653,9,0,3,0,0,0
2025-03-13 15:24:03.650132,9,1,3,0,0,0
2025-03-13 15:24:03.740287,9,0,3,0,0,0
2025-03-13 15:24:03.784907,9,1,2,0,0,0
2025-03-13 15:24:03.830645,9,0,3,0,0,0
2025-03-13 15:24:03.919138,9,0,2,0,0,0
2025-03-13 15:24:03.966490,9,0,2,0,0,0
2025-03-13 15:24:04.010133,9,0,2,0,0,0
2025-03-13 15:24:04.099331,10,0,2,0,0,0
2025-03-13 15:24:04.190763,9,0,2,0,0,0
2025-03-13 15:24:06.216329,14,-5,6,0,0,129
2025-03-13 15:24:06.306302,18,-11,12,0,0,247
2025-03-13 15:24:06.350719,19,-16,13,0,0,392
2025-03-13 15:24:06.395441,16,-9,9,0,0,471
2025-03-13 15:24:06.485646,7,-2,2,0,0,348
2025-03-13 15:24:06.574915,0,-1,0,0,0,213
2025-03-13 15:24:06.620814,4,3,0,0,0,0
2025-03-13 15:24:06.666694,6,4,-3,-203,0,0
2025-03-13 15:24:06.800112,7,6,-7,-278,0,0
2025-03-13 15:24:06.844949,8,8,-7,0,0,-125
2025-03-13 15:24:06.935578,12,9,-2,195,0,-284
2025-03-13 15:24:06.981030,19,5,-8,0,0,-691
2025-03-13 15:24:07.026826,19,0,-17,-182,0,-900
2025-03-13 15:24:07.070536,19,-19,-9,238,0,-508
2025-03-13 15:24:07.161030,19,-19,-7,289,0,-123
2025-03-13 15:24:07.296089,19,-19,-1,599,0,154
2025-03-13 15:24:07.388012,19,-14,-4,481,0,348
2025-03-13 15:24:07.431791,19,-9,-1,497,0,377
2025-03-13 15:24:07.432924,11,1,-3,319,0,244
2025-03-13 15:24:07.565484,4,3,0,0,0,0
2025-03-13 15:24:07.655318,3,3,-1,0,0,0
2025-03-13 15:24:07.655872,3,3,-1,0,0,-109
2025-03-13 15:24:07.701585,5,3,-1,0,0,-164
2025-03-13 15:24:07.836266,7,4,0,135,0,-313
2025-03-13 15:24:07.971048,19,5,0,139,-300,-572
2025-03-13 15:24:07.971857,19,-2,6,0,-413,-693
2025-03-13 15:24:08.015725,19,-15,15,264,-297,-470
2025-03-13 15:24:08.151159,19,-6,4,0,0,0
2025-03-13 15:24:08.151920,14,-5,7,0,0,0
2025-03-13 15:24:08.241039,12,-3,4,0,0,0
2025-03-13 15:24:08.285899,10,-1,2,0,0,0
2025-03-13 15:24:08.421149,10,1,2,0,0,0
2025-03-13 15:24:08.510784,8,1,2,-156,0,0
2025-03-13 15:24:08.511789,9,1,3,0,0,0
2025-03-13 15:24:08.601761,11,3,2,0,0,0
2025-03-13 15:24:08.646949,10,2,2,0,0,0
2025-03-13 15:24:08.781145,8,1,3,0,0,0
2025-03-13 15:24:08.826010,10,2,2,0,0,0
2025-03-13 15:24:08.872050,10,2,1,0,0,0
2025-03-13 15:24:09.006187,9,1,2,0,0,0
2025-03-13 15:24:10.040756,14,-8,6,0,0,109
2025-03-13 15:24:10.219897,19,-12,12,0,0,300
2025-03-13 15:24:10.265375,19,-14,12,-190,0,392
2025-03-13 15:24:10.266143,15,-12,12,0,0,525
2025-03-13 15:24:10.309776,8,0,2,0,0,459
2025-03-13 15:24:10.401653,2,2,-2,0,0,252
2025-03-13 15:24:10.490924,2,3,-3,-150,0,0
2025-03-13 15:24:10.627093,3,4,-4,-215,0,0
2025-03-13 15:24:10.673711,8,7,-6,-206,0,-152
2025-03-13 15:24:10.674680,13,12,-8,0,0,-239
2025-03-13 15:24:10.807315,19,11,-7,142,0,-523
2025-03-13 15:24:10.852723,19,6,-12,0,-282,-925
2025-03-13 15:24:10.853886,19,-19,-12,-168,0,-566
2025-03-13 15:24:10.986884,19,-19,-16,277,0,-150
2025-03-13 15:24:11.076676,19,-19,-6,256,0,0
2025-03-13 15:24:11.077199,19,-15,-10,387,0,256
2025-03-13 15:24:11.256969,19,-8,-4,372,0,405
2025-03-13 15:24:11.302032,15,-1,-3,333,0,351
2025-03-13 15:24:11.303365,5,0,0,236,0,205
2025-03-13 15:24:11.393739,3,4,-1,0,0,123
2025-03-13 15:24:11.481959,1,4,0,0,0,0
2025-03-13 15:24:11.571670,2,5,0,0,0,0
2025-03-13 15:24:11.616103,4,6,1,0,0,-198
2025-03-13 15:24:11.661167,5,9,-1,175,0,-382
2025-03-13 15:24:11.795909,19,10,5,0,-465,-670
2025-03-13 15:24:11.886936,19,15,5,202,-367,-634
2025-03-13 15:24:11.887242,19,-2,3,0,0,-543
2025-03-13 15:24:11.931774,19,-2,6,0,0,0
2025-03-13 15:24:12.021562,17,-4,3,-194,0,-122
2025-03-13 15:24:12.067088,11,-4,3,0,0,0
2025-03-13 15:24:12.202670,9,-1,2,0,0,0
2025-03-13 15:24:12.291255,9,0,3,0,0,0
2025-03-13 15:24:12.291923,9,1,5,0,0,0
2025-03-13 15:24:12.426603,8,3,5,0,0,0
2025-03-13 15:24:12.473267,8,4,5,0,0,104
2025-03-13 15:24:12.474393,9,4,5,0,0,0
2025-03-13 15:24:12.562415,7,5,4,0,0,0
2025-03-13 15:24:12.652051,7,4,4,0,0,0
2025-03-13 15:24:12.696753,7,5,4,0,0,0
2025-03-13 15:24:12.786258,7,3,4,0,0,0
2025-03-13 15:24:13.777275,12,-5,15,0,0,179
2025-03-13 15:24:13.869349,14,-8,16,-136,0,268
2025-03-13 15:24:13.914298,15,-8,17,-170,0,332
2025-03-13 15:24:14.047596,9,-5,11,-174,0,306
2025-03-13 15:24:14.136910,6,0,3,-160,0,251
2025-03-13 15:24:14.137994,3,1,0,-209,0,131
2025-03-13 15:24:14.226885,2,4,-2,-191,0,0
2025-03-13 15:24:14.272922,2,6,-5,-159,0,0
2025-03-13 15:24:14.405809,5,8,-7,0,0,-158
2025-03-13 15:24:14.495882,10,8,-3,0,0,-260
2025-03-13 15:24:14.540779,19,9,-2,0,0,-438
2025-03-13 15:24:14.541070,19,4,-4,0,0,-679
2025-03-13 15:24:14.632023,19,-19,-4,0,0,-429
2025-03-13 15:24:14.721596,19,-19,-8,147,0,-211
2025-03-13 15:24:14.857360,15,-19,-8,288,0,147
2025-03-13 15:24:14.947557,18,-19,-8,308,0,208
2025-03-13 15:24:14.948511,19,-13,-7,309,0,371
2025-03-13 15:24:15.037931,16,-5,-1,315,0,408
2025-03-13 15:24:15.083826,8,-1,0,246,0,310
2025-03-13 15:24:15.127534,5,3,0,227,0,196
2025-03-13 15:24:15.217472,1,4,0,199,0,156
2025-03-13 15:24:15.264090,1,9,-3,204,0,0
2025-03-13 15:24:15.352966,4,9,-2,0,0,-229
2025-03-13 15:24:15.442629,9,7,1,0,0,-361
2025-03-13 15:24:15.487656,19,8,8,210,-365,-537
2025-03-13 15:24:15.532647,19,10,10,179,-425,-616
2025-03-13 15:24:15.667701,19,4,18,0,-385,-409
2025-03-13 15:24:15.757694,19,-15,7,-164,0,-101
2025-03-13 15:24:15.758462,13,-5,5,0,0,-148
2025-03-13 15:24:15.894011,12,-5,4,0,0,0
2025-03-13 15:24:15.983154,9,-1,2,0,0,0
2025-03-13 15:24:15.983938,9,0,3,0,0,0
2025-03-13 15:24:16.073171,9,0,3,0,0,0
2025-03-13 15:24:16.118995,9,1,3,0,0,0
2025-03-13 15:24:16.163081,11,2,3,0,0,0
2025-03-13 15:24:16.252586,9,1,3,0,0,0
2025-03-13 15:24:16.299199,8,1,3,0,0,0
2025-03-13 15:24:16.433545,10,0,4,0,0,0
2025-03-13 15:24:16.524112,9,1,2,0,0,0
2025-03-13 15:24:16.525066,9,1,3,0,0,0
2025-03-13 15:24:17.513562,12,-5,8,0,0,115
2025-03-13 15:24:17.603603,10,-5,11,-136,0,178
2025-03-13 15:24:17.651934,8,-11,12,-234,0,199
2025-03-13 15:24:17.736865,9,-15,11,-222,0,314
2025-03-13 15:24:17.872648,7,-11,6,-184,0,347
2025-03-13 15:24:17.918031,4,-5,0,-145,0,312
2025-03-13 15:24:17.963753,2,-1,0,-141,0,251
2025-03-13 15:24:18.052647,0,3,-4,-150,0,0
2025-03-13 15:24:18.097974,0,5,-3,-151,0,0
2025-03-13 15:24:18.232714,1,6,-5,-145,0,0
2025-03-13 15:24:18.277516,5,7,-6,0,0,-189
2025-03-13 15:24:18.322648,10,6,-5,0,0,-297
2025-03-13 15:24:18.413289,19,7,-5,0,0,-484
2025-03-13 15:24:18.458597,19,0,-6,-232,0,-659
2025-03-13 15:24:18.592572,19,-19,-14,290,419,-264
2025-03-13 15:24:18.683247,19,-19,-4,0,0,-182
2025-03-13 15:24:18.683789,14,-19,-11,213,0,0
2025-03-13 15:24:18.819796,19,-12,-16,158,0,185
2025-03-13 15:24:18.907662,19,-11,-7,245,-294,286
2025-03-13 15:24:18.908777,17,-5,-1,440,0,393
2025-03-13 15:24:18.998188,9,3,0,295,0,344
2025-03-13 15:24:19.043554,3,4,0,207,0,165
2025-03-13 15:24:19.088756,2,5,0,252,0,0
2025-03-13 15:24:19.223184,2,8,-1,177,0,0
2025-03-13 15:24:19.313344,1,11,2,275,0,-165
2025-03-13 15:24:19.448441,13,18,-2,0,-354,-452
2025-03-13 15:24:19.449142,19,0,11,0,-385,-702
2025-03-13 15:24:19.628882,19,-3,14,0,0,-469
2025-03-13 15:24:19.630591,19,-14,6,0,0,-225
2025-03-13 15:24:19.674029,15,-2,3,0,0,-110
2025-03-13 15:24:19.676187,11,-4,4,-136,0,0
2025-03-13 15:24:19.808638,10,-2,3,0,0,0
2025-03-13 15:24:19.899648,10,0,4,0,0,0
2025-03-13 15:24:19.900762,11,0,4,0,0,0
2025-03-13 15:24:19.987763,9,0,4,0,0,0
2025-03-13 15:24:20.033642,9,0,4,0,0,0
2025-03-13 15:24:20.123979,10,0,4,0,0,0
2025-03-13 15:24:20.213242,9,2,2,0,0,0
2025-03-13 15:24:20.259586,9,3,3,0,0,0
2025-03-13 15:24:20.349462,9,2,2,0,0,0
2025-03-13 15:24:21.383768,19,-7,8,0,310,323
2025-03-13 15:24:21.428437,15,-3,3,0,389,336
2025-03-13 15:24:21.563766,6,0,0,0,305,194
2025-03-13 15:24:21.653131,4,1,0,0,0,103
2025-03-13 15:24:21.653593,4,4,-4,-246,0,0
2025-03-13 15:24:21.789053,2,6,-6,-370,0,0
2025-03-13 15:24:21.878674,2,8,-9,-263,0,0
2025-03-13 15:24:21.879378,6,12,-10,0,0,-227
2025-03-13 15:24:21.968339,19,11,-7,0,0,-494
2025-03-13 15:24:22.058345,19,3,-19,-192,0,-751
2025-03-13 15:24:22.058887,19,-19,-18,-214,0,-533
2025-03-13 15:24:22.193825,19,-19,-19,0,434,-151
2025-03-13 15:24:22.283834,19,-19,-14,302,0,-134
2025-03-13 15:24:22.284526,17,-19,-14,431,0,150
2025-03-13 15:24:22.373910,18,-13,-9,575,0,342
2025-03-13 15:24:22.418724,13,-1,-4,423,0,356
2025-03-13 15:24:22.553335,7,2,0,237,0,239
2025-03-13 15:24:22.554411,5,2,1,269,0,107
2025-03-13 15:24:22.643115,3,4,1,166,0,0
2025-03-13 15:24:22.733559,3,7,0,0,0,0
2025-03-13 15:24:22.734275,3,7,-1,0,0,-245
2025-03-13 15:24:22.778908,7,10,0,177,0,-386
2025-03-13 15:24:22.825135,19,7,7,154,-325,-667
2025-03-13 15:24:23.004186,19,-2,11,0,-420,-639
2025-03-13 15:24:23.049854,19,-18,9,0,0,-338
2025-03-13 15:24:23.051254,16,-7,6,0,0,-130
2025-03-13 15:24:23.094825,14,-6,4,0,0,-106
2025-03-13 15:24:23.230145,10,-4,3,0,0,0
2025-03-13 15:24:23.275799,9,-1,1,0,0,0
2025-03-13 15:24:23.409935,9,-1,2,0,0,0
2025-03-13 15:24:23.454825,10,0,3,0,0,0
2025-03-13 15:24:23.590545,11,0,3,0,0,0
2025-03-13 15:24:23.591314,9,1,3,0,0,0
2025-03-13 15:24:23.634645,9,0,6,0,0,0
2025-03-13 15:24:23.724913,10,1,3,0,0,0
2025-03-13 15:24:23.815000,9,0,2,0,0,0
2025-03-13 15:24:23.904804,9,0,2,0,0,0
2025-03-13 15:24:23.905244,10,0,2,0,0,0
2025-03-13 15:24:23.994349,9,0,2,0,0,0
2025-03-13 15:24:24.038833,10,0,2,0,0,0
2025-03-13 15:24:25.077004,19,-19,0,-136,0,209
2025-03-13 15:24:25.209620,19,-19,-2,0,0,462
2025-03-13 15:24:25.256613,19,-15,0,210,0,641
2025-03-13 15:24:25.298203,16,4,-1,250,0,644
2025-03-13 15:24:25.434273,3,12,-4,0,0,192
2025-03-13 15:24:25.524662,2,6,-3,-170,0,0
2025-03-13 15:24:25.525330,5,8,-3,0,0,-124
2025-03-13 15:24:25.659644,10,9,-7,0,0,-276
2025-03-13 15:24:25.705049,19,6,-9,-217,0,-487
2025-03-13 15:24:25.706551,19,2,-7,0,0,-494
2025-03-13 15:24:25.838899,19,-6,-11,0,0,-736
2025-03-13 15:24:25.883765,19,-19,-19,0,300,-210
2025-03-13 15:24:25.929198,19,-19,-5,239,-310,-154
2025-03-13 15:24:26.019203,19,-18,-10,377,0,172
2025-03-13 15:24:26.063686,18,-14,-6,388,0,279
2025-03-13 15:24:26.154585,14,-7,-2,439,0,339
2025-03-13 15:24:26.244998,10,-1,1,307,0,275
2025-03-13 15:24:26.289956,6,3,1,225,0,133
2025-03-13 15:24:26.425293,2,2,2,0,0,0
2025-03-13 15:24:26.469744,3,3,2,202,0,0
2025-03-13 15:24:26.470821,4,4,-3,0,0,-120
2025-03-13 15:24:26.604650,4,1,1,0,0,-233
2025-03-13 15:24:26.694715,12,3,4,211,0,-439
2025-03-13 15:24:26.695408,19,-1,9,0,-285,-665
2025-03-13 15:24:26.740369,19,-7,13,0,0,-612
2025-03-13 15:24:26.874696,19,-17,11,142,0,-514
2025-03-13 15:24:26.965086,17,-7,8,0,0,0
2025-03-13 15:24:26.966375,11,-6,2,0,0,-109
2025-03-13 15:24:27.010717,9,-5,3,0,0,0
2025-03-13 15:24:27.100916,9,-2,3,0,0,0
2025-03-13 15:24:27.146705,11,0,3,0,0,0
2025-03-13 15:24:27.282276,10,1,3,0,0,0
2025-03-13 15:24:27.416459,9,1,4,0,0,0
2025-03-13 15:24:27.460582,10,1,4,0,0,0
2025-03-13 15:24:27.461392,11,1,2,0,0,0
2025-03-13 15:24:27.596250,8,0,2,0,0,0
2025-03-13 15:24:27.641362,9,0,2,0,0,0
2025-03-13 15:24:27.686490,10,0,2,0,0,0
2025-03-13 15:24:27.821001,9,-1,2,0,0,0
2025-03-13 15:24:28.946413,9,0,2,0,0,0
2025-03-13 15:24:28.947818,14,-12,2,0,0,0
2025-03-13 15:24:29.038079,19,-19,3,0,0,292
2025-03-13 15:24:29.080615,19,-18,3,0,0,431
2025-03-13 15:24:29.126607,19,-12,4,0,0,529
2025-03-13 15:24:29.216172,12,-4,0,0,0,468
2025-03-13 15:24:29.261967,3,-2,3,0,0,387
2025-03-13 15:24:29.440424,8,9,-3,0,337,154
2025-03-13 15:24:29.530260,5,7,-4,0,327,0
2025-03-13 15:24:29.530634,5,7,-5,-172,0,0
2025-03-13 15:24:29.531796,7,12,-8,0,0,-154
2025-03-13 15:24:29.620566,17,10,-9,0,0,-445
2025-03-13 15:24:29.669665,19,2,-8,0,0,-614
2025-03-13 15:24:29.710335,19,0,-12,0,0,-730
2025-03-13 15:24:29.844802,19,-19,-18,-149,0,-346
2025-03-13 15:24:29.890871,19,-19,-14,178,0,-224
2025-03-13 15:24:29.937126,18,-19,-15,283,0,0
2025-03-13 15:24:30.026127,19,-14,-12,398,0,254
2025-03-13 15:24:30.070867,19,-9,-5,479,0,336
2025-03-13 15:24:30.117023,12,-3,-4,537,0,328
2025-03-13 15:24:30.295636,5,0,-1,263,0,137
2025-03-13 15:24:30.340896,4,1,0,0,0,0
2025-03-13 15:24:30.342007,4,2,2,0,0,0
2025-03-13 15:24:30.432598,5,4,0,167,0,0
2025-03-13 15:24:30.475938,2,2,1,177,0,-187
2025-03-13 15:24:30.565647,6,2,4,222,0,-404
2025-03-13 15:24:30.701996,19,0,10,0,-349,-618
2025-03-13 15:24:30.747149,19,-3,10,0,-342,-640
2025-03-13 15:24:30.792384,19,0,5,0,-362,-548
2025-03-13 15:24:30.880018,15,-19,8,0,0,-140
2025-03-13 15:24:30.926409,12,-5,0,0,0,0
2025-03-13 15:24:31.107540,11,-7,3,0,0,0
2025-03-13 15:24:31.151914,10,-3,4,0,0,0
2025-03-13 15:24:31.153350,10,0,2,0,0,0
2025-03-13 15:24:31.196752,10,1,4,0,0,0
2025-03-13 15:24:31.285876,12,3,2,0,0,0
2025-03-13 15:24:31.375598,8,3,2,0,0,0
2025-03-13 15:24:31.420631,9,2,3,0,0,0
2025-03-13 15:24:31.511991,10,3,1,0,0,0
2025-03-13 15:24:31.557090,8,1,2,0,0,0
2025-03-13 15:24:31.693146,9,1,2,0,0,0
2025-03-13 15:24:35.516792,12,-8,5,0,0,0
2025-03-13 15:24:35.562922,19,-7,10,239,0,279
2025-03-13 15:24:35.697698,19,-16,11,-160,0,319
2025-03-13 15:24:35.787189,19,-17,11,0,0,430
2025-03-13 15:24:35.788390,16,-3,3,174,306,425
2025-03-13 15:24:35.875855,6,1,0,0,287,271
2025-03-13 15:24:35.922095,3,3,-1,0,297,147
2025-03-13 15:24:36.013059,4,5,-2,-206,0,0
2025-03-13 15:24:36.102078,3,6,-3,-202,0,0
2025-03-13 15:24:36.192311,6,11,-8,-157,0,0
2025-03-13 15:24:36.193040,12,12,-8,0,0,-316
2025-03-13 15:24:36.283703,19,6,-9,0,0,-590
2025-03-13 15:24:36.328105,19,1,-10,-221,0,-805
2025-03-13 15:24:36.371264,19,-19,-9,0,0,-607
2025-03-13 15:24:36.509079,19,-17,-12,135,0,-190
2025-03-13 15:24:36.552702,19,-19,-4,278,0,0
2025-03-13 15:24:36.598059,19,-19,-11,464,0,228
2025-03-13 15:24:36.733900,19,-12,-3,473,0,438
2025-03-13 15:24:36.778031,19,-3,-4,478,0,415
2025-03-13 15:24:36.779262,10,2,-1,140,0,282
2025-03-13 15:24:36.914205,5,2,0,0,0,148
2025-03-13 15:24:36.958114,3,2,1,0,0,0
2025-03-13 15:24:37.092833,3,5,0,163,0,0
2025-03-13 15:24:37.137335,2,5,2,192,0,-234
2025-03-13 15:24:37.181765,14,4,4,242,0,-505
2025-03-13 15:24:37.317740,19,0,12,166,0,-731
2025-03-13 15:24:37.409465,19,-6,15,0,-307,-621
2025-03-13 15:24:37.410348,19,-19,7,0,0,-477
2025-03-13 15:24:37.542561,19,-11,8,0,0,0
2025-03-13 15:24:37.588534,10,-6,1,0,0,0
2025-03-13 15:24:37.590198,9,-4,3,0,0,0
2025-03-13 15:24:37.677402,9,-1,3,0,0,0
2025-03-13 15:24:37.769483,9,0,3,0,0,0
2025-03-13 15:24:37.812690,11,1,3,0,0,0
2025-03-13 15:24:37.948097,11,1,4,0,0,0
2025-03-13 15:24:38.127879,8,1,3,0,0,0
2025-03-13 15:24:38.128723,9,2,3,0,0,0
2025-03-13 15:24:38.172868,10,1,2,0,0,0
2025-03-13 15:24:38.218874,9,0,3,0,0,0
2025-03-13 15:24:39.387622,9,0,2,0,0,0
2025-03-13 15:24:39.389055,12,-10,8,0,0,0
2025-03-13 15:24:39.432630,19,-15,15,330,0,346
2025-03-13 15:24:39.433708,15,-8,19,0,0,346
2025-03-13 15:24:39.567430,17,-11,16,0,309,410
2025-03-13 15:24:39.657472,13,-2,3,154,421,355
2025-03-13 15:24:39.658195,4,5,-4,0,395,152
2025-03-13 15:24:39.747954,1,5,-4,-186,0,0
2025-03-13 15:24:39.793833,3,5,-7,-272,0,-150
2025-03-13 15:24:39.928485,7,8,-8,-276,0,-192
2025-03-13 15:24:39.972308,12,11,-9,0,0,-331
2025-03-13 15:24:40.017665,19,5,-2,0,0,-574
2025-03-13 15:24:40.197555,19,2,-11,0,0,-609
2025-03-13 15:24:40.332411,19,-19,-13,0,0,-666
2025-03-13 15:24:40.333169,19,-19,-19,0,0,-107
2025-03-13 15:24:40.378775,19,-19,-13,418,-316,0
2025-03-13 15:24:40.422537,19,-11,-12,475,0,241
2025-03-13 15:24:40.556045,17,-7,-4,586,0,363
2025-03-13 15:24:40.646728,10,0,-4,463,0,314
2025-03-13 15:24:40.647175,8,3,0,283,0,112
2025-03-13 15:24:40.737597,4,3,0,0,0,0
2025-03-13 15:24:40.781423,5,2,0,151,0,0
2025-03-13 15:24:40.917627,3,1,0,195,0,-145
2025-03-13 15:24:40.961722,3,5,2,245,0,-343
2025-03-13 15:24:41.006868,19,1,9,0,-401,-586
2025-03-13 15:24:41.051035,19,-3,12,0,-357,-654
2025-03-13 15:24:41.187198,19,-6,2,0,-342,-511
2025-03-13 15:24:41.275885,19,-19,10,0,0,-290
2025-03-13 15:24:41.276905,14,-5,2,0,0,0
2025-03-13 15:24:41.365898,10,-5,1,-150,0,0
2025-03-13 15:24:41.455194,10,-5,4,0,0,0
2025-03-13 15:24:41.455784,10,-1,3,0,0,0
2025-03-13 15:24:41.547468,9,0,2,0,0,0
2025-03-13 15:24:41.590647,11,1,1,0,0,0
2025-03-13 15:24:41.769969,11,-1,4,0,0,0
2025-03-13 15:24:41.814808,9,0,2,0,0,0
2025-03-13 15:24:41.814985,10,0,2,0,0,0
2025-03-13 15:24:41.949182,10,0,1,0,0,0
2025-03-13 15:24:42.040280,9,0,2,0,0,0
2025-03-13 15:24:42.040816,10,0,2,0,0,0
2025-03-13 15:24:42.130102,10,0,1,0,0,0
2025-03-13 15:24:43.253498,12,-10,2,0,0,98
2025-03-13 15:24:43.343561,15,-16,4,0,0,184
2025-03-13 15:24:43.388571,19,-19,3,0,0,367
2025-03-13 15:24:43.522504,19,-17,3,0,0,457
2025-03-13 15:24:43.567895,13,-7,1,182,0,401
2025-03-13 15:24:43.702745,7,-1,0,144,0,310
2025-03-13 15:24:43.748562,6,2,0,0,0,213
2025-03-13 15:24:43.792378,6,5,-1,0,0,0
2025-03-13 15:24:43.839307,4,6,-4,-189,0,0
2025-03-13 15:24:43.884014,3,6,-6,-218,0,0
2025-03-13 15:24:43.971908,6,12,-8,0,0,-145
2025-03-13 15:24:44.107159,17,9,-10,0,0,-450
2025-03-13 15:24:44.151644,19,1,-15,0,0,-629
2025-03-13 15:24:44.152723,19,1,-13,0,0,-646
2025-03-13 15:24:44.331869,19,-19,-8,401,0,-577
2025-03-13 15:24:44.376734,19,-19,-7,0,0,-122
2025-03-13 15:24:44.377872,19,-19,-5,482,0,0
2025-03-13 15:24:44.467288,19,-12,-5,475,0,225
2025-03-13 15:24:44.512591,18,-9,-3,468,0,324
2025-03-13 15:24:44.556624,12,-4,-1,350,0,302
2025-03-13 15:24:44.691329,9,0,0,314,0,201
2025-03-13 15:24:44.737095,5,5,-2,179,0,0
2025-03-13 15:24:44.781676,5,5,1,0,0,0
2025-03-13 15:24:44.826268,6,7,1,189,0,-178
2025-03-13 15:24:44.915095,7,7,0,220,0,-385
2025-03-13 15:24:44.961821,19,2,5,0,0,-651
2025-03-13 15:24:45.140695,19,-10,8,0,0,-706
2025-03-13 15:24:45.186092,19,-19,12,0,0,-318
2025-03-13 15:24:45.187373,19,-13,1,0,0,-214
2025-03-13 15:24:45.319527,14,-9,4,0,0,-134
2025-03-13 15:24:45.409503,11,-7,2,0,0,0
2025-03-13 15:24:45.410090,9,-5,2,0,0,0
2025-03-13 15:24:45.455692,9,-3,1,0,0,0
2025-03-13 15:24:45.589649,10,-2,1,0,0,0
2025-03-13 15:24:45.635597,11,-1,1,0,0,0
2025-03-13 15:24:45.636710,11,-1,2,0,0,0
2025-03-13 15:24:45.724805,10,-1,2,0,0,102
2025-03-13 15:24:45.950194,10,0,2,0,0,0
2025-03-13 15:24:47.343413,10,0,1,0,0,0
2025-03-13 15:24:47.344076,8,0,2,0,0,0
2025-03-13 15:24:47.345355,13,-15,4,0,0,111
2025-03-13 15:24:47.432383,19,-19,6,0,0,326
2025-03-13 15:24:47.476160,19,-19,6,0,0,457
2025-03-13 15:24:47.566717,17,-6,2,188,0,419
2025-03-13 15:24:47.612371,9,-1,0,0,0,296
2025-03-13 15:24:47.746659,5,4,-2,0,0,170
2025-03-13 15:24:47.926384,4,5,-4,-226,0,0
2025-03-13 15:24:47.972617,3,6,-4,-222,0,0
2025-03-13 15:24:47.973509,4,9,-6,0,0,-118
2025-03-13 15:24:47.974380,10,8,-6,0,0,-332
2025-03-13 15:24:48.106827,19,4,-9,0,0,-591
2025-03-13 15:24:48.151732,19,-1,-8,0,0,-690
2025-03-13 15:24:48.152723,19,-14,-3,0,0,-619
2025-03-13 15:24:48.286498,19,-13,-10,424,0,-179
2025-03-13 15:24:48.376922,19,-18,1,365,0,-99
2025-03-13 15:24:48.378065,19,-17,-2,468,0,162
2025-03-13 15:24:48.510635,19,-15,-3,286,0,322
2025-03-13 15:24:48.556726,19,-10,0,269,0,393
2025-03-13 15:24:48.645822,17,-1,0,305,0,324
2025-03-13 15:24:48.646096,9,2,-2,141,312,175
2025-03-13 15:24:48.735006,4,2,0,0,0,0
2025-03-13 15:24:48.781872,3,3,0,149,0,0
2025-03-13 15:24:48.915169,3,2,0,187,0,-129
2025-03-13 15:24:48.959842,4,2,1,275,0,-307
2025-03-13 15:24:48.961033,17,1,9,234,0,-607
2025-03-13 15:24:49.097111,19,-6,15,163,0,-637
2025-03-13 15:24:49.140015,19,-5,13,0,-299,-529
2025-03-13 15:24:49.185932,19,-19,9,0,-299,-380
2025-03-13 15:24:49.230502,14,-6,8,0,0,0
2025-03-13 15:24:49.319685,9,-3,1,0,0,0
2025-03-13 15:24:49.365542,10,-4,5,0,0,0
2025-03-13 15:24:49.544580,9,-1,4,0,0,0
2025-03-13 15:24:49.589521,9,1,2,0,0,0
2025-03-13 15:24:49.590609,10,0,3,0,0,0
2025-03-13 15:24:49.635071,11,1,3,0,0,0
2025-03-13 15:24:49.723560,8,2,3,0,0,0
2025-03-13 15:24:49.813910,9,1,3,0,0,0
2025-03-13 15:24:49.904100,9,1,3,0,0,0
2025-03-13 15:24:49.948968,9,0,3,0,0,0
2025-03-13 15:24:49.993546,9,0,2,0,0,0
2025-03-13 15:24:51.568577,12,-10,5,0,0,106
2025-03-13 15:24:51.612151,16,-19,8,0,0,254
2025-03-13 15:24:51.746652,19,-19,9,0,0,407
2025-03-13 15:24:51.791878,14,-7,4,0,0,447
2025-03-13 15:24:51.837985,8,-2,2,0,0,368
2025-03-13 15:24:51.926907,4,2,-1,0,0,212
2025-03-13 15:24:51.971754,5,3,-2,-147,0,0
2025-03-13 15:24:52.016046,2,2,-7,-339,0,0
2025-03-13 15:24:52.105429,2,6,-7,0,0,0
2025-03-13 15:24:52.151889,3,9,-7,0,0,-133
2025-03-13 15:24:52.240708,12,7,-7,0,0,-377
2025-03-13 15:24:52.285759,19,1,-9,0,0,-619
2025-03-13 15:24:52.376022,19,-10,-4,0,0,-662
2025-03-13 15:24:52.511084,19,-19,-11,249,0,-307
2025-03-13 15:24:52.555791,17,-19,-4,281,0,0
2025-03-13 15:24:52.600670,16,-19,-2,392,0,217
2025-03-13 15:24:52.645725,19,-19,-2,342,0,426
2025-03-13 15:24:52.735188,18,-9,1,333,0,439
2025-03-13 15:24:52.780741,12,0,0,341,0,372
2025-03-13 15:24:52.914540,5,6,-4,248,0,173
2025-03-13 15:24:53.005099,4,4,0,0,0,0
2025-03-13 15:24:53.006694,3,4,1,0,0,-112
2025-03-13 15:24:53.184413,3,5,3,160,0,-222
2025-03-13 15:24:53.185097,4,6,6,237,0,-315
2025-03-13 15:24:53.319780,14,3,6,196,0,-513
2025-03-13 15:24:53.320784,19,-7,14,0,0,-537
2025-03-13 15:24:53.408901,19,-6,8,0,0,-438
2025-03-13 15:24:53.409249,19,-18,12,0,0,-288
2025-03-13 15:24:53.545395,15,-7,4,0,0,0
2025-03-13 15:24:53.633754,10,-4,1,0,0,0
2025-03-13 15:24:53.768336,12,-4,4,0,0,0
2025-03-13 15:24:53.769047,10,-2,3,0,0,0
2025-03-13 15:24:53.858659,10,-1,3,0,0,0
2025-03-13 15:24:53.859765,10,-2,4,0,0,0
2025-03-13 15:24:53.996005,11,0,4,0,0,0
2025-03-13 15:24:54.130078,10,0,3,0,0,0
2025-03-13 15:24:54.131398,10,1,3,161,0,0
2025-03-13 15:24:54.218730,10,2,0,0,0,0
2025-03-13 15:24:54.219791,9,0,0,0,0,0
2025-03-13 15:24:54.354388,9,0,1,0,0,0
