2025-03-10 12:46:22.749533,11,4,10,0,0,0
2025-03-10 12:46:22.793335,18,7,9,0,0,-340
2025-03-10 12:46:22.884459,19,3,14,0,185,-391
2025-03-10 12:46:22.929315,19,-7,12,-364,389,-380
2025-03-10 12:46:23.019427,19,-6,-1,-437,565,0
2025-03-10 12:46:23.153548,15,0,-7,0,338,0
2025-03-10 12:46:23.199474,8,2,-11,0,0,0
2025-03-10 12:46:23.333434,14,2,-6,248,-176,0
2025-03-10 12:46:23.378467,19,-6,2,0,-352,0
2025-03-10 12:46:23.378699,19,-4,-1,295,-485,0
2025-03-10 12:46:23.424497,19,-5,-4,0,-596,322
2025-03-10 12:46:23.469549,19,-12,-6,0,-612,465
2025-03-10 12:46:23.558467,19,-16,-18,0,-526,608
2025-03-10 12:46:23.649522,19,-14,-7,0,-371,554
2025-03-10 12:46:23.695538,19,3,-2,0,0,437
2025-03-10 12:46:23.784499,13,9,3,0,0,276
2025-03-10 12:46:24.100371,6,19,5,0,0,0
2025-03-10 12:46:24.144709,6,13,5,0,0,0
2025-03-10 12:46:24.144953,7,1,0,0,0,-316
2025-03-10 12:46:24.145139,10,-9,-1,0,0,-389
2025-03-10 12:46:24.145366,15,-15,-3,0,0,-487
2025-03-10 12:46:24.233488,19,-19,0,0,0,-386
2025-03-10 12:46:24.278440,19,-16,0,0,0,-361
2025-03-10 12:46:24.324524,15,-18,5,0,0,-355
2025-03-10 12:46:24.414699,15,-14,1,0,166,-232
2025-03-10 12:46:24.459504,13,-11,1,0,0,-206
2025-03-10 12:46:24.549605,9,-10,1,0,0,0
2025-03-10 12:46:24.773202,9,-6,1,0,0,0
2025-03-10 12:46:24.818278,9,-3,2,0,0,0
2025-03-10 12:46:24.821515,8,-1,1,0,0,0
2025-03-10 12:46:24.821673,10,-3,3,0,0,0
2025-03-10 12:46:24.909717,9,-1,3,0,0,0
2025-03-10 12:46:24.999596,11,-2,4,0,0,0
2025-03-10 12:46:25.044130,7,-2,3,0,0,0
2025-03-10 12:46:25.179676,8,-2,3,0,0,0
2025-03-10 12:46:25.224390,9,-1,3,0,0,0
2025-03-10 12:46:25.314472,9,-2,3,0,0,0
2025-03-10 12:46:25.359582,8,-2,3,0,0,0
2025-03-10 12:46:25.449292,9,-1,2,0,0,0
2025-03-10 12:46:25.494535,9,-2,2,0,0,0
2025-03-10 12:46:29.813436,11,7,8,0,0,0
2025-03-10 12:46:29.904326,17,7,11,0,211,-256
2025-03-10 12:46:29.949593,19,2,18,0,238,-396
2025-03-10 12:46:30.174448,19,-5,3,-406,449,-510
2025-03-10 12:46:30.264569,18,-12,-1,-437,399,0
2025-03-10 12:46:30.264793,10,-1,-11,0,164,0
2025-03-10 12:46:30.265104,10,0,-7,0,0,0
2025-03-10 12:46:30.354700,14,-1,-4,0,-218,0
2025-03-10 12:46:30.399691,19,-3,0,342,-383,0
2025-03-10 12:46:30.489475,19,-4,3,0,-478,221
2025-03-10 12:46:30.534300,19,-7,0,0,-635,332
2025-03-10 12:46:30.623424,19,-5,-6,0,-618,319
2025-03-10 12:46:30.849579,19,-2,-17,0,-707,311
2025-03-10 12:46:30.851432,19,0,-3,0,-496,238
2025-03-10 12:46:30.851652,14,9,6,0,-242,0
2025-03-10 12:46:30.894446,7,13,12,0,0,0
2025-03-10 12:46:30.984404,6,8,10,0,0,0
2025-03-10 12:46:31.029489,5,2,2,0,263,0
2025-03-10 12:46:31.119451,10,-5,-4,0,322,-293
2025-03-10 12:46:31.164941,15,-13,-7,0,255,-332
2025-03-10 12:46:31.389734,15,-14,-6,0,143,-298
2025-03-10 12:46:31.391278,15,-18,-4,0,0,-261
2025-03-10 12:46:31.391466,12,-13,-5,0,0,-218
2025-03-10 12:46:31.523233,11,-14,-2,0,0,0
2025-03-10 12:46:31.614325,11,-13,-2,0,0,0
2025-03-10 12:46:31.614500,9,-13,-2,0,0,0
2025-03-10 12:46:31.704344,7,-9,0,0,0,0
2025-03-10 12:46:31.749401,9,-5,2,0,0,0
2025-03-10 12:46:31.839484,10,-4,2,0,0,0
2025-03-10 12:46:31.974854,10,-4,2,0,0,0
2025-03-10 12:46:32.065646,9,-2,2,0,0,0
2025-03-10 12:46:32.109557,9,-2,4,0,0,0
2025-03-10 12:46:32.109787,8,0,3,0,0,0
2025-03-10 12:46:32.200396,9,0,2,0,0,0
2025-03-10 12:46:32.244471,9,0,2,0,0,0
2025-03-10 12:46:32.334133,9,-1,4,0,0,0
2025-03-10 12:46:32.423490,8,-1,3,0,0,0
2025-03-10 12:46:32.604340,10,-1,3,0,0,0
2025-03-10 12:46:32.606339,9,-2,3,0,0,0
2025-03-10 12:46:32.606642,9,-2,3,0,0,0
2025-03-10 12:46:34.989603,11,9,9,0,0,0
2025-03-10 12:46:35.169638,19,5,10,0,0,-324
2025-03-10 12:46:35.259446,19,0,15,0,190,-454
2025-03-10 12:46:35.259662,19,-8,6,-479,525,-340
2025-03-10 12:46:35.349439,19,-10,-5,-646,630,0
2025-03-10 12:46:35.395487,13,1,-8,0,163,0
2025-03-10 12:46:35.440430,9,5,-13,0,0,0
2025-03-10 12:46:35.709369,9,1,-6,0,0,0
2025-03-10 12:46:35.754375,16,-1,0,0,-241,0
2025-03-10 12:46:35.754509,19,-6,5,241,-408,0
2025-03-10 12:46:35.754623,19,-12,5,0,-441,235
2025-03-10 12:46:35.799830,19,-13,2,0,-601,374
2025-03-10 12:46:35.843456,19,-19,-9,0,-850,511
2025-03-10 12:46:36.024423,19,-16,-9,0,-606,496
2025-03-10 12:46:36.068656,19,2,-2,0,-212,370
2025-03-10 12:46:36.113470,14,7,5,0,-204,0
2025-03-10 12:46:36.159539,7,11,4,0,0,0
2025-03-10 12:46:36.205390,4,9,6,0,0,0
2025-03-10 12:46:36.248419,1,5,3,0,0,0
2025-03-10 12:46:36.384360,4,1,0,0,0,-286
2025-03-10 12:46:36.429532,11,-7,-3,0,0,-406
2025-03-10 12:46:36.519781,12,-19,-4,0,147,-298
2025-03-10 12:46:36.609775,11,-19,-2,0,0,-292
2025-03-10 12:46:36.744313,12,-15,-1,0,0,-287
2025-03-10 12:46:36.790486,16,-12,-1,0,0,-387
2025-03-10 12:46:36.790780,12,-14,0,0,0,-235
2025-03-10 12:46:36.835617,13,-10,1,0,0,-208
2025-03-10 12:46:37.013317,9,-8,0,0,0,0
2025-03-10 12:46:37.103395,9,-8,2,0,0,0
2025-03-10 12:46:37.103571,8,-5,1,0,0,0
2025-03-10 12:46:37.194296,12,-4,2,0,0,0
2025-03-10 12:46:37.194534,9,-2,3,0,0,0
2025-03-10 12:46:37.239657,8,0,3,0,0,0
2025-03-10 12:46:37.373532,10,0,3,0,0,0
2025-03-10 12:46:37.464531,9,-1,3,0,0,0
2025-03-10 12:46:37.554593,9,0,4,0,0,0
2025-03-10 12:46:37.554980,8,-1,3,0,0,0
2025-03-10 12:46:37.598302,9,-1,3,0,0,0
2025-03-10 12:46:37.690676,9,-2,2,0,0,0
2025-03-10 12:46:37.779579,9,-2,2,0,0,0
2025-03-10 12:46:39.714397,13,0,9,0,0,0
2025-03-10 12:46:39.759659,16,2,4,0,0,-275
2025-03-10 12:46:39.984499,19,0,12,0,0,-368
2025-03-10 12:46:40.075549,19,1,7,0,394,-359
2025-03-10 12:46:40.075719,19,0,-4,-532,675,-314
2025-03-10 12:46:40.076025,8,-7,-10,-278,438,0
2025-03-10 12:46:40.163589,9,-3,-8,311,0,0
2025-03-10 12:46:40.254593,10,-2,-6,0,-202,0
2025-03-10 12:46:40.343384,18,-4,-3,0,-288,0
2025-03-10 12:46:40.389474,19,-3,-4,0,-388,0
2025-03-10 12:46:40.389765,19,-8,-5,0,-505,288
2025-03-10 12:46:40.434533,19,-14,-13,0,-668,414
2025-03-10 12:46:40.524466,19,-19,-19,0,-710,480
2025-03-10 12:46:40.569941,19,-19,-19,264,-629,448
2025-03-10 12:46:40.704576,19,4,-1,398,-278,346
2025-03-10 12:46:40.794573,19,10,1,0,-182,289
2025-03-10 12:46:40.794779,8,11,1,0,0,0
2025-03-10 12:46:40.839497,5,18,9,0,0,0
2025-03-10 12:46:40.929929,6,8,4,0,0,-302
2025-03-10 12:46:40.974475,8,-2,-2,0,187,-326
2025-03-10 12:46:41.155390,10,-16,-6,0,0,-407
2025-03-10 12:46:41.199428,12,-19,-7,0,0,-374
2025-03-10 12:46:41.199674,13,-19,-4,0,0,-333
2025-03-10 12:46:41.244622,13,-18,-3,0,0,-287
2025-03-10 12:46:41.290869,7,-17,-3,0,140,0
2025-03-10 12:46:41.379705,7,-14,-6,0,190,0
2025-03-10 12:46:41.516465,8,-8,0,0,182,0
2025-03-10 12:46:41.604438,13,-7,0,0,0,0
2025-03-10 12:46:41.604579,10,-13,5,0,0,0
2025-03-10 12:46:41.649445,10,-8,2,0,0,0
2025-03-10 12:46:41.784229,8,-3,1,0,0,0
2025-03-10 12:46:41.874230,9,-2,1,0,0,0
2025-03-10 12:46:41.964427,10,-1,1,0,0,0
2025-03-10 12:46:42.054210,10,1,2,0,0,0
2025-03-10 12:46:42.054381,10,0,2,0,0,0
2025-03-10 12:46:42.144550,8,0,2,0,0,0
2025-03-10 12:46:42.280507,9,-1,2,0,0,0
2025-03-10 12:46:42.324503,10,-3,3,0,0,0
2025-03-10 12:46:42.324765,9,-3,2,0,0,0
2025-03-10 12:46:42.414586,10,-3,2,0,0,0
2025-03-10 12:46:43.764611,13,6,4,0,0,0
2025-03-10 12:46:43.810437,19,2,7,0,0,-399
2025-03-10 12:46:43.854518,19,0,4,-229,381,-329
2025-03-10 12:46:43.944503,19,-7,0,-547,640,0
2025-03-10 12:46:44.079187,12,-5,-2,0,483,0
2025-03-10 12:46:44.169457,10,0,-6,0,0,0
2025-03-10 12:46:44.169952,7,0,-8,0,0,0
2025-03-10 12:46:44.214418,12,-1,-4,0,-239,0
2025-03-10 12:46:44.484355,19,-4,-2,0,-266,0
2025-03-10 12:46:44.529951,19,-9,-1,0,-431,0
2025-03-10 12:46:44.530341,19,-10,-4,0,-628,448
2025-03-10 12:46:44.530624,19,-15,-14,0,-604,469
2025-03-10 12:46:44.575451,19,-19,-13,0,-567,545
2025-03-10 12:46:44.755629,19,-3,-1,272,-203,466
2025-03-10 12:46:44.799850,18,5,2,0,0,391
2025-03-10 12:46:44.800116,11,15,5,0,0,0
2025-03-10 12:46:44.889414,5,19,4,0,0,0
2025-03-10 12:46:44.934257,4,6,3,0,0,-313
2025-03-10 12:46:45.071012,6,-4,0,0,0,-369
2025-03-10 12:46:45.159746,7,-16,1,0,0,-328
2025-03-10 12:46:45.204448,6,-18,-1,0,0,-300
2025-03-10 12:46:45.294466,9,-17,0,0,0,-255
2025-03-10 12:46:45.339360,10,-16,0,0,0,-260
2025-03-10 12:46:45.519786,12,-14,-2,0,0,-294
2025-03-10 12:46:45.564464,10,-14,1,0,0,-229
2025-03-10 12:46:45.564645,9,-8,-1,0,0,-248
2025-03-10 12:46:45.654532,13,-9,2,0,0,-280
2025-03-10 12:46:45.699599,11,-12,6,0,0,0
2025-03-10 12:46:45.835605,8,-8,2,0,0,0
2025-03-10 12:46:45.879899,8,-4,1,0,0,0
2025-03-10 12:46:45.924324,11,-3,2,0,0,0
2025-03-10 12:46:46.015402,9,-1,2,0,0,0
2025-03-10 12:46:46.059306,10,0,2,0,0,0
2025-03-10 12:46:46.194614,9,0,2,0,0,0
2025-03-10 12:46:46.239332,9,-1,2,0,0,0
2025-03-10 12:46:46.285355,9,0,1,0,0,0
2025-03-10 12:46:46.509741,8,-3,3,0,0,0
2025-03-10 12:46:46.512393,11,-3,3,0,0,0
2025-03-10 12:46:46.512514,10,-3,2,0,0,0
2025-03-10 12:46:46.554597,8,-3,2,0,0,0
2025-03-10 12:46:47.770389,12,5,8,0,0,0
2025-03-10 12:46:47.859750,15,11,11,0,216,0
2025-03-10 12:46:47.905619,19,10,5,0,170,-449
2025-03-10 12:46:48.039510,19,-7,2,-472,414,-413
2025-03-10 12:46:48.084560,19,-16,-4,-306,759,0
2025-03-10 12:46:48.174607,16,-3,-15,245,139,0
2025-03-10 12:46:48.309615,10,-8,-11,0,-252,0
2025-03-10 12:46:48.354582,19,-5,-16,0,-289,0
2025-03-10 12:46:48.399311,19,-15,-13,0,-446,0
2025-03-10 12:46:48.445658,19,-17,-19,0,-687,215
2025-03-10 12:46:48.535597,19,-19,-19,0,-736,297
2025-03-10 12:46:48.625573,19,-19,-19,0,-630,478
2025-03-10 12:46:48.714392,19,-9,-6,0,-359,460
2025-03-10 12:46:48.760355,19,9,-1,0,-171,359
2025-03-10 12:46:48.804374,18,19,10,0,-138,258
2025-03-10 12:46:48.894302,8,19,9,0,0,0
2025-03-10 12:46:49.029669,5,6,3,0,0,-230
2025-03-10 12:46:49.075715,4,-1,0,0,148,-283
2025-03-10 12:46:49.076163,6,-9,-4,0,157,-331
2025-03-10 12:46:49.119324,6,-14,-5,0,0,-324
2025-03-10 12:46:49.209486,11,-15,1,0,0,-346
2025-03-10 12:46:49.299355,11,-19,4,0,0,-336
2025-03-10 12:46:49.389407,10,-19,1,0,137,-273
2025-03-10 12:46:49.435431,15,-15,0,0,145,-353
2025-03-10 12:46:49.524566,13,-14,2,0,183,-248
2025-03-10 12:46:49.659329,14,-11,2,0,178,-257
2025-03-10 12:46:49.704438,5,-12,4,0,0,0
2025-03-10 12:46:49.704566,8,-7,1,0,0,0
2025-03-10 12:46:49.749428,8,-5,0,0,0,0
2025-03-10 12:46:49.795418,8,-5,1,0,0,0
2025-03-10 12:46:49.929419,8,-3,2,0,0,0
2025-03-10 12:46:49.974355,10,-2,3,0,0,0
2025-03-10 12:46:50.019348,10,-3,4,0,0,0
2025-03-10 12:46:50.109464,9,0,3,0,0,0
2025-03-10 12:46:50.154390,7,-1,5,0,0,0
2025-03-10 12:46:50.290105,9,-2,4,0,0,0
2025-03-10 12:46:50.334556,9,-4,2,0,0,0
2025-03-10 12:46:50.379411,8,-6,3,0,0,0
2025-03-10 12:46:50.469376,8,-4,3,0,0,0
2025-03-10 12:46:50.514291,8,-3,3,0,0,0
2025-03-10 12:46:51.820600,11,8,10,0,0,0
2025-03-10 12:46:51.866277,14,13,4,0,170,0
2025-03-10 12:46:51.910645,19,1,15,0,224,-330
2025-03-10 12:46:52.090648,19,-11,12,0,468,-241
2025-03-10 12:46:52.137309,19,-12,2,0,522,0
2025-03-10 12:46:52.137471,15,-5,-8,0,254,0
2025-03-10 12:46:52.316589,8,-8,-10,0,0,0
2025-03-10 12:46:52.360467,14,-3,-10,0,-155,0
2025-03-10 12:46:52.360649,19,-8,-3,0,-284,0
2025-03-10 12:46:52.404600,19,-15,-2,0,-513,239
2025-03-10 12:46:52.495557,19,-19,0,0,-722,278
2025-03-10 12:46:52.540799,19,-19,-6,0,-708,367
2025-03-10 12:46:52.631676,19,-19,-4,0,-592,476
2025-03-10 12:46:52.674733,19,-8,3,0,-414,438
2025-03-10 12:46:52.764688,19,7,5,0,-282,336
2025-03-10 12:46:52.810470,9,19,19,0,-156,0
2025-03-10 12:46:52.900628,6,13,11,0,166,0
2025-03-10 12:46:52.990652,7,-6,-1,0,223,-282
2025-03-10 12:46:53.035426,5,-12,-5,0,0,-266
2025-03-10 12:46:53.125460,7,-11,-5,0,0,-341
2025-03-10 12:46:53.215305,14,-14,0,0,0,-433
2025-03-10 12:46:53.260462,15,-19,1,0,173,-395
2025-03-10 12:46:53.350557,15,-17,-3,0,260,-303
2025-03-10 12:46:53.395444,15,-15,-2,0,226,-260
2025-03-10 12:46:53.530694,13,-10,-3,0,154,-326
2025-03-10 12:46:53.575487,12,-11,-1,0,0,0
2025-03-10 12:46:53.620292,9,-8,1,0,0,0
2025-03-10 12:46:53.710571,8,-5,1,0,0,0
2025-03-10 12:46:53.755545,11,-1,2,0,0,0
2025-03-10 12:46:53.890905,9,-2,2,0,0,0
2025-03-10 12:46:53.935564,10,-3,4,0,0,0
2025-03-10 12:46:53.980428,11,-2,4,0,0,0
2025-03-10 12:46:54.160564,9,0,2,0,0,0
2025-03-10 12:46:54.207511,8,0,3,0,0,0
2025-03-10 12:46:54.207626,9,0,3,0,0,0
2025-03-10 12:46:54.295661,10,-1,3,0,0,0
2025-03-10 12:46:54.385598,9,-2,3,0,0,0
2025-03-10 12:46:54.475598,9,-2,3,0,0,0
2025-03-10 12:46:54.610672,9,-2,3,0,0,0
2025-03-10 12:46:54.610840,9,-2,2,0,0,0
2025-03-10 12:46:56.006511,10,9,11,0,137,0
2025-03-10 12:46:56.140351,12,15,3,0,0,-210
2025-03-10 12:46:56.230418,19,0,19,0,165,-358
2025-03-10 12:46:56.230540,19,-10,13,0,526,-335
2025-03-10 12:46:56.320247,19,-14,1,0,600,0
2025-03-10 12:46:56.410275,16,-3,-15,0,310,0
2025-03-10 12:46:56.455575,8,-7,-11,0,0,0
2025-03-10 12:46:56.500545,16,-7,-6,268,-263,0
2025-03-10 12:46:56.680499,19,-6,-3,0,-331,213
2025-03-10 12:46:56.726270,19,-15,-4,0,-577,326
2025-03-10 12:46:56.726498,19,-14,-6,0,-420,545
2025-03-10 12:46:56.815440,19,-15,-2,0,-313,550
2025-03-10 12:46:56.860492,19,-19,-4,0,-285,613
2025-03-10 12:46:56.950343,19,-3,2,0,-218,517
2025-03-10 12:46:57.040512,18,19,13,0,0,318
2025-03-10 12:46:57.085565,5,19,6,0,0,0
2025-03-10 12:46:57.220389,3,1,8,0,0,0
2025-03-10 12:46:57.265688,0,-5,0,0,0,-206
2025-03-10 12:46:57.310433,1,-8,2,0,0,-229
2025-03-10 12:46:57.400499,5,-9,-1,0,0,-307
2025-03-10 12:46:57.490372,10,-11,-3,0,0,-365
2025-03-10 12:46:57.580397,15,-17,-3,0,0,-353
2025-03-10 12:46:57.580572,14,-19,-1,0,0,-327
2025-03-10 12:46:57.670468,12,-16,-1,0,0,-284
2025-03-10 12:46:57.805512,13,-11,-1,0,144,-329
2025-03-10 12:46:57.896472,12,-8,-1,0,0,-284
2025-03-10 12:46:57.896718,13,-8,1,0,0,-249
2025-03-10 12:46:57.940653,13,-8,1,0,0,0
2025-03-10 12:46:58.030468,8,-5,0,0,0,0
2025-03-10 12:46:58.120472,9,-4,1,0,0,0
2025-03-10 12:46:58.165728,10,-4,2,0,0,0
2025-03-10 12:46:58.211287,12,0,4,0,0,0
2025-03-10 12:46:58.345258,11,1,4,0,0,0
2025-03-10 12:46:58.391590,10,0,4,0,0,0
2025-03-10 12:46:58.435572,9,0,3,0,0,0
2025-03-10 12:46:58.615631,8,0,3,0,0,0
2025-03-10 12:46:58.661460,9,-1,3,0,0,0
2025-03-10 12:46:58.661739,9,-1,3,0,0,0
2025-03-10 12:46:58.750458,9,-2,3,0,0,0
2025-03-10 12:46:58.885476,9,-2,3,0,0,0
2025-03-10 12:47:00.235640,13,6,10,0,0,0
2025-03-10 12:47:00.326608,19,13,13,0,184,-300
2025-03-10 12:47:00.326703,19,-4,12,-467,466,-255
2025-03-10 12:47:00.370384,19,-7,3,0,554,0
2025-03-10 12:47:00.505395,16,-9,-1,0,313,0
2025-03-10 12:47:00.550449,8,-2,-9,231,0,0
2025-03-10 12:47:00.550571,8,-2,-8,0,0,0
2025-03-10 12:47:00.685402,12,-6,-3,274,-197,0
2025-03-10 12:47:00.775444,19,-10,-2,0,-224,0
2025-03-10 12:47:00.820301,19,-17,-3,0,-434,233
2025-03-10 12:47:00.820487,19,-19,-4,0,-727,495
2025-03-10 12:47:00.910412,19,-19,-11,0,-642,630
2025-03-10 12:47:01.045801,19,-10,-6,0,-408,558
2025-03-10 12:47:01.090493,19,1,0,0,-237,417
2025-03-10 12:47:01.180420,14,19,7,0,0,232
2025-03-10 12:47:01.315441,5,16,6,0,0,0
2025-03-10 12:47:01.405510,6,6,8,0,0,0
2025-03-10 12:47:01.405839,4,-3,-3,0,155,-246
2025-03-10 12:47:01.451448,4,-13,0,0,0,-291
2025-03-10 12:47:01.585460,8,-16,-5,0,0,-281
2025-03-10 12:47:01.631322,8,-19,2,0,0,-317
2025-03-10 12:47:01.631549,12,-18,0,0,0,-305
2025-03-10 12:47:01.721184,8,-19,1,0,0,-257
2025-03-10 12:47:01.855433,8,-13,0,0,0,0
2025-03-10 12:47:01.990493,8,-16,1,0,0,-255
2025-03-10 12:47:01.990929,6,-11,1,0,0,0
2025-03-10 12:47:02.125591,8,-7,2,0,0,0
2025-03-10 12:47:02.125864,13,-6,4,0,0,0
2025-03-10 12:47:02.170464,10,-5,2,0,0,0
2025-03-10 12:47:02.215432,10,-3,2,0,0,0
2025-03-10 12:47:02.305540,12,0,3,0,0,0
2025-03-10 12:47:02.440548,9,0,2,0,0,0
2025-03-10 12:47:02.531676,8,0,2,0,0,0
2025-03-10 12:47:02.531879,9,0,2,0,0,0
2025-03-10 12:47:02.620568,9,0,3,0,0,0
2025-03-10 12:47:02.710417,7,-1,4,0,0,0
2025-03-10 12:47:02.935434,9,0,3,0,0,0
2025-03-10 12:47:02.936189,9,-1,3,0,0,0
2025-03-10 12:47:02.937598,9,-2,4,0,0,0
2025-03-10 12:47:02.937992,9,-2,3,0,0,0
2025-03-10 12:47:04.510386,13,2,11,0,0,0
2025-03-10 12:47:04.555572,9,19,6,0,0,0
2025-03-10 12:47:04.692464,19,8,19,0,176,-416
2025-03-10 12:47:04.735270,19,-9,7,-393,558,-243
2025-03-10 12:47:04.826682,19,-6,-3,0,542,0
2025-03-10 12:47:04.915540,15,0,-14,0,289,0
2025-03-10 12:47:04.961515,6,-3,-12,0,0,0
2025-03-10 12:47:04.961635,9,-1,-11,0,0,0
2025-03-10 12:47:05.051450,17,-3,-7,0,-322,0
2025-03-10 12:47:05.231404,19,-12,-11,0,-518,0
2025-03-10 12:47:05.276460,19,-19,-18,0,-726,0
2025-03-10 12:47:05.276688,19,-19,-19,0,-761,0
2025-03-10 12:47:05.322395,19,-19,-18,0,-679,270
2025-03-10 12:47:05.411409,19,-6,-13,0,-372,329
2025-03-10 12:47:05.455375,19,0,-2,0,-255,302
2025-03-10 12:47:05.545475,14,14,9,0,-148,234
2025-03-10 12:47:05.591535,7,17,11,0,0,0
2025-03-10 12:47:05.680610,6,8,5,0,0,0
2025-03-10 12:47:05.726302,2,-2,1,0,144,0
2025-03-10 12:47:05.815529,1,-11,2,242,0,-319
2025-03-10 12:47:05.906547,7,-10,4,229,0,-305
2025-03-10 12:47:05.951428,8,-17,11,0,0,-242
2025-03-10 12:47:05.996439,10,-12,6,0,0,-316
2025-03-10 12:47:06.177564,10,-15,7,0,0,-318
2025-03-10 12:47:06.221674,14,-9,7,0,0,-295
2025-03-10 12:47:06.221879,10,-15,6,0,0,-279
2025-03-10 12:47:06.266713,10,-13,6,0,0,0
2025-03-10 12:47:06.401566,9,-8,3,0,0,0
2025-03-10 12:47:06.448478,9,-9,5,0,0,0
2025-03-10 12:47:06.491446,8,-4,3,0,0,0
2025-03-10 12:47:06.626369,10,-2,4,0,0,0
2025-03-10 12:47:06.716456,10,0,5,0,0,0
2025-03-10 12:47:06.716681,7,0,3,0,0,0
2025-03-10 12:47:06.896551,10,0,7,0,0,0
2025-03-10 12:47:06.941195,8,1,3,0,0,0
2025-03-10 12:47:06.941374,9,1,3,0,0,0
2025-03-10 12:47:06.986711,9,-1,3,0,0,0
2025-03-10 12:47:07.121369,9,-2,3,0,0,0
2025-03-10 12:47:07.211323,9,-1,3,0,0,0
2025-03-10 12:47:07.211530,9,-2,3,0,0,0
2025-03-10 12:47:08.607540,14,9,9,0,0,0
2025-03-10 12:47:08.651421,19,14,9,0,0,-343
2025-03-10 12:47:08.831394,19,-1,7,-318,310,-386
2025-03-10 12:47:08.877567,19,-7,1,-445,572,0
2025-03-10 12:47:08.877862,18,-4,-5,0,437,0
2025-03-10 12:47:08.921961,11,0,-10,0,265,0
2025-03-10 12:47:09.059429,7,-3,-7,0,0,0
2025-03-10 12:47:09.102653,11,-1,-5,0,-170,0
2025-03-10 12:47:09.148055,19,-4,-4,0,-247,0
2025-03-10 12:47:09.238575,19,-9,-7,0,-459,0
2025-03-10 12:47:09.281539,19,-14,-11,0,-837,267
2025-03-10 12:47:09.328113,19,-18,-17,0,-818,384
2025-03-10 12:47:09.416460,19,-10,-7,272,-493,441
2025-03-10 12:47:09.551655,19,-2,-2,0,-241,404
2025-03-10 12:47:09.596331,16,3,1,0,0,269
2025-03-10 12:47:09.596508,11,11,4,0,0,0
2025-03-10 12:47:09.686459,6,16,5,0,0,0
2025-03-10 12:47:09.821456,7,5,4,0,0,-265
2025-03-10 12:47:09.911591,12,-7,-1,0,0,-401
2025-03-10 12:47:09.911721,16,-19,-3,0,0,-387
2025-03-10 12:47:09.958643,12,-19,-5,0,0,-346
2025-03-10 12:47:10.046187,13,-17,-5,0,0,-309
2025-03-10 12:47:10.092554,13,-19,-1,0,0,-324
2025-03-10 12:47:10.181473,11,-15,3,0,0,0
2025-03-10 12:47:10.226720,7,-12,-2,0,0,-279
2025-03-10 12:47:10.316677,7,-12,1,0,0,-214
2025-03-10 12:47:10.361244,9,-9,1,0,0,0
2025-03-10 12:47:10.498633,12,-7,0,0,0,0
2025-03-10 12:47:10.586747,9,0,1,0,0,0
2025-03-10 12:47:10.586941,10,0,3,0,0,0
2025-03-10 12:47:10.631347,10,-1,4,0,0,0
2025-03-10 12:47:10.767226,11,0,1,0,0,0
2025-03-10 12:47:10.811520,8,0,1,0,0,0
2025-03-10 12:47:10.857013,9,-2,2,0,0,0
2025-03-10 12:47:10.992308,10,-3,2,0,0,0
2025-03-10 12:47:11.216376,10,-1,2,0,0,0
2025-03-10 12:47:11.216558,9,0,2,0,0,0
2025-03-10 12:47:11.261547,9,-1,3,0,0,0
2025-03-10 12:47:11.261725,8,-2,3,0,0,0
2025-03-10 12:47:11.351483,10,-1,2,0,0,0
2025-03-10 12:47:12.656419,14,7,11,0,0,0
2025-03-10 12:47:12.701456,18,13,13,0,0,-215
2025-03-10 12:47:12.701777,19,-2,13,0,366,-377
2025-03-10 12:47:12.836613,19,-11,9,-333,621,0
2025-03-10 12:47:12.882406,19,-8,-4,0,630,0
2025-03-10 12:47:12.926452,12,-3,-15,0,212,0
2025-03-10 12:47:13.106572,11,-3,-7,0,0,0
2025-03-10 12:47:13.151465,14,-4,-8,0,-319,0
2025-03-10 12:47:13.241416,19,-12,-11,0,-404,0
2025-03-10 12:47:13.241636,19,-19,-7,0,-721,397
2025-03-10 12:47:13.286614,19,-19,-8,0,-660,507
2025-03-10 12:47:13.376586,19,-19,-4,0,-542,492
2025-03-10 12:47:13.466630,19,-2,-2,0,-197,438
2025-03-10 12:47:13.601411,19,4,4,0,-178,288
2025-03-10 12:47:13.646316,8,16,3,0,0,0
2025-03-10 12:47:13.646487,5,9,6,0,0,0
2025-03-10 12:47:13.826513,4,0,1,0,0,-258
2025-03-10 12:47:13.871425,5,-6,0,0,0,-314
2025-03-10 12:47:13.871754,8,-18,-1,0,0,-316
2025-03-10 12:47:13.917475,8,-19,-3,0,0,-322
2025-03-10 12:47:14.006469,8,-17,-1,0,0,-272
2025-03-10 12:47:14.051561,8,-16,1,0,0,-262
2025-03-10 12:47:14.141515,9,-15,0,0,0,0
2025-03-10 12:47:14.276405,7,-13,2,0,0,-226
2025-03-10 12:47:14.321407,8,-8,2,0,0,0
2025-03-10 12:47:14.321643,10,-8,4,0,0,0
2025-03-10 12:47:14.501259,10,-7,3,0,0,0
2025-03-10 12:47:14.591370,9,-5,2,0,0,0
2025-03-10 12:47:14.591560,11,-2,2,0,0,0
2025-03-10 12:47:14.726381,11,-2,1,0,0,0
2025-03-10 12:47:14.772485,10,-1,1,0,0,0
2025-03-10 12:47:14.772877,10,0,2,0,0,0
2025-03-10 12:47:14.817487,9,0,2,0,0,0
2025-03-10 12:47:14.906346,9,0,2,0,0,0
2025-03-10 12:47:14.997535,9,-1,3,0,0,0
2025-03-10 12:47:15.042393,9,-2,3,0,0,0
2025-03-10 12:47:15.177553,10,-3,3,0,0,0
2025-03-10 12:47:15.266410,9,-3,2,0,0,0
2025-03-10 12:47:15.266575,9,-3,2,0,0,0
2025-03-10 12:47:15.446449,9,-2,2,0,0,0
2025-03-10 12:47:16.706367,12,4,11,0,0,0
2025-03-10 12:47:16.751460,12,3,10,0,198,0
2025-03-10 12:47:16.886570,19,-7,16,0,390,0
2025-03-10 12:47:16.976361,19,-10,6,0,562,0
2025-03-10 12:47:17.066320,19,-4,-1,0,458,0
2025-03-10 12:47:17.066502,13,-3,-10,0,214,0
2025-03-10 12:47:17.156426,9,-2,-11,0,0,0
2025-03-10 12:47:17.202396,8,-3,-6,0,0,0
2025-03-10 12:47:17.247306,14,-3,-3,0,-235,0
2025-03-10 12:47:17.381641,19,-9,-4,0,-327,0
2025-03-10 12:47:17.426386,19,-19,-5,0,-517,312
2025-03-10 12:47:17.471610,19,-13,-19,0,-786,507
2025-03-10 12:47:17.651440,19,-15,-19,0,-802,434
2025-03-10 12:47:17.741574,19,3,-3,305,-296,368
2025-03-10 12:47:17.741919,19,19,3,0,0,223
2025-03-10 12:47:17.786372,9,19,5,0,0,0
2025-03-10 12:47:17.921542,8,3,7,0,0,0
2025-03-10 12:47:18.011470,6,-5,-1,0,193,-223
2025-03-10 12:47:18.011800,4,-11,-4,0,157,0
2025-03-10 12:47:18.146489,6,-13,-5,0,0,-245
2025-03-10 12:47:18.191786,8,-14,-3,0,0,-299
2025-03-10 12:47:18.192128,9,-16,-2,0,0,-282
2025-03-10 12:47:18.281637,9,-15,-3,0,0,0
2025-03-10 12:47:18.371652,11,-14,-3,0,138,0
2025-03-10 12:47:18.418083,10,-14,2,0,0,0
2025-03-10 12:47:18.551360,8,-10,-2,0,0,0
2025-03-10 12:47:18.598332,6,-11,1,0,0,0
2025-03-10 12:47:18.598560,8,-8,1,0,0,0
2025-03-10 12:47:18.687486,10,-5,1,0,0,0
2025-03-10 12:47:18.821657,10,-3,0,0,0,0
2025-03-10 12:47:18.867513,10,-2,2,0,0,0
2025-03-10 12:47:18.867713,10,-2,3,0,0,0
2025-03-10 12:47:19.046279,8,-3,3,0,0,0
2025-03-10 12:47:19.092260,9,-1,3,0,0,0
2025-03-10 12:47:19.092436,9,0,3,0,0,0
2025-03-10 12:47:19.227210,8,-1,3,0,0,0
2025-03-10 12:47:19.317398,8,-1,3,0,0,0
2025-03-10 12:47:19.317527,9,-2,4,0,0,0
2025-03-10 12:47:19.452385,8,-2,3,0,0,0
2025-03-10 12:47:46.588320,9,-1,3,0,0,0
2025-03-10 12:47:46.588966,14,4,6,0,0,0
2025-03-10 12:47:46.682660,19,5,6,0,0,-283
2025-03-10 12:47:46.725336,19,0,8,0,307,-313
2025-03-10 12:47:46.769509,19,0,4,-272,445,-300
2025-03-10 12:47:46.859628,16,-8,0,-332,486,0
2025-03-10 12:47:46.950490,7,-5,-7,0,268,0
2025-03-10 12:47:46.994335,7,-2,-9,0,0,0
2025-03-10 12:47:47.129579,12,-2,-5,0,-232,0
2025-03-10 12:47:47.263544,16,-6,-1,232,-371,0
2025-03-10 12:47:47.263666,19,-15,-10,0,-375,0
2025-03-10 12:47:47.354477,19,-19,-19,0,-777,327
2025-03-10 12:47:47.354630,19,-19,-19,0,-778,471
2025-03-10 12:47:47.400646,19,-19,-19,0,-513,578
2025-03-10 12:47:47.444357,19,-6,-8,272,-321,430
2025-03-10 12:47:47.534459,19,4,-2,0,0,362
2025-03-10 12:47:47.668632,11,14,5,0,0,0
2025-03-10 12:47:47.803192,4,19,6,0,0,0
2025-03-10 12:47:47.803395,5,7,1,0,0,-254
2025-03-10 12:47:47.848466,5,-1,-3,0,0,-319
2025-03-10 12:47:47.893382,5,-9,-2,0,0,-353
2025-03-10 12:47:48.074413,8,-14,-3,0,0,-373
2025-03-10 12:47:48.119700,12,-16,-1,0,0,-425
2025-03-10 12:47:48.120220,12,-18,0,0,0,-354
2025-03-10 12:47:48.120574,14,-19,0,0,0,-394
2025-03-10 12:47:48.209468,14,-12,0,0,0,-237
2025-03-10 12:47:48.299497,12,-9,3,0,0,-242
2025-03-10 12:47:48.389672,11,-9,1,0,0,0
2025-03-10 12:47:48.435612,11,-8,4,0,0,0
2025-03-10 12:47:48.480306,9,-4,0,0,0,0
2025-03-10 12:47:48.569552,11,-1,0,0,0,0
2025-03-10 12:47:48.703473,8,0,0,0,0,0
2025-03-10 12:47:48.749583,9,-2,3,0,0,0
2025-03-10 12:47:48.749902,10,-1,3,0,0,0
2025-03-10 12:47:48.839607,8,0,1,0,0,0
2025-03-10 12:47:48.929493,9,0,3,0,0,0
2025-03-10 12:47:48.974625,9,-1,3,0,0,0
2025-03-10 12:47:49.064447,9,0,2,0,0,0
2025-03-10 12:47:49.154556,9,-1,3,0,0,0
2025-03-10 12:47:49.245352,9,-1,2,0,0,0
2025-03-10 12:47:49.379641,9,0,3,0,0,0
2025-03-10 12:48:16.605604,11,3,11,0,0,0
2025-03-10 12:48:16.651552,13,6,10,0,138,0
2025-03-10 12:48:16.741631,19,0,16,0,192,-299
2025-03-10 12:48:16.785389,19,-9,11,-283,399,-299
2025-03-10 12:48:16.875743,17,-9,2,0,489,0
2025-03-10 12:48:16.965414,10,-5,-6,0,261,0
2025-03-10 12:48:17.010653,9,1,-11,0,0,0
2025-03-10 12:48:17.145821,13,-3,-2,0,-228,0
2025-03-10 12:48:17.326526,19,-6,-2,0,-390,0
2025-03-10 12:48:17.371569,19,-7,-10,0,-565,0
2025-03-10 12:48:17.371937,19,-15,-11,0,-568,0
2025-03-10 12:48:17.372537,19,-19,-17,0,-666,219
2025-03-10 12:48:17.416413,19,-14,-17,0,-545,350
2025-03-10 12:48:17.505564,19,-9,-14,0,-464,382
2025-03-10 12:48:17.686291,19,0,-2,0,-265,351
2025-03-10 12:48:17.688340,19,6,2,0,-180,316
2025-03-10 12:48:17.688568,8,19,14,0,0,0
2025-03-10 12:48:17.777198,4,17,3,0,0,0
2025-03-10 12:48:17.822184,6,0,0,0,0,-338
2025-03-10 12:48:17.911576,9,-11,-5,0,219,-278
2025-03-10 12:48:17.957365,10,-12,-5,0,155,-386
2025-03-10 12:48:18.180257,15,-14,-10,0,0,-376
2025-03-10 12:48:18.182300,19,-14,-9,0,0,-382
2025-03-10 12:48:18.182395,12,-17,-3,0,0,-251
2025-03-10 12:48:18.315436,13,-12,-2,0,149,0
2025-03-10 12:48:18.631355,13,-14,-1,0,215,-235
2025-03-10 12:48:18.631477,14,-7,1,0,0,-232
2025-03-10 12:48:18.633284,10,-8,1,0,0,0
2025-03-10 12:48:18.633444,9,-7,1,0,0,0
2025-03-10 12:48:18.633583,10,-3,1,0,0,0
2025-03-10 12:48:18.675463,10,-1,0,0,0,0
2025-03-10 12:48:18.722514,9,-2,0,0,0,0
2025-03-10 12:48:18.811227,10,-3,3,0,0,0
2025-03-10 12:48:19.170269,9,-3,3,0,0,0
2025-03-10 12:48:19.172158,9,-2,4,0,0,0
2025-03-10 12:48:19.172258,9,0,2,0,0,0
2025-03-10 12:48:19.216476,9,0,2,0,0,0
2025-03-10 12:48:19.216746,9,-2,3,0,0,0
2025-03-10 12:48:19.351526,8,-4,4,0,0,0
2025-03-10 12:48:19.531524,9,-2,2,0,0,0
2025-03-10 12:48:21.376369,11,2,14,0,0,0
2025-03-10 12:48:21.466762,14,13,10,0,208,0
2025-03-10 12:48:21.556402,19,10,15,0,0,-445
2025-03-10 12:48:21.602435,19,-10,13,-277,429,-433
2025-03-10 12:48:21.737664,19,-15,0,-273,632,0
2025-03-10 12:48:21.961183,18,-2,-13,0,318,0
2025-03-10 12:48:21.961336,8,-2,-12,0,0,0
2025-03-10 12:48:22.006265,11,-2,-12,0,-238,0
2025-03-10 12:48:22.051301,19,-10,-11,0,-439,0
2025-03-10 12:48:22.141174,19,-14,-15,0,-563,0
2025-03-10 12:48:22.141263,19,-19,-19,-273,-702,233
2025-03-10 12:48:22.141336,19,-19,-18,0,-770,225
2025-03-10 12:48:22.321175,19,-19,-14,0,-676,291
2025-03-10 12:48:22.456409,19,-5,-3,0,-477,288
2025-03-10 12:48:22.456584,19,10,2,0,-155,238
2025-03-10 12:48:22.456726,7,18,5,0,0,0
2025-03-10 12:48:22.501320,6,9,7,0,0,0
2025-03-10 12:48:22.501462,4,3,3,0,0,-212
2025-03-10 12:48:22.636170,6,-4,-2,0,158,-307
2025-03-10 12:48:22.726307,9,-14,-4,0,0,-316
2025-03-10 12:48:22.771248,12,-16,-6,0,0,-325
2025-03-10 12:48:22.906335,14,-18,-6,0,0,-330
2025-03-10 12:48:22.996509,12,-19,-1,0,0,-254
2025-03-10 12:48:22.996942,13,-14,0,0,141,-214
2025-03-10 12:48:23.131650,9,-8,-5,0,144,-265
2025-03-10 12:48:23.221260,9,-12,0,0,0,-243
2025-03-10 12:48:23.221380,9,-11,1,0,0,0
2025-03-10 12:48:23.311273,10,-7,0,0,0,0
2025-03-10 12:48:23.403067,10,-5,0,0,0,0
2025-03-10 12:48:23.491501,9,-6,3,0,0,0
2025-03-10 12:48:23.536319,9,-4,3,0,0,0
2025-03-10 12:48:23.536564,10,-2,2,0,0,0
2025-03-10 12:48:23.581530,12,-2,3,0,0,0
2025-03-10 12:48:23.716659,10,0,2,0,0,0
2025-03-10 12:48:23.806550,9,0,2,0,0,0
2025-03-10 12:48:23.896589,8,0,2,0,0,0
2025-03-10 12:48:23.896784,8,-3,2,0,0,0
2025-03-10 12:48:23.986515,9,-3,3,0,0,0
2025-03-10 12:48:24.031435,10,-4,2,0,0,0
2025-03-10 12:48:24.166267,9,-4,2,0,0,0
2025-03-10 12:48:25.921591,11,6,10,0,0,0
2025-03-10 12:48:26.011252,16,9,9,0,242,0
2025-03-10 12:48:26.011384,19,0,11,0,182,-380
2025-03-10 12:48:26.056439,19,-5,6,-272,553,-241
2025-03-10 12:48:26.236428,19,-10,-7,-405,734,0
2025-03-10 12:48:26.371370,13,-5,-11,0,339,0
2025-03-10 12:48:26.371612,10,0,-12,278,0,0
2025-03-10 12:48:26.506787,12,0,-11,0,-202,0
2025-03-10 12:48:26.507007,19,-10,-15,0,-406,0
2025-03-10 12:48:26.551484,19,-15,-19,0,-674,0
2025-03-10 12:48:26.641384,19,-19,-19,0,-757,347
2025-03-10 12:48:26.641546,19,-19,-19,0,-715,485
2025-03-10 12:48:26.731530,19,-18,-14,282,-390,522
2025-03-10 12:48:26.776535,19,2,0,0,-196,435
2025-03-10 12:48:26.911449,19,17,1,0,0,244
2025-03-10 12:48:26.956444,11,19,-1,0,0,0
2025-03-10 12:48:26.956649,8,12,2,0,0,-208
2025-03-10 12:48:27.046374,8,-1,-2,0,0,-325
2025-03-10 12:48:27.136246,9,-15,0,0,0,-362
2025-03-10 12:48:27.181185,12,-18,-4,0,0,-397
2025-03-10 12:48:27.316419,16,-18,-3,0,0,-376
2025-03-10 12:48:27.406520,14,-18,-1,0,0,-265
2025-03-10 12:48:27.497344,14,-13,-2,0,0,0
2025-03-10 12:48:27.586323,16,-10,-3,0,151,0
2025-03-10 12:48:27.588386,13,-12,-7,0,190,-231
2025-03-10 12:48:27.588534,8,-10,-2,0,0,0
2025-03-10 12:48:27.676518,6,-8,-2,0,0,0
2025-03-10 12:48:27.901478,9,-7,0,0,0,0
2025-03-10 12:48:27.903204,10,-4,0,0,0,0
2025-03-10 12:48:27.903307,11,-3,4,0,0,0
2025-03-10 12:48:28.036439,10,-1,5,0,0,0
2025-03-10 12:48:28.216616,7,-2,4,0,0,0
2025-03-10 12:48:28.216910,7,-2,4,0,0,0
2025-03-10 12:48:28.306560,9,0,3,0,0,0
2025-03-10 12:48:28.306848,8,-2,2,0,0,0
2025-03-10 12:48:28.441757,8,-3,3,0,0,0
2025-03-10 12:48:28.442139,10,-2,3,0,0,0
2025-03-10 12:48:28.531706,8,-2,2,0,0,0
2025-03-10 12:48:28.666476,9,-2,3,0,0,0
2025-03-10 12:48:28.666729,9,-2,2,0,0,0
2025-03-10 12:48:30.781916,10,4,11,0,0,0
2025-03-10 12:48:30.961639,19,3,10,0,0,-290
2025-03-10 12:48:30.963415,19,0,3,0,596,-278
2025-03-10 12:48:30.963584,19,-6,-9,-613,628,0
2025-03-10 12:48:31.051701,19,0,-5,0,397,0
2025-03-10 12:48:31.142453,6,2,-19,0,180,0
2025-03-10 12:48:31.276261,19,0,-3,340,-355,0
2025-03-10 12:48:31.366433,19,-5,-4,0,-297,0
2025-03-10 12:48:31.366607,19,-15,-7,0,-369,0
2025-03-10 12:48:31.411489,19,-18,-15,282,-640,361
2025-03-10 12:48:31.591477,19,-15,-13,0,-505,539
2025-03-10 12:48:31.636544,19,-15,-14,0,-438,562
2025-03-10 12:48:31.636795,19,-5,-8,0,-199,457
2025-03-10 12:48:31.726450,19,6,1,0,0,328
2025-03-10 12:48:31.861450,10,18,7,0,0,0
2025-03-10 12:48:31.906373,5,16,6,0,0,0
2025-03-10 12:48:31.906542,7,1,1,0,0,-278
2025-03-10 12:48:31.996405,7,-16,0,0,138,-258
2025-03-10 12:48:32.087667,5,-17,-3,0,0,-292
2025-03-10 12:48:32.133251,7,-17,0,0,0,-302
2025-03-10 12:48:32.222480,12,-16,0,0,0,-326
2025-03-10 12:48:32.266590,10,-16,0,0,0,-262
2025-03-10 12:48:32.402556,12,-13,2,0,0,-212
2025-03-10 12:48:32.492470,12,-15,2,0,0,-254
2025-03-10 12:48:32.492641,9,-14,0,0,137,0
2025-03-10 12:48:32.537499,4,-11,0,0,0,0
2025-03-10 12:48:32.581628,6,-10,3,0,0,0
2025-03-10 12:48:32.717488,9,-7,2,0,0,0
2025-03-10 12:48:32.761664,9,-4,1,0,0,0
2025-03-10 12:48:32.806719,9,-4,2,0,0,0
2025-03-10 12:48:32.943320,10,-3,3,0,0,0
2025-03-10 12:48:33.032665,10,-1,3,0,0,0
2025-03-10 12:48:33.032838,8,0,2,0,0,0
2025-03-10 12:48:33.123440,8,-2,3,0,0,0
2025-03-10 12:48:33.257537,7,-2,3,0,0,0
2025-03-10 12:48:33.301749,9,-2,3,0,0,0
2025-03-10 12:48:33.302157,9,-3,3,0,0,0
2025-03-10 12:48:33.392667,8,-3,3,0,0,0
2025-03-10 12:48:33.616313,9,-2,2,0,0,0
2025-03-10 12:48:37.217436,9,-2,2,0,0,0
2025-03-10 12:48:37.217910,13,7,6,0,0,0
2025-03-10 12:48:37.308165,18,7,10,0,252,0
2025-03-10 12:48:37.442508,19,-2,19,0,242,-450
2025-03-10 12:48:37.532499,19,-17,9,-473,615,-315
2025-03-10 12:48:37.532877,19,-10,-3,-382,624,0
2025-03-10 12:48:37.577644,17,2,-11,0,191,0
2025-03-10 12:48:37.712586,10,2,-11,0,0,0
2025-03-10 12:48:37.758379,12,3,-7,0,-327,0
2025-03-10 12:48:37.892565,19,0,-2,0,-543,0
2025-03-10 12:48:37.937382,19,-17,-1,292,-644,0
2025-03-10 12:48:37.982601,19,-11,-19,324,-212,407
2025-03-10 12:48:38.027376,19,-19,-16,0,-537,477
2025-03-10 12:48:38.073161,19,-19,-19,0,-616,414
2025-03-10 12:48:38.163704,19,-19,-17,0,-620,467
2025-03-10 12:48:38.297537,19,4,4,246,-280,299
2025-03-10 12:48:38.387269,14,15,10,0,-171,0
2025-03-10 12:48:38.387397,6,12,12,0,0,0
2025-03-10 12:48:38.432428,4,8,10,0,0,0
2025-03-10 12:48:38.478520,5,0,5,0,197,-245
2025-03-10 12:48:38.567691,7,-6,-2,0,214,-327
2025-03-10 12:48:38.613592,17,-17,-7,0,219,-452
2025-03-10 12:48:38.703655,17,-18,-7,0,198,-408
2025-03-10 12:48:38.837408,16,-13,-7,0,0,-322
2025-03-10 12:48:38.882555,18,-18,0,0,0,-345
2025-03-10 12:48:38.882938,16,-13,1,0,140,-222
2025-03-10 12:48:38.972940,14,-9,-1,0,0,-291
2025-03-10 12:48:39.107525,13,-13,2,0,0,-205
2025-03-10 12:48:39.152580,10,-14,3,0,0,0
2025-03-10 12:48:39.152797,9,-9,3,0,0,0
2025-03-10 12:48:39.377364,8,-5,2,0,0,0
2025-03-10 12:48:39.512377,11,0,3,0,0,0
2025-03-10 12:48:39.512552,11,5,0,0,0,0
2025-03-10 12:48:39.512736,8,0,2,0,0,0
2025-03-10 12:48:39.737416,9,-2,3,0,0,0
2025-03-10 12:48:39.737622,9,-3,3,0,0,0
2025-03-10 12:48:39.873647,8,-2,2,0,0,0
2025-03-10 12:48:39.874426,9,-2,3,0,0,0
2025-03-10 12:48:39.874758,9,-2,2,0,0,0
2025-03-10 12:48:39.962484,9,-1,2,0,0,0
2025-03-10 12:48:42.888493,9,-1,2,0,0,0
2025-03-10 12:48:42.889089,10,-11,2,-296,0,0
2025-03-10 12:48:42.932557,10,-8,2,-331,0,0
2025-03-10 12:48:43.067173,10,0,9,0,0,0
2025-03-10 12:48:43.113234,13,15,11,0,148,0
2025-03-10 12:48:43.157365,19,6,13,0,168,-345
2025-03-10 12:48:43.247401,19,-11,19,0,455,-341
2025-03-10 12:48:43.382258,19,-16,2,-506,621,0
2025-03-10 12:48:43.427474,19,-6,-1,0,477,0
2025-03-10 12:48:43.652440,16,4,-17,0,189,0
2025-03-10 12:48:43.654515,12,3,-16,0,-230,0
2025-03-10 12:48:43.654732,19,-1,-13,0,-457,0
2025-03-10 12:48:43.654914,19,-15,-9,0,-497,0
2025-03-10 12:48:43.787407,19,-19,-19,0,-786,384
2025-03-10 12:48:43.922611,19,-19,-19,0,-701,531
2025-03-10 12:48:43.925198,19,-19,-7,0,-416,520
2025-03-10 12:48:43.925297,19,-18,-2,0,-293,405
2025-03-10 12:48:43.967312,19,-9,-2,0,-240,282
2025-03-10 12:48:44.057550,19,2,3,0,-141,313
2025-03-10 12:48:44.237483,5,19,13,0,0,0
2025-03-10 12:48:44.327288,5,19,2,240,150,0
2025-03-10 12:48:44.327423,8,-1,-3,0,0,-383
2025-03-10 12:48:44.372602,11,-13,0,0,0,-317
2025-03-10 12:48:44.462714,12,-16,-5,0,0,-350
2025-03-10 12:48:44.508340,12,-18,-2,0,0,-382
2025-03-10 12:48:44.597416,9,-19,2,0,0,-345
2025-03-10 12:48:44.732382,11,-17,0,0,0,-312
2025-03-10 12:48:44.778402,11,-17,0,0,175,-281
2025-03-10 12:48:44.778528,9,-14,2,0,136,-275
2025-03-10 12:48:44.822540,9,-11,2,0,0,-239
2025-03-10 12:48:45.047401,9,-11,4,0,0,0
2025-03-10 12:48:45.050010,9,-6,3,0,0,0
2025-03-10 12:48:45.050151,7,-4,1,0,0,0
2025-03-10 12:48:45.092684,8,-1,4,0,0,0
2025-03-10 12:48:45.227434,10,1,3,0,0,0
2025-03-10 12:48:45.362191,8,0,2,0,0,0
2025-03-10 12:48:45.497344,9,-2,4,0,0,0
2025-03-10 12:48:45.499102,9,-1,3,0,0,0
2025-03-10 12:48:45.499230,10,-2,3,0,0,0
2025-03-10 12:48:45.543543,8,0,3,0,0,0
2025-03-10 12:48:45.633534,8,0,4,0,0,0
