2025-03-13 15:49:26.122670,1,-11,10,158,0,243
2025-03-13 15:49:26.212746,3,-11,19,272,70,363
2025-03-13 15:49:26.349524,7,-3,19,298,269,270
2025-03-13 15:49:26.393440,10,-5,19,264,310,106
2025-03-13 15:49:26.437431,11,-6,19,214,322,-9
2025-03-13 15:49:26.483505,15,1,7,303,253,-50
2025-03-13 15:49:26.571741,8,2,-1,327,85,-60
2025-03-13 15:49:26.707824,7,0,-2,346,-160,-85
2025-03-13 15:49:26.797681,10,0,-1,363,-267,-60
2025-03-13 15:49:26.798891,15,-3,2,231,-440,-75
2025-03-13 15:49:26.843312,19,-12,11,187,-547,32
2025-03-13 15:49:27.022537,19,-16,19,-28,-362,308
2025-03-13 15:49:27.069040,19,-16,19,-58,-273,379
2025-03-13 15:49:27.070276,19,-15,19,68,-65,551
2025-03-13 15:49:27.157751,19,7,19,163,363,480
2025-03-13 15:49:27.203500,18,6,19,10,420,161
2025-03-13 15:49:27.382625,12,-1,12,109,356,94
2025-03-13 15:49:27.427583,7,-1,5,171,226,14
2025-03-13 15:49:27.428729,3,-3,-1,172,163,-29
2025-03-13 15:49:27.517178,0,-10,-6,92,0,-48
2025-03-13 15:49:27.652884,0,-4,-6,75,-107,14
2025-03-13 15:49:27.742777,1,0,-2,-48,-299,-50
2025-03-13 15:49:27.787811,6,-1,7,17,-419,-107
2025-03-13 15:49:27.788808,8,-6,15,-93,-356,-194
2025-03-13 15:49:27.877021,1,-12,19,49,-190,-117
2025-03-13 15:49:27.922683,4,-6,9,-82,-176,-236
2025-03-13 15:49:28.057802,9,-6,9,-156,-228,-232
2025-03-13 15:49:28.103657,10,-3,7,-87,-124,-185
2025-03-13 15:49:28.148703,11,-3,6,-14,-141,-184
2025-03-13 15:49:28.331415,11,-4,5,-23,-104,-93
2025-03-13 15:49:28.417159,11,-1,2,-20,58,73
2025-03-13 15:49:28.507374,11,0,1,-50,102,78
2025-03-13 15:49:28.508060,8,0,0,-80,42,35
2025-03-13 15:49:28.597448,10,-1,2,-88,0,-6
2025-03-13 15:49:28.732688,10,-1,2,-23,0,4
2025-03-13 15:49:28.777598,9,-1,2,29,-14,20
2025-03-13 15:49:28.778689,9,0,2,55,-14,20
2025-03-13 15:49:28.868992,9,0,2,37,0,3
2025-03-13 15:49:29.092683,9,0,2,11,0,-4
2025-03-13 15:49:30.172936,9,-1,3,8,0,3
2025-03-13 15:49:30.175750,8,-13,8,67,176,138
2025-03-13 15:49:30.218984,1,-12,5,186,248,334
2025-03-13 15:49:30.262678,-1,-13,14,6,172,344
2025-03-13 15:49:30.351839,-3,-17,19,6,180,359
2025-03-13 15:49:30.441959,1,-9,19,144,255,367
2025-03-13 15:49:30.532351,5,3,14,211,273,211
2025-03-13 15:49:30.623004,5,7,9,246,146,71
2025-03-13 15:49:30.624462,9,11,1,240,86,-113
2025-03-13 15:49:30.712661,7,0,3,218,-51,-178
2025-03-13 15:49:30.757974,9,-10,0,249,-128,-48
2025-03-13 15:49:30.937598,11,-19,-6,320,-430,319
2025-03-13 15:49:30.982620,11,-8,16,-28,-334,420
2025-03-13 15:49:30.983747,1,-1,19,-288,-174,283
2025-03-13 15:49:31.072741,-5,5,19,-231,43,219
2025-03-13 15:49:31.118053,1,6,19,-90,156,193
2025-03-13 15:49:31.297545,11,4,19,-37,331,169
2025-03-13 15:49:31.343747,16,4,19,168,336,178
2025-03-13 15:49:31.388530,12,5,14,123,286,-19
2025-03-13 15:49:31.390250,10,3,10,110,272,-81
2025-03-13 15:49:31.612707,6,0,-1,122,232,-61
2025-03-13 15:49:31.748468,3,-9,-10,98,41,-102
2025-03-13 15:49:31.749072,-2,-11,-6,27,0,9
2025-03-13 15:49:31.749578,-2,0,-6,0,-75,41
2025-03-13 15:49:31.794111,-1,0,-4,-149,-202,-76
2025-03-13 15:49:31.882836,5,0,-2,-297,-429,-231
2025-03-13 15:49:31.928052,11,-8,4,-244,-380,-288
2025-03-13 15:49:32.017258,10,-15,8,-118,-159,-379
2025-03-13 15:49:32.107976,10,-19,10,53,0,-305
2025-03-13 15:49:32.152007,7,-14,9,205,91,-198
2025-03-13 15:49:32.287652,10,-5,6,143,-32,-192
2025-03-13 15:49:32.378405,11,-5,5,-194,-155,-278
2025-03-13 15:49:32.379113,7,-11,13,-161,-109,-70
2025-03-13 15:49:32.468040,9,-5,6,120,60,38
2025-03-13 15:49:32.513319,8,0,3,0,28,65
2025-03-13 15:49:32.647962,8,0,3,-112,0,0
2025-03-13 15:49:32.737807,8,0,4,-47,0,-12
2025-03-13 15:49:32.738795,9,-1,5,58,38,17
2025-03-13 15:49:32.827854,8,0,3,100,21,19
2025-03-13 15:49:32.873041,8,0,4,9,-20,0
2025-03-13 15:49:33.098493,8,-1,5,-6,0,0
2025-03-13 15:49:33.953194,14,-3,19,358,354,331
2025-03-13 15:49:33.997892,10,6,19,228,392,89
2025-03-13 15:49:34.087749,9,-2,14,212,242,-19
2025-03-13 15:49:34.132788,8,-2,2,326,90,0
2025-03-13 15:49:34.221967,7,-3,0,429,-131,-15
2025-03-13 15:49:34.311993,10,-3,-1,438,-214,50
2025-03-13 15:49:34.358694,10,-5,-1,272,-366,7
2025-03-13 15:49:34.448109,12,-17,14,160,-471,98
2025-03-13 15:49:34.493159,10,-15,19,-124,-371,236
2025-03-13 15:49:34.536944,7,-7,19,-125,-171,279
2025-03-13 15:49:34.626708,14,-4,19,-26,-113,376
2025-03-13 15:49:34.807522,18,13,19,68,238,373
2025-03-13 15:49:34.810048,13,19,6,-90,307,205
2025-03-13 15:49:34.811590,9,4,0,-137,33,-105
2025-03-13 15:49:34.898492,6,-3,2,37,-45,-78
2025-03-13 15:49:35.077778,4,-4,5,-19,-144,-107
2025-03-13 15:49:35.168516,6,-6,7,-74,-197,-159
2025-03-13 15:49:35.169585,7,-8,7,-72,-114,-187
2025-03-13 15:49:35.212866,9,-6,5,-6,-107,-212
2025-03-13 15:49:35.302574,9,-5,2,-107,-20,-157
2025-03-13 15:49:35.438574,10,-4,1,-152,-35,-154
2025-03-13 15:49:35.529864,10,-5,4,-123,0,-82
2025-03-13 15:49:35.531359,9,-5,4,-48,0,-19
2025-03-13 15:49:35.573699,9,-3,4,17,16,22
2025-03-13 15:49:35.661883,8,0,3,16,0,33
2025-03-13 15:49:35.797762,9,0,2,8,0,18
2025-03-13 15:49:35.887827,9,0,2,10,-26,0
2025-03-13 15:49:35.889145,9,0,3,8,0,0
2025-03-13 15:49:35.932782,9,0,3,0,0,0
2025-03-13 15:49:36.022829,9,0,2,0,0,-3
2025-03-13 15:49:36.157554,9,-1,2,0,0,-5
2025-03-13 15:49:36.247865,9,-1,2,11,0,0
2025-03-13 15:49:36.249149,9,0,2,6,0,0
2025-03-13 15:49:36.292387,9,0,2,0,0,0
2025-03-13 15:49:36.383313,9,0,2,8,0,0
2025-03-13 15:49:36.562803,9,0,2,0,0,0
2025-03-13 15:49:36.564391,9,0,2,0,0,0
2025-03-13 15:49:36.565285,9,0,2,0,0,0
2025-03-13 15:49:36.607702,9,0,2,0,0,0
2025-03-13 15:49:36.698679,9,0,2,0,0,0
2025-03-13 15:49:37.687537,6,7,14,123,202,-25
2025-03-13 15:49:37.777466,7,5,5,321,98,9
2025-03-13 15:49:37.823014,8,4,0,296,-188,-109
2025-03-13 15:49:38.002555,9,0,4,327,-266,-127
2025-03-13 15:49:38.048344,10,-6,-2,248,-193,-59
2025-03-13 15:49:38.050841,14,-12,4,240,-436,118
2025-03-13 15:49:38.137835,14,-11,19,-114,-407,190
2025-03-13 15:49:38.181704,4,-7,19,-81,-193,273
2025-03-13 15:49:38.272673,1,-3,19,-274,-22,186
2025-03-13 15:49:38.408264,3,-8,19,-262,57,224
2025-03-13 15:49:38.454140,7,-2,19,-185,141,309
2025-03-13 15:49:38.543241,6,0,19,-126,198,307
2025-03-13 15:49:38.587863,9,6,2,115,247,203
2025-03-13 15:49:38.679364,5,3,0,68,31,-28
2025-03-13 15:49:38.815193,3,0,1,100,-18,-74
2025-03-13 15:49:38.902824,5,-6,0,88,-134,-103
2025-03-13 15:49:38.904601,4,-11,7,82,-331,-29
2025-03-13 15:49:38.949315,2,-3,15,56,-289,-70
2025-03-13 15:49:39.037125,0,-9,15,-122,-191,-282
2025-03-13 15:49:39.172468,5,-7,9,-101,-240,-347
2025-03-13 15:49:39.264314,10,-7,3,-295,-147,-351
2025-03-13 15:49:39.264862,13,-8,2,-341,-87,-260
2025-03-13 15:49:39.351776,12,-10,6,-28,-95,-120
2025-03-13 15:49:39.443299,10,-3,1,71,60,82
2025-03-13 15:49:39.532313,10,0,1,17,19,119
2025-03-13 15:49:39.621708,9,0,1,-32,0,17
2025-03-13 15:49:39.621900,10,0,1,10,0,9
2025-03-13 15:49:39.759319,10,0,1,30,0,0
2025-03-13 15:49:39.803873,10,-1,2,29,0,-4
2025-03-13 15:49:39.847656,10,-1,2,14,0,0
2025-03-13 15:49:39.937804,10,-1,2,11,0,0
2025-03-13 15:49:39.983362,10,-1,1,12,0,12
2025-03-13 15:49:40.118296,9,-1,1,24,0,21
2025-03-13 15:49:40.162891,9,0,1,31,0,10
2025-03-13 15:49:40.296697,9,0,2,22,17,0
2025-03-13 15:49:40.296880,9,0,2,0,13,0
2025-03-13 15:49:40.478075,9,0,2,0,0,0
2025-03-13 15:49:40.478914,9,0,2,0,0,-4
2025-03-13 15:49:40.523717,9,-1,2,-7,0,-3
2025-03-13 15:49:40.524889,9,-1,2,0,0,0
2025-03-13 15:49:41.738524,14,-5,-2,355,-376,50
2025-03-13 15:49:41.782675,19,-10,10,88,-427,135
2025-03-13 15:49:41.963651,19,-19,19,-201,-452,138
2025-03-13 15:49:42.008644,11,-19,19,-86,-277,378
2025-03-13 15:49:42.009737,19,-16,19,-137,-26,493
2025-03-13 15:49:42.099977,19,-3,19,-120,273,462
2025-03-13 15:49:42.147913,19,0,19,0,411,366
2025-03-13 15:49:42.233399,14,1,12,204,340,217
2025-03-13 15:49:42.278243,9,0,2,179,150,0
2025-03-13 15:49:42.368447,7,-7,-3,262,0,29
2025-03-13 15:49:42.459097,-1,-11,-3,-23,-74,-110
2025-03-13 15:49:42.503749,-6,-7,0,84,-23,137
2025-03-13 15:49:42.593703,0,2,-3,-46,-176,12
2025-03-13 15:49:42.682640,3,1,2,-68,-362,-133
2025-03-13 15:49:42.772754,6,-5,11,-160,-331,-301
2025-03-13 15:49:42.818751,9,-13,12,-147,-251,-425
2025-03-13 15:49:42.908764,18,-16,8,-225,-189,-467
2025-03-13 15:49:42.998086,18,-14,3,-221,0,-281
2025-03-13 15:49:43.043496,8,-14,1,-241,0,-162
2025-03-13 15:49:43.134036,9,-12,6,106,-67,40
2025-03-13 15:49:43.177977,8,-3,5,76,32,75
2025-03-13 15:49:43.312870,10,-1,1,200,19,37
2025-03-13 15:49:43.403717,10,3,-1,81,0,26
2025-03-13 15:49:43.404037,9,0,2,-62,-20,-32
2025-03-13 15:49:43.583564,9,-1,4,-20,0,-14
2025-03-13 15:49:43.628543,9,-1,3,7,0,0
2025-03-13 15:49:43.674180,9,0,3,23,0,6
2025-03-13 15:49:43.676305,9,0,2,23,0,5
2025-03-13 15:49:43.763705,9,0,3,19,0,5
2025-03-13 15:49:43.897842,9,0,2,0,0,0
2025-03-13 15:49:43.945690,9,0,3,-7,0,0
2025-03-13 15:49:44.034398,9,0,3,0,0,0
2025-03-13 15:49:44.035015,9,0,3,0,0,0
2025-03-13 15:49:44.168332,9,0,3,0,0,0
2025-03-13 15:49:44.213664,9,0,3,0,0,0
2025-03-13 15:49:44.214834,9,0,3,0,0,0
2025-03-13 15:49:44.304365,9,0,3,0,0,0
2025-03-13 15:49:44.439434,9,0,3,0,0,0
2025-03-13 15:49:44.485895,9,0,3,0,0,0
2025-03-13 15:49:44.574565,9,0,3,0,0,0
2025-03-13 15:49:45.564896,0,0,17,107,208,33
2025-03-13 15:49:45.654326,10,3,10,249,76,-30
2025-03-13 15:49:45.698034,11,2,0,267,43,-9
2025-03-13 15:49:45.833484,9,0,-3,351,-178,-6
2025-03-13 15:49:45.923468,12,-3,0,311,-359,-6
2025-03-13 15:49:45.924014,15,-14,12,108,-443,36
2025-03-13 15:49:46.059130,10,-19,19,-108,-455,120
2025-03-13 15:49:46.104950,4,-19,19,-170,-303,278
2025-03-13 15:49:46.148614,10,-19,19,-131,-69,482
2025-03-13 15:49:46.194151,13,-10,19,-255,250,418
2025-03-13 15:49:46.327887,12,-9,19,-115,284,431
2025-03-13 15:49:46.419575,11,-2,18,132,276,356
2025-03-13 15:49:46.420878,8,1,8,241,182,158
2025-03-13 15:49:46.463509,5,0,3,183,124,9
2025-03-13 15:49:46.552783,2,-3,-3,232,50,0
2025-03-13 15:49:46.598663,1,-6,-8,150,0,-76
2025-03-13 15:49:46.687896,-2,-11,-7,-12,-59,-57
2025-03-13 15:49:46.732712,0,-2,-4,42,-214,69
2025-03-13 15:49:46.822856,0,-1,2,-77,-343,-37
2025-03-13 15:49:46.869226,3,-2,9,-78,-353,-111
2025-03-13 15:49:46.912916,7,-3,12,-96,-344,-214
2025-03-13 15:49:47.003853,5,-11,15,-105,-224,-312
2025-03-13 15:49:47.093413,9,-10,12,-13,-184,-316
2025-03-13 15:49:47.138678,16,-8,5,-202,-145,-397
2025-03-13 15:49:47.272672,15,-11,5,-270,-135,-310
2025-03-13 15:49:47.362881,13,-12,3,-275,-129,-201
2025-03-13 15:49:47.363240,10,-10,8,-107,-22,70
2025-03-13 15:49:47.408328,9,-2,1,265,58,89
2025-03-13 15:49:47.544160,9,2,0,146,44,67
2025-03-13 15:49:47.634698,9,1,2,15,0,0
2025-03-13 15:49:47.635504,9,-1,2,-13,0,-14
2025-03-13 15:49:47.768953,9,-1,3,0,0,-4
2025-03-13 15:49:47.860799,9,0,3,24,0,0
2025-03-13 15:49:47.861609,9,0,3,41,0,10
2025-03-13 15:49:47.903771,9,0,2,26,0,8
2025-03-13 15:49:48.038933,9,0,3,7,0,0
2025-03-13 15:49:48.129530,9,0,3,0,0,0
2025-03-13 15:49:48.175017,9,0,3,-6,0,0
2025-03-13 15:49:48.263553,9,0,3,0,0,0
2025-03-13 15:49:48.307824,9,0,3,0,0,0
2025-03-13 15:49:49.300256,-5,-18,15,-59,78,431
2025-03-13 15:49:49.388509,0,-13,19,114,150,464
2025-03-13 15:49:49.523692,3,0,19,191,233,292
2025-03-13 15:49:49.568572,5,3,19,186,226,80
2025-03-13 15:49:49.569698,9,4,8,287,145,-42
2025-03-13 15:49:49.752097,9,-1,4,307,-23,-164
2025-03-13 15:49:49.793904,6,-5,1,347,-71,-47
2025-03-13 15:49:49.839167,9,-3,-1,341,-246,-26
2025-03-13 15:49:49.839819,15,-7,4,266,-491,13
2025-03-13 15:49:49.972989,17,-19,19,40,-497,140
2025-03-13 15:49:50.018684,8,-15,19,-86,-300,325
2025-03-13 15:49:50.063380,5,-14,19,-139,-71,424
2025-03-13 15:49:50.154108,12,-3,19,-101,261,447
2025-03-13 15:49:50.198340,16,1,19,0,408,329
2025-03-13 15:49:50.334395,10,0,15,101,348,179
2025-03-13 15:49:50.424035,7,0,6,115,225,38
2025-03-13 15:49:50.469553,5,-2,0,106,83,-47
2025-03-13 15:49:50.513880,4,-7,-8,66,0,-15
2025-03-13 15:49:50.557753,3,-2,-8,65,-185,10
2025-03-13 15:49:50.648020,3,0,0,-66,-292,-91
2025-03-13 15:49:50.738537,4,-5,8,-100,-308,-210
2025-03-13 15:49:50.827844,7,-10,11,-112,-252,-342
2025-03-13 15:49:50.917728,9,-15,10,-112,-114,-351
2025-03-13 15:49:50.964668,9,-13,7,-42,-57,-329
2025-03-13 15:49:51.052752,14,-11,5,-16,-94,-365
2025-03-13 15:49:51.098691,13,-7,2,-49,-107,-256
2025-03-13 15:49:51.144784,10,-12,4,-414,-184,-93
2025-03-13 15:49:51.233099,13,-7,11,176,73,51
2025-03-13 15:49:51.369095,12,1,-1,289,146,131
2025-03-13 15:49:51.414945,9,1,0,109,38,78
2025-03-13 15:49:51.548151,8,2,1,-12,-19,-12
2025-03-13 15:49:51.638605,9,0,2,-93,-35,-34
2025-03-13 15:49:51.639242,9,-1,4,-64,-31,-22
2025-03-13 15:49:51.772886,9,-1,4,18,0,7
2025-03-13 15:49:51.863124,9,0,2,46,0,18
2025-03-13 15:49:51.863898,9,0,2,27,0,10
2025-03-13 15:49:51.908706,9,0,2,0,0,0
2025-03-13 15:49:52.000712,9,0,2,-13,0,-3
2025-03-13 15:49:52.089783,9,0,2,-27,0,-6
2025-03-13 15:49:52.134037,9,0,3,0,0,0
2025-03-13 15:49:53.168617,2,-8,19,187,261,325
2025-03-13 15:49:53.214833,8,1,12,347,178,160
2025-03-13 15:49:53.393879,9,5,3,87,117,-102
2025-03-13 15:49:53.482721,7,0,3,-12,80,-165
2025-03-13 15:49:53.482906,5,-2,-2,296,-35,-11
2025-03-13 15:49:53.483080,9,-1,-4,267,-261,-80
2025-03-13 15:49:53.529156,14,-8,1,251,-540,-98
2025-03-13 15:49:53.617751,14,-19,19,-60,-544,91
2025-03-13 15:49:53.707885,2,-19,19,-106,-342,293
2025-03-13 15:49:53.753509,2,-18,19,-15,-86,482
2025-03-13 15:49:53.843936,14,4,19,111,323,388
2025-03-13 15:49:53.935084,12,0,19,22,371,164
2025-03-13 15:49:54.022809,7,-2,15,79,303,115
2025-03-13 15:49:54.068619,4,-2,10,202,198,99
2025-03-13 15:49:54.112818,3,0,0,166,160,-31
2025-03-13 15:49:54.293347,1,-7,-8,60,65,-87
2025-03-13 15:49:54.338640,0,-4,-10,92,-79,4
2025-03-13 15:49:54.339753,0,-1,-4,0,-177,9
2025-03-13 15:49:54.429114,0,0,0,-19,-243,-46
2025-03-13 15:49:54.517956,3,-1,6,-24,-317,-112
2025-03-13 15:49:54.653993,7,-5,12,-102,-312,-219
2025-03-13 15:49:54.698648,7,-11,14,-125,-241,-293
2025-03-13 15:49:54.745405,8,-13,13,-65,-213,-332
2025-03-13 15:49:54.878729,11,-9,7,-79,-145,-328
2025-03-13 15:49:54.967755,13,-8,6,-99,-193,-272
2025-03-13 15:49:54.968047,10,-13,2,-483,-160,-122
2025-03-13 15:49:55.104082,13,-9,11,117,23,71
2025-03-13 15:49:55.192565,12,0,-1,281,159,117
2025-03-13 15:49:55.192771,9,1,-1,126,53,65
2025-03-13 15:49:55.283603,8,2,1,-30,-12,-7
2025-03-13 15:49:55.328845,9,0,2,-105,-37,-38
2025-03-13 15:49:55.417750,10,-2,3,-97,-32,-28
2025-03-13 15:49:55.462995,9,-2,4,0,0,4
2025-03-13 15:49:55.553684,9,-1,3,68,0,21
2025-03-13 15:49:55.598740,9,0,2,67,18,22
2025-03-13 15:49:55.687903,9,0,2,24,0,4
2025-03-13 15:49:55.778031,9,0,2,-11,0,-6
2025-03-13 15:49:55.825872,9,0,3,-13,0,-6
2025-03-13 15:49:55.958198,9,0,3,0,0,0
2025-03-13 15:49:57.037895,9,0,3,9,0,0
2025-03-13 15:49:57.038649,0,-13,8,-12,33,387
2025-03-13 15:49:57.082873,-4,-13,18,0,119,400
2025-03-13 15:49:57.129035,-3,-12,19,55,196,385
2025-03-13 15:49:57.172995,0,-8,19,149,286,326
2025-03-13 15:49:57.262670,3,-3,19,258,259,177
2025-03-13 15:49:57.353357,6,0,14,276,200,44
2025-03-13 15:49:57.398717,9,3,1,214,80,-118
2025-03-13 15:49:57.533884,7,0,-1,192,-12,-127
2025-03-13 15:49:57.669105,6,0,-5,391,-173,-24
2025-03-13 15:49:57.671238,11,-2,-1,303,-332,5
2025-03-13 15:49:57.804242,16,-8,6,131,-477,25
2025-03-13 15:49:57.805502,18,-14,19,49,-456,168
2025-03-13 15:49:57.893260,16,-13,19,-107,-429,245
2025-03-13 15:49:57.938752,14,-9,19,81,-61,535
2025-03-13 15:49:57.984848,13,4,19,-88,247,432
2025-03-13 15:49:58.117770,19,5,19,65,419,314
2025-03-13 15:49:58.164693,12,3,19,43,379,88
2025-03-13 15:49:58.164899,9,0,14,87,321,44
2025-03-13 15:49:58.299566,7,0,3,93,226,-44
2025-03-13 15:49:58.342862,3,-3,-3,53,124,-45
2025-03-13 15:49:58.388818,-1,-4,-9,149,0,12
2025-03-13 15:49:58.477952,-1,-3,-2,33,-101,-23
2025-03-13 15:49:58.524728,-2,-2,0,0,-114,-17
2025-03-13 15:49:58.567935,0,0,0,24,-216,-32
2025-03-13 15:49:58.658651,4,0,3,47,-336,-90
2025-03-13 15:49:58.747866,8,-4,12,-11,-380,-186
2025-03-13 15:49:58.793925,10,-8,17,-17,-282,-232
2025-03-13 15:49:58.882769,10,-8,16,-44,-226,-258
2025-03-13 15:49:58.972881,11,-7,10,-104,-181,-270
2025-03-13 15:49:59.108389,13,-7,6,-274,-232,-280
2025-03-13 15:49:59.155021,12,-13,8,-352,-165,-79
2025-03-13 15:49:59.156160,12,-4,7,162,66,59
2025-03-13 15:49:59.287984,10,1,1,241,177,94
2025-03-13 15:49:59.333847,9,2,0,94,46,57
2025-03-13 15:49:59.377882,9,0,1,-66,-51,0
2025-03-13 15:49:59.467811,8,0,3,0,-16,-17
2025-03-13 15:49:59.513745,10,-1,3,0,0,-6
2025-03-13 15:49:59.602868,9,0,3,11,0,5
2025-03-13 15:49:59.694251,9,0,3,0,0,13
2025-03-13 15:49:59.738685,9,0,3,38,15,9
2025-03-13 15:50:00.730044,11,-9,13,107,293,75
2025-03-13 15:50:00.818792,6,-9,9,12,242,285
2025-03-13 15:50:00.956889,1,-11,11,-139,156,364
2025-03-13 15:50:00.998612,-5,-6,19,107,134,433
2025-03-13 15:50:01.133888,-1,-5,19,119,244,247
2025-03-13 15:50:01.179608,2,-8,19,145,258,213
2025-03-13 15:50:01.180730,10,1,12,269,253,74
2025-03-13 15:50:01.315337,12,7,1,132,123,-115
2025-03-13 15:50:01.358722,7,2,0,211,0,-131
2025-03-13 15:50:01.403007,6,0,-1,289,-145,-116
2025-03-13 15:50:01.449089,8,0,0,289,-251,-117
2025-03-13 15:50:01.537936,12,-10,4,278,-374,-23
2025-03-13 15:50:01.629325,18,-14,10,53,-444,180
2025-03-13 15:50:01.762802,14,-19,19,-46,-391,349
2025-03-13 15:50:01.809106,9,-19,19,-271,-164,384
2025-03-13 15:50:01.809473,16,-19,19,-117,39,473
2025-03-13 15:50:01.853044,19,-6,19,37,286,519
2025-03-13 15:50:01.943669,18,-1,19,40,333,306
2025-03-13 15:50:02.033830,10,-2,12,174,241,129
2025-03-13 15:50:02.124999,8,-2,3,181,184,-15
2025-03-13 15:50:02.171674,6,-3,-8,154,154,-45
2025-03-13 15:50:02.214097,0,-8,-9,113,-75,-50
2025-03-13 15:50:02.350533,-5,-4,-3,19,-64,10
2025-03-13 15:50:02.395659,1,0,-3,-79,-144,-73
2025-03-13 15:50:02.439644,4,-3,4,-185,-313,-240
2025-03-13 15:50:02.528761,5,-4,6,47,-293,-255
2025-03-13 15:50:02.574705,9,-10,12,71,-213,-308
2025-03-13 15:50:02.664372,9,-16,11,-148,-39,-410
2025-03-13 15:50:02.754443,8,-15,10,71,-85,-324
2025-03-13 15:50:02.798864,14,-5,1,19,-86,-260
2025-03-13 15:50:02.979680,10,-6,2,-169,-215,-177
2025-03-13 15:50:03.025872,13,-9,12,-219,-115,-76
2025-03-13 15:50:03.026686,9,-4,3,226,102,60
2025-03-13 15:50:03.114609,9,0,-1,103,61,82
2025-03-13 15:50:03.161126,11,1,5,0,-43,5
2025-03-13 15:50:03.248832,9,2,0,60,54,25
2025-03-13 15:50:03.384468,9,0,3,-12,0,-19
2025-03-13 15:50:03.517862,9,0,3,29,0,-4
2025-03-13 15:50:03.518381,10,0,3,34,0,4
2025-03-13 15:50:05.364485,9,0,2,34,0,15
2025-03-13 15:50:05.366573,7,-11,11,-120,169,268
2025-03-13 15:50:05.455632,1,-16,7,-61,83,424
2025-03-13 15:50:05.500886,-5,-15,15,-44,135,456
2025-03-13 15:50:05.588903,-5,-17,19,31,239,390
2025-03-13 15:50:05.633952,0,-13,19,143,252,358
2025-03-13 15:50:05.770328,3,-4,10,85,201,146
2025-03-13 15:50:05.860916,5,1,8,0,27,-33
2025-03-13 15:50:05.862851,5,5,7,300,170,165
2025-03-13 15:50:05.994806,7,9,-6,274,0,-62
2025-03-13 15:50:06.039623,7,0,0,169,-150,-190
2025-03-13 15:50:06.040892,11,-3,1,341,-239,-101
2025-03-13 15:50:06.173741,19,-8,11,207,-494,-118
2025-03-13 15:50:06.399599,5,-19,19,-15,-527,-38
2025-03-13 15:50:06.400998,0,-19,19,-30,-279,210
2025-03-13 15:50:06.534019,6,-19,19,-55,-217,447
2025-03-13 15:50:06.534507,19,-3,19,27,263,544
2025-03-13 15:50:06.534878,16,-1,19,57,372,428
2025-03-13 15:50:06.625171,10,1,10,279,312,220
2025-03-13 15:50:06.625905,7,-1,5,168,113,-87
2025-03-13 15:50:06.759495,10,-6,-7,161,97,-117
2025-03-13 15:50:06.850575,-2,-10,-5,41,-21,-24
2025-03-13 15:50:06.851670,-5,-3,-2,-50,-24,16
2025-03-13 15:50:06.939481,0,0,-1,-33,-167,19
2025-03-13 15:50:06.984846,4,0,2,-62,-321,-61
2025-03-13 15:50:07.118706,7,-1,9,-67,-363,-195
2025-03-13 15:50:07.208862,5,-11,17,-77,-276,-323
2025-03-13 15:50:07.209118,5,-16,12,-153,-159,-411
2025-03-13 15:50:07.301046,14,-12,9,-131,-49,-327
2025-03-13 15:50:07.345152,14,-7,2,-200,-47,-338
2025-03-13 15:50:07.433805,11,-11,7,-166,-187,-270
2025-03-13 15:50:07.479034,13,-9,4,-9,-97,-63
2025-03-13 15:50:07.616351,9,-5,2,-61,22,78
2025-03-13 15:50:07.704689,10,-3,2,-46,18,72
2025-03-13 15:50:07.750990,9,0,2,62,60,67
2025-03-13 15:50:07.840776,9,0,0,164,35,41
2025-03-13 15:50:07.884173,9,3,0,0,0,-6
2025-03-13 15:50:07.973625,9,-2,2,-60,-54,-34
2025-03-13 15:50:08.109546,10,-2,2,16,-45,-24
2025-03-13 15:50:08.199327,10,-2,2,34,0,-13
2025-03-13 15:50:08.200265,10,-2,1,67,0,28
2025-03-13 15:50:09.776187,9,-5,10,41,29,86
2025-03-13 15:50:09.908760,4,-3,6,76,30,81
2025-03-13 15:50:09.999270,1,-6,5,57,0,110
2025-03-13 15:50:09.999700,2,-8,5,67,-17,179
2025-03-13 15:50:10.089009,0,-11,7,-23,20,230
2025-03-13 15:50:10.135751,-8,-19,19,-67,99,319
2025-03-13 15:50:10.178981,1,-19,19,-12,259,411
2025-03-13 15:50:10.314081,5,-10,19,159,275,389
2025-03-13 15:50:10.404078,12,1,14,370,223,246
2025-03-13 15:50:10.495449,12,8,0,118,81,-123
2025-03-13 15:50:10.539285,8,-2,0,285,-113,-84
2025-03-13 15:50:10.540094,12,-6,-5,337,-282,64
2025-03-13 15:50:10.628944,17,-6,0,221,-485,144
2025-03-13 15:50:10.719475,12,-19,19,-352,-464,-10
2025-03-13 15:50:10.766099,-4,-19,19,-175,-273,222
2025-03-13 15:50:10.855878,0,-19,19,-120,-87,451
2025-03-13 15:50:10.943778,16,3,19,134,327,473
2025-03-13 15:50:11.079349,15,9,19,128,394,183
2025-03-13 15:50:11.124594,9,0,15,88,269,-51
2025-03-13 15:50:11.214267,8,-4,9,159,226,0
2025-03-13 15:50:11.260708,3,-2,-4,160,155,-3
2025-03-13 15:50:11.305228,0,-8,-12,115,-34,-139
2025-03-13 15:50:11.395114,-1,-8,-5,13,-90,-38
2025-03-13 15:50:11.439436,-1,-4,-4,40,-171,30
2025-03-13 15:50:11.576895,5,0,0,-79,-300,-17
2025-03-13 15:50:11.665490,7,-3,7,-35,-418,-89
2025-03-13 15:50:11.666898,8,-5,13,-107,-357,-194
2025-03-13 15:50:11.800543,7,-14,16,-136,-138,-302
2025-03-13 15:50:11.851924,4,-16,16,-123,-65,-321
2025-03-13 15:50:11.853149,9,-7,8,-12,0,-319
2025-03-13 15:50:11.979019,12,-8,0,-256,-32,-396
2025-03-13 15:50:12.160683,8,-12,5,-203,-192,-243
2025-03-13 15:50:12.161569,14,-7,5,124,-149,-64
2025-03-13 15:50:12.205157,10,-5,4,-16,44,61
2025-03-13 15:50:12.206524,11,-1,5,227,98,76
2025-03-13 15:50:12.250547,9,3,0,222,108,7
2025-03-13 15:50:12.338767,8,1,1,-39,0,-21
2025-03-13 15:50:12.428943,9,0,3,-61,-50,-30
2025-03-13 15:50:12.518673,9,-1,3,-53,-18,0
2025-03-13 15:50:12.565588,9,0,4,-29,15,9
2025-03-13 15:50:14.727721,3,-19,6,39,152,265
2025-03-13 15:50:14.768695,2,-19,2,0,60,468
2025-03-13 15:50:14.904538,8,-19,13,0,32,584
2025-03-13 15:50:14.994929,11,-17,16,136,132,505
2025-03-13 15:50:14.996097,8,-5,19,286,203,339
2025-03-13 15:50:15.083902,13,8,6,239,220,55
2025-03-13 15:50:15.129818,18,7,3,96,48,-115
2025-03-13 15:50:15.264888,16,0,-2,380,-178,-35
2025-03-13 15:50:15.310743,18,-9,0,278,-511,-60
2025-03-13 15:50:15.311885,12,-19,16,-39,-452,-51
2025-03-13 15:50:15.444763,-1,-19,19,-210,-352,3
2025-03-13 15:50:15.534829,-1,-19,19,-156,-368,198
2025-03-13 15:50:15.535871,6,-19,19,0,-84,516
2025-03-13 15:50:15.580013,15,2,19,90,334,493
2025-03-13 15:50:15.668927,15,2,19,108,387,214
2025-03-13 15:50:15.713809,9,-2,13,135,287,69
2025-03-13 15:50:15.849592,8,-3,7,164,207,17
2025-03-13 15:50:15.940644,5,-3,-1,172,119,0
2025-03-13 15:50:15.941670,1,-6,-13,119,-49,-16
2025-03-13 15:50:15.985269,0,-5,-6,19,-175,-53
2025-03-13 15:50:16.075172,0,-2,2,23,-190,20
2025-03-13 15:50:16.210482,1,1,3,-14,-271,-22
2025-03-13 15:50:16.389580,8,0,8,-145,-330,-203
2025-03-13 15:50:16.390448,10,-11,16,-173,-312,-324
2025-03-13 15:50:16.435304,9,-18,10,-211,-119,-367
2025-03-13 15:50:16.436452,6,-19,8,-139,0,-255
2025-03-13 15:50:16.524678,5,-11,4,18,0,-166
2025-03-13 15:50:16.568984,6,-5,3,-156,-141,-227
2025-03-13 15:50:16.658785,12,-16,14,-233,-46,-98
2025-03-13 15:50:16.749204,9,-4,-1,416,47,15
2025-03-13 15:50:16.838804,7,2,-1,99,24,4
2025-03-13 15:50:16.884871,8,0,0,-137,19,-44
2025-03-13 15:50:16.974009,10,-2,2,-131,0,-18
2025-03-13 15:50:17.018809,9,-1,6,-57,-61,-31
2025-03-13 15:50:17.065155,10,-3,5,0,-16,26
2025-03-13 15:50:17.155175,9,0,0,25,0,36
2025-03-13 15:50:17.243822,9,0,2,-13,0,-6
2025-03-13 15:50:17.290692,10,-1,2,-30,0,-15
2025-03-13 15:50:17.379271,9,-2,4,-46,0,10
2025-03-13 15:50:17.559601,9,-1,2,11,21,30
2025-03-13 15:50:18.508861,9,-9,8,79,146,103
2025-03-13 15:50:18.548771,6,-18,5,211,226,457
2025-03-13 15:50:18.729552,-2,-19,12,-75,0,449
2025-03-13 15:50:18.774842,3,-18,16,78,139,478
2025-03-13 15:50:18.775958,2,-18,19,179,190,396
2025-03-13 15:50:18.864703,6,-3,19,355,268,266
2025-03-13 15:50:18.909912,11,5,14,310,262,79
2025-03-13 15:50:18.953699,12,3,3,112,143,-135
2025-03-13 15:50:19.045273,9,0,-3,293,0,-38
2025-03-13 15:50:19.135102,8,-2,-6,352,-263,0
2025-03-13 15:50:19.180467,15,-7,2,239,-447,29
2025-03-13 15:50:19.225156,13,-13,9,75,-434,106
2025-03-13 15:50:19.314816,8,-19,19,-314,-289,176
2025-03-13 15:50:19.449571,-6,-19,19,-325,-174,216
2025-03-13 15:50:19.539141,-2,-19,19,-248,0,403
2025-03-13 15:50:19.539837,10,-11,19,-41,246,546
2025-03-13 15:50:19.629839,18,0,19,134,352,432
2025-03-13 15:50:19.719761,9,-1,12,59,265,96
2025-03-13 15:50:19.720371,9,-4,5,130,177,44
2025-03-13 15:50:19.810669,8,-2,-4,135,96,66
2025-03-13 15:50:19.854584,3,0,-15,117,-50,45
2025-03-13 15:50:19.944668,0,-2,-5,0,-219,-49
2025-03-13 15:50:19.989877,0,-1,3,38,-333,18
2025-03-13 15:50:20.078866,5,-2,7,-138,-318,-109
2025-03-13 15:50:20.214794,9,-8,12,-257,-316,-321
2025-03-13 15:50:20.394631,10,-15,13,-232,-175,-417
2025-03-13 15:50:20.395593,10,-16,8,-164,-18,-447
2025-03-13 15:50:20.444114,15,-8,4,-189,-67,-386
2025-03-13 15:50:20.445296,19,-4,-1,-285,68,-290
2025-03-13 15:50:20.484667,10,-17,5,-165,33,-255
2025-03-13 15:50:20.575664,10,-10,0,326,-60,-26
2025-03-13 15:50:20.620351,8,-3,0,-11,-26,50
2025-03-13 15:50:20.755314,10,-4,1,-119,-30,93
2025-03-13 15:50:20.844986,11,-1,1,-116,0,131
2025-03-13 15:50:20.890398,10,-1,2,-73,0,102
2025-03-13 15:50:20.978872,10,-2,1,15,-50,36
2025-03-13 15:50:21.023713,10,-3,8,125,0,19
2025-03-13 15:50:21.159982,8,-2,2,14,-19,-6
2025-03-13 15:50:21.205907,9,-3,2,102,-14,-13
2025-03-13 15:50:21.249748,9,-1,0,46,23,-17
2025-03-13 15:50:23.365149,9,-5,12,11,0,-16
2025-03-13 15:50:23.455673,7,-2,2,140,52,62
2025-03-13 15:50:23.456753,9,0,0,135,18,47
2025-03-13 15:50:23.545503,3,-14,12,177,163,259
2025-03-13 15:50:23.680851,0,-19,8,182,121,484
2025-03-13 15:50:23.725834,0,-19,19,88,217,469
2025-03-13 15:50:23.726985,6,-14,19,148,348,353
2025-03-13 15:50:23.860387,8,-9,19,298,316,269
2025-03-13 15:50:23.906655,19,9,8,309,285,-41
2025-03-13 15:50:23.951600,16,1,3,246,0,-99
2025-03-13 15:50:24.086463,14,-5,-3,482,-266,55
2025-03-13 15:50:24.219095,17,-13,0,245,-517,122
2025-03-13 15:50:24.266775,12,-19,16,-174,-394,93
2025-03-13 15:50:24.312356,5,-19,19,-252,-420,217
2025-03-13 15:50:24.354806,8,-19,19,-102,-207,499
2025-03-13 15:50:24.446343,10,-2,19,-90,209,369
2025-03-13 15:50:24.581983,17,0,19,33,391,365
2025-03-13 15:50:24.671044,13,0,19,96,382,173
2025-03-13 15:50:24.672910,9,-4,11,177,265,82
2025-03-13 15:50:24.805449,7,-5,0,185,111,15
2025-03-13 15:50:24.940165,1,-5,-12,160,17,47
2025-03-13 15:50:24.940772,2,-5,-8,0,-115,-99
2025-03-13 15:50:25.029819,0,-4,-1,22,-223,10
2025-03-13 15:50:25.030073,2,-1,3,0,-281,81
2025-03-13 15:50:25.119741,6,1,9,-77,-344,-88
2025-03-13 15:50:25.165821,8,-8,16,-225,-275,-336
2025-03-13 15:50:25.255819,8,-19,15,-206,-80,-389
2025-03-13 15:50:25.345340,6,-19,7,-241,-32,-420
2025-03-13 15:50:25.390463,10,-12,4,-20,-42,-351
2025-03-13 15:50:25.439585,8,-8,2,-67,-115,-245
2025-03-13 15:50:25.525415,12,-9,6,-211,-198,-180
2025-03-13 15:50:25.616523,13,-6,2,138,0,6
2025-03-13 15:50:25.750357,9,2,3,-54,145,75
2025-03-13 15:50:25.796761,7,1,2,19,0,-78
2025-03-13 15:50:25.797798,9,0,2,-155,78,0
2025-03-13 15:50:25.930291,9,0,1,-153,0,34
2025-03-13 15:50:25.976645,10,-1,2,-66,-54,27
2025-03-13 15:50:26.066088,10,0,2,106,-46,14
2025-03-13 15:50:26.114910,7,1,6,110,0,-18
2025-03-13 15:50:26.200365,9,-3,3,58,49,9
2025-03-13 15:50:27.235458,0,-16,8,-48,0,357
2025-03-13 15:50:27.324865,0,-17,19,66,70,459
2025-03-13 15:50:27.325164,4,-11,19,34,206,313
2025-03-13 15:50:27.415621,6,-7,19,123,248,307
2025-03-13 15:50:27.505896,7,1,14,270,261,192
2025-03-13 15:50:27.639898,9,5,1,214,174,-23
2025-03-13 15:50:27.688385,7,0,0,206,0,-81
2025-03-13 15:50:27.689533,9,0,-5,309,-122,-24
2025-03-13 15:50:27.819752,16,-5,-5,243,-439,-75
2025-03-13 15:50:27.866309,19,-16,15,69,-707,-58
2025-03-13 15:50:27.910065,11,-19,19,-80,-469,204
2025-03-13 15:50:27.999674,11,-19,19,-111,-284,368
2025-03-13 15:50:28.045659,19,-11,19,279,42,564
2025-03-13 15:50:28.179823,19,11,19,258,504,345
2025-03-13 15:50:28.225913,12,-1,19,10,352,63
2025-03-13 15:50:28.270122,10,-7,17,165,273,65
2025-03-13 15:50:28.405005,9,-4,6,201,233,0
2025-03-13 15:50:28.539826,7,-5,-4,173,131,-64
2025-03-13 15:50:28.540078,1,-11,-17,126,-73,-42
2025-03-13 15:50:28.629900,3,-6,-5,96,-294,83
2025-03-13 15:50:28.675840,5,0,-1,-24,-318,49
2025-03-13 15:50:28.676294,8,-1,10,-161,-372,-90
2025-03-13 15:50:28.766880,10,-6,19,-122,-265,-143
2025-03-13 15:50:28.854828,10,-10,11,-302,-117,-316
2025-03-13 15:50:28.944906,8,-18,6,-434,-35,-410
2025-03-13 15:50:28.990007,12,-15,1,-315,16,-385
2025-03-13 15:50:29.035358,11,-11,1,-192,43,-257
2025-03-13 15:50:29.170646,11,-11,4,100,-88,-151
2025-03-13 15:50:29.215825,11,-5,0,66,0,0
2025-03-13 15:50:29.262453,10,-4,0,-50,34,104
2025-03-13 15:50:29.354626,11,-2,1,84,0,117
2025-03-13 15:50:29.395537,10,1,1,269,17,71
2025-03-13 15:50:29.529857,7,5,-1,62,70,12
2025-03-13 15:50:29.620183,9,-1,2,-182,-64,-48
2025-03-13 15:50:29.755947,9,-4,3,-65,-30,-9
2025-03-13 15:50:29.756494,10,-3,1,32,0,22
2025-03-13 15:50:29.936425,10,-3,4,78,0,13
2025-03-13 15:50:29.937483,9,0,2,146,15,18
2025-03-13 15:50:29.981667,9,0,1,107,0,12
2025-03-13 15:50:29.982802,9,0,1,33,0,0
2025-03-13 15:50:31.016174,14,-2,18,259,360,335
2025-03-13 15:50:31.106092,13,10,5,252,274,76
2025-03-13 15:50:31.241766,12,7,-1,58,128,-195
2025-03-13 15:50:31.331571,7,-2,0,271,-59,-109
2025-03-13 15:50:31.332656,14,-2,-6,382,-331,-62
2025-03-13 15:50:31.419778,19,-7,-1,380,-577,30
2025-03-13 15:50:31.465820,19,-19,19,-41,-542,121
2025-03-13 15:50:31.509825,15,-19,19,-56,-423,276
2025-03-13 15:50:31.645483,11,-19,19,-94,-270,391
2025-03-13 15:50:31.690485,19,-13,19,45,140,488
2025-03-13 15:50:31.691344,19,-7,19,35,347,469
2025-03-13 15:50:31.824818,19,-4,19,102,376,307
2025-03-13 15:50:31.869654,14,-2,10,196,292,115
2025-03-13 15:50:31.915026,10,-3,4,174,240,10
2025-03-13 15:50:32.004870,7,-5,-2,163,171,-9
2025-03-13 15:50:32.051886,6,-5,-11,170,101,-27
2025-03-13 15:50:32.140899,-1,-7,-12,55,-95,-54
2025-03-13 15:50:32.185036,-4,-6,-3,0,-179,-50
2025-03-13 15:50:32.320470,0,-2,2,36,-358,-51
2025-03-13 15:50:32.410463,6,-2,8,-15,-399,-151
2025-03-13 15:50:32.411366,7,-9,14,-78,-292,-212
2025-03-13 15:50:32.545539,7,-11,14,-113,-190,-287
2025-03-13 15:50:32.679918,5,-11,13,-46,-168,-300
2025-03-13 15:50:32.725680,12,-5,1,-198,-41,-300
2025-03-13 15:50:32.815892,15,-8,0,-409,-36,-340
2025-03-13 15:50:32.859855,10,-19,11,-79,-120,-162
2025-03-13 15:50:32.860862,11,-6,0,385,81,117
2025-03-13 15:50:32.994952,6,6,2,23,33,40
2025-03-13 15:50:33.175538,10,1,1,49,15,-34
2025-03-13 15:50:33.176274,9,0,0,-37,0,3
2025-03-13 15:50:33.220870,10,0,-1,-274,-78,0
2025-03-13 15:50:33.222289,9,-5,2,-290,0,4
2025-03-13 15:50:33.355002,10,-3,7,110,17,8
2025-03-13 15:50:33.445871,8,0,3,138,0,34
2025-03-13 15:50:33.446981,9,0,1,53,-21,12
2025-03-13 15:50:33.534847,9,0,1,34,0,21
2025-03-13 15:50:33.582321,9,0,2,0,0,3
2025-03-13 15:50:33.625167,9,0,3,0,0,0
2025-03-13 15:50:33.714956,9,0,2,8,0,0
2025-03-13 15:50:33.804755,9,0,2,0,0,0
2025-03-13 15:50:34.886095,-1,-14,19,85,162,355
2025-03-13 15:50:34.977434,2,-12,19,191,235,310
2025-03-13 15:50:34.980706,6,-4,17,325,238,220
2025-03-13 15:50:35.110610,16,7,0,336,209,-37
2025-03-13 15:50:35.155971,11,0,-3,228,-85,-107
2025-03-13 15:50:35.157401,14,-4,-8,448,-377,-15
2025-03-13 15:50:35.291440,19,-12,-1,332,-711,185
2025-03-13 15:50:35.382843,19,-18,19,-180,-433,237
2025-03-13 15:50:35.383734,5,-19,19,-338,-189,223
2025-03-13 15:50:35.472301,9,-19,19,-325,-228,266
2025-03-13 15:50:35.516679,19,-19,19,-23,-203,475
2025-03-13 15:50:35.561058,19,-13,19,218,288,601
2025-03-13 15:50:35.650727,19,-1,17,245,379,297
2025-03-13 15:50:35.739979,10,-7,9,126,266,29
2025-03-13 15:50:35.832369,9,-8,-4,269,166,58
2025-03-13 15:50:35.920039,5,-6,-9,229,0,90
2025-03-13 15:50:35.920638,2,-2,-8,107,-137,-23
2025-03-13 15:50:36.012395,-4,-3,0,20,-160,-9
2025-03-13 15:50:36.055819,-6,4,5,17,-123,-31
2025-03-13 15:50:36.235905,0,-1,-1,-301,-70,-321
2025-03-13 15:50:36.281072,1,-11,7,-157,-245,-337
2025-03-13 15:50:36.282415,3,-8,5,190,-384,-255
2025-03-13 15:50:36.325913,9,-13,9,-156,-151,-351
2025-03-13 15:50:36.415843,11,-15,7,-197,53,-316
2025-03-13 15:50:36.504796,12,-10,0,-247,67,-357
2025-03-13 15:50:36.596533,11,-12,2,-297,-59,-268
2025-03-13 15:50:36.684862,12,-11,5,79,-146,-128
2025-03-13 15:50:36.730203,10,-4,0,41,86,21
2025-03-13 15:50:36.820074,9,-3,0,-65,70,67
2025-03-13 15:50:36.866442,10,-3,1,-43,0,54
2025-03-13 15:50:36.911308,9,-2,2,32,-19,57
2025-03-13 15:50:36.999808,9,0,2,83,0,12
2025-03-13 15:50:37.089766,9,-1,2,30,-26,-8
2025-03-13 15:50:37.179846,9,-2,3,37,-21,4
2025-03-13 15:50:37.226180,9,-2,2,55,-14,-8
2025-03-13 15:50:37.314883,9,-2,2,33,0,-10
2025-03-13 15:50:37.405736,9,-1,1,34,0,0
2025-03-13 15:50:37.496566,9,-1,1,28,0,0
2025-03-13 15:50:37.541481,10,-1,1,19,0,-4
2025-03-13 15:50:37.629678,9,-1,1,33,0,0
2025-03-13 15:50:38.620545,0,-16,4,103,144,378
2025-03-13 15:50:38.711536,-5,-19,15,-56,127,417
2025-03-13 15:50:38.799773,0,-19,15,10,203,449
2025-03-13 15:50:38.844918,3,-19,17,168,114,461
2025-03-13 15:50:38.890902,8,-6,19,377,136,385
2025-03-13 15:50:38.980674,15,9,9,352,189,78
2025-03-13 15:50:39.025762,15,3,7,222,0,-149
2025-03-13 15:50:39.115035,16,-2,-3,377,-174,-67
2025-03-13 15:50:39.159854,19,-15,-4,445,-618,129
2025-03-13 15:50:39.250815,19,-19,19,-186,-494,181
2025-03-13 15:50:39.385024,7,-19,19,-414,-402,65
2025-03-13 15:50:39.430636,2,-19,19,-270,-176,284
2025-03-13 15:50:39.431763,11,-19,19,-143,0,502
2025-03-13 15:50:39.564834,19,-14,19,37,352,562
2025-03-13 15:50:39.656566,19,-3,19,144,365,283
2025-03-13 15:50:39.657492,11,-6,10,227,179,65
2025-03-13 15:50:39.746095,10,-6,0,310,76,12
2025-03-13 15:50:39.791076,8,-8,-7,260,-17,32
2025-03-13 15:50:39.926288,2,-12,-8,73,-144,107
2025-03-13 15:50:40.014844,3,-9,-5,-107,-281,228
2025-03-13 15:50:40.015192,10,-3,13,-160,-447,178
2025-03-13 15:50:40.106140,6,5,19,-224,-291,-11
2025-03-13 15:50:40.150654,8,-4,19,-435,-131,-283
2025-03-13 15:50:40.241157,14,-10,8,-447,-138,-506
2025-03-13 15:50:40.285385,17,-12,-2,-605,49,-455
2025-03-13 15:50:40.374674,13,-12,-3,-514,88,-299
2025-03-13 15:50:40.510959,10,-16,4,85,0,-141
2025-03-13 15:50:40.692995,10,-7,-3,323,-23,3
2025-03-13 15:50:40.694042,9,-4,0,56,-14,70
2025-03-13 15:50:40.781621,11,-3,1,20,-14,94
2025-03-13 15:50:40.870890,10,-2,2,14,13,110
2025-03-13 15:50:40.960811,10,0,1,106,0,78
2025-03-13 15:50:40.961365,9,0,1,79,-32,9
2025-03-13 15:50:41.050681,10,0,3,64,-18,-14
2025-03-13 15:50:41.096193,8,-2,1,-64,0,-5
2025-03-13 15:50:41.140064,9,-3,2,-11,0,-13
2025-03-13 15:50:41.229976,10,-2,1,23,0,0
2025-03-13 15:50:41.276057,9,-2,3,44,0,5
2025-03-13 15:50:41.455319,9,0,1,27,0,-4
2025-03-13 15:50:41.546539,9,-1,1,-9,0,-12
2025-03-13 15:50:42.496629,8,-13,5,283,212,271
2025-03-13 15:50:42.626703,1,-11,4,125,78,379
2025-03-13 15:50:42.627012,1,-13,18,164,101,358
2025-03-13 15:50:42.671804,5,-15,19,161,210,347
2025-03-13 15:50:42.715663,11,-9,19,307,307,298
2025-03-13 15:50:42.805682,16,-2,19,350,334,87
2025-03-13 15:50:42.851848,19,6,5,198,265,-274
2025-03-13 15:50:42.942378,16,0,-4,390,0,-127
2025-03-13 15:50:43.032052,19,-7,-7,582,-524,41
2025-03-13 15:50:43.076875,19,-13,6,253,-552,228
2025-03-13 15:50:43.165788,19,-19,19,-210,-400,256
2025-03-13 15:50:43.212585,17,-19,19,-172,-300,421
2025-03-13 15:50:43.301403,19,-19,19,-65,-41,622
2025-03-13 15:50:43.390874,19,-5,19,24,389,477
2025-03-13 15:50:43.436739,19,-2,19,11,465,249
2025-03-13 15:50:43.571514,12,-4,13,25,372,170
2025-03-13 15:50:43.616814,9,-3,5,199,240,166
2025-03-13 15:50:43.749667,6,-1,0,269,47,43
2025-03-13 15:50:43.749848,2,-2,-3,252,-27,-8
2025-03-13 15:50:43.886174,-1,-8,-4,155,-95,-25
2025-03-13 15:50:43.886924,-4,-10,-4,58,-127,76
2025-03-13 15:50:43.933044,-1,-7,-2,-25,-172,136
2025-03-13 15:50:43.977701,2,0,6,0,-345,217
2025-03-13 15:50:44.112574,6,4,13,-125,-300,127
2025-03-13 15:50:44.157658,7,5,15,-176,-267,-25
2025-03-13 15:50:44.203120,8,-1,12,-394,-181,-284
2025-03-13 15:50:44.290762,12,-11,6,-559,-189,-458
2025-03-13 15:50:44.336456,14,-12,3,-477,-61,-340
2025-03-13 15:50:44.516681,11,-10,2,-235,68,-198
2025-03-13 15:50:44.561752,10,-10,5,80,-75,-171
2025-03-13 15:50:44.562846,11,-4,0,96,0,17
2025-03-13 15:50:44.695703,9,-2,0,-73,61,87
2025-03-13 15:50:44.786197,10,-2,1,-56,0,76
2025-03-13 15:50:44.786961,9,0,0,49,-23,53
2025-03-13 15:50:44.876235,9,0,3,228,71,0
2025-03-13 15:50:44.966719,9,1,2,-13,-13,-3
2025-03-13 15:50:45.057736,9,-1,2,-81,-17,-17
2025-03-13 15:50:45.145816,9,-2,1,-23,0,-9
2025-03-13 15:50:45.371968,9,-2,2,0,0,0
2025-03-13 15:50:45.372863,9,-1,2,22,13,4
