2025-03-10 13:46:04.493396,-1,-15,2,0,0,142
2025-03-10 13:46:04.582281,2,-17,2,263,0,293
2025-03-10 13:46:04.626473,1,-17,7,224,0,326
2025-03-10 13:46:04.716170,0,-15,4,229,173,249
2025-03-10 13:46:04.851087,-1,-12,2,212,187,203
2025-03-10 13:46:04.896104,0,-8,-1,185,222,142
2025-03-10 13:46:04.896210,-1,-4,-4,84,216,0
2025-03-10 13:46:04.987202,0,-3,-5,186,244,125
2025-03-10 13:46:05.031164,2,-3,-7,0,273,75
2025-03-10 13:46:05.166313,4,-2,-17,0,261,0
2025-03-10 13:46:05.257136,8,0,-18,0,121,0
2025-03-10 13:46:05.301209,8,0,-17,-133,0,-75
2025-03-10 13:46:05.301337,7,0,-15,-176,118,-188
2025-03-10 13:46:05.346217,8,-2,-14,-139,172,-246
2025-03-10 13:46:05.436317,10,-5,-13,0,0,-352
2025-03-10 13:46:05.526199,4,-4,-9,142,-432,-246
2025-03-10 13:46:05.616800,19,7,-17,-125,-1404,-459
2025-03-10 13:46:05.706378,19,-10,10,184,-728,-470
2025-03-10 13:46:05.797396,19,0,15,152,-255,-98
2025-03-10 13:46:05.797591,17,4,11,0,0,108
2025-03-10 13:46:06.021944,13,0,11,0,0,0
2025-03-10 13:46:06.112458,10,0,9,86,142,0
2025-03-10 13:46:06.112778,5,2,7,0,110,0
2025-03-10 13:46:06.113113,4,0,7,-73,124,0
2025-03-10 13:46:06.157410,4,0,3,0,175,0
2025-03-10 13:46:06.201120,1,0,2,-119,175,0
2025-03-10 13:46:06.336224,4,-1,4,-141,0,0
2025-03-10 13:46:06.382303,1,-4,6,-153,0,-88
2025-03-10 13:46:06.427322,2,-7,3,-219,0,-210
2025-03-10 13:46:06.516975,4,-12,6,-115,0,-223
2025-03-10 13:46:06.562602,2,-14,5,0,0,-141
2025-03-10 13:46:06.742453,2,-13,0,-87,0,-221
2025-03-10 13:46:06.787254,3,-11,4,0,0,-159
2025-03-10 13:46:06.788499,7,-6,0,0,0,-133
2025-03-10 13:46:06.921992,8,-8,2,-143,0,-117
2025-03-10 13:46:07.056404,7,-7,3,0,0,0
2025-03-10 13:46:07.056711,7,-6,4,0,0,0
2025-03-10 13:46:07.102300,7,-4,4,76,0,0
2025-03-10 13:46:07.147390,7,-5,5,107,0,0
2025-03-10 13:46:07.237575,8,-1,4,84,0,0
2025-03-10 13:46:09.126369,5,-14,-7,0,92,220
2025-03-10 13:46:09.351342,8,-19,-7,132,0,385
2025-03-10 13:46:09.353150,8,-19,-4,275,0,452
2025-03-10 13:46:09.353380,2,-17,-3,318,119,374
2025-03-10 13:46:09.396285,6,-14,-2,251,261,317
2025-03-10 13:46:09.488520,8,-9,-5,131,329,269
2025-03-10 13:46:09.532661,9,-4,-7,92,313,230
2025-03-10 13:46:09.621631,8,2,-15,0,249,95
2025-03-10 13:46:09.667006,5,0,-14,0,0,0
2025-03-10 13:46:09.802482,8,-3,-13,-145,185,-81
2025-03-10 13:46:09.847483,14,1,-16,-140,211,-171
2025-03-10 13:46:09.891289,12,-1,-15,-147,223,-264
2025-03-10 13:46:09.936249,11,-4,-14,0,0,-358
2025-03-10 13:46:10.073660,6,-9,-5,132,-171,-317
2025-03-10 13:46:10.161604,5,-2,-2,254,-751,-196
2025-03-10 13:46:10.162053,19,12,-19,-297,-1884,-517
2025-03-10 13:46:10.251361,19,3,19,500,0,-237
2025-03-10 13:46:10.341902,18,5,0,-93,244,280
2025-03-10 13:46:10.387218,13,3,9,0,0,0
2025-03-10 13:46:10.432246,10,0,7,149,125,0
2025-03-10 13:46:10.521616,8,4,3,0,236,0
2025-03-10 13:46:10.747610,4,2,6,-127,138,0
2025-03-10 13:46:10.837412,4,-1,6,-184,0,-76
2025-03-10 13:46:10.837666,3,-3,7,-114,0,-113
2025-03-10 13:46:10.926335,4,-5,7,-132,0,-166
2025-03-10 13:46:10.926614,6,-6,7,-97,0,-211
2025-03-10 13:46:11.061765,7,-7,7,-97,0,-244
2025-03-10 13:46:11.151461,8,-10,7,-112,0,-227
2025-03-10 13:46:11.151883,7,-9,6,-93,0,-120
2025-03-10 13:46:11.241478,8,-5,5,0,0,-107
2025-03-10 13:46:11.376520,8,-5,6,0,0,0
2025-03-10 13:46:11.422144,8,-3,5,0,0,0
2025-03-10 13:46:11.423272,7,-3,5,-88,0,0
2025-03-10 13:46:11.511844,8,-3,5,0,0,0
2025-03-10 13:46:11.556735,8,-2,5,0,0,0
2025-03-10 13:46:11.692364,8,-1,4,0,0,0
2025-03-10 13:46:11.781375,8,-1,4,0,0,0
2025-03-10 13:46:11.781598,8,-1,5,0,0,0
2025-03-10 13:46:11.826992,8,-1,5,0,0,0
2025-03-10 13:46:11.917022,8,-1,5,0,0,0
2025-03-10 13:46:13.356767,10,-8,8,0,0,120
2025-03-10 13:46:13.359175,7,-10,5,-246,0,140
2025-03-10 13:46:13.360015,6,-10,1,-336,0,135
2025-03-10 13:46:13.446376,5,-8,0,-225,-93,0
2025-03-10 13:46:13.492346,6,-7,0,-173,-97,0
2025-03-10 13:46:13.672271,5,-10,3,-187,-130,0
2025-03-10 13:46:13.716350,2,-19,7,75,0,242
2025-03-10 13:46:13.716616,6,-17,0,442,137,405
2025-03-10 13:46:13.761572,-1,-13,2,294,154,273
2025-03-10 13:46:13.852852,-3,-13,3,231,204,216
2025-03-10 13:46:13.987903,-1,-9,1,201,271,182
2025-03-10 13:46:14.077638,1,-5,-2,166,293,115
2025-03-10 13:46:14.078162,6,-1,-11,0,303,0
2025-03-10 13:46:14.256656,7,-2,-15,0,226,0
2025-03-10 13:46:14.257307,8,0,-18,0,182,0
2025-03-10 13:46:14.391690,10,0,-15,-128,122,-118
2025-03-10 13:46:14.481377,11,0,-15,-139,148,-182
2025-03-10 13:46:14.481691,12,-2,-13,-125,142,-257
2025-03-10 13:46:14.526778,11,-3,-13,0,0,-321
2025-03-10 13:46:14.662672,6,-5,-3,146,-191,-311
2025-03-10 13:46:14.751621,5,-4,0,262,-557,-146
2025-03-10 13:46:14.752180,19,1,-9,0,-1619,-341
2025-03-10 13:46:14.797268,19,0,19,585,-453,-411
2025-03-10 13:46:14.887584,19,5,11,0,0,79
2025-03-10 13:46:14.976493,13,3,11,-137,0,89
2025-03-10 13:46:15.022306,11,0,10,83,0,0
2025-03-10 13:46:15.112204,8,2,7,0,0,0
2025-03-10 13:46:15.156376,8,0,7,-85,90,0
2025-03-10 13:46:15.246370,7,0,7,-79,127,0
2025-03-10 13:46:15.291434,5,-1,7,0,120,0
2025-03-10 13:46:15.381786,6,0,5,-92,94,0
2025-03-10 13:46:15.427755,3,-3,4,-125,0,0
2025-03-10 13:46:15.562500,5,-3,4,-84,0,-137
2025-03-10 13:46:15.651400,6,-4,4,-87,0,-178
2025-03-10 13:46:15.651648,9,-6,5,-98,0,-210
2025-03-10 13:46:15.696773,9,-8,6,-101,0,-195
2025-03-10 13:46:15.786713,8,-8,9,0,0,-107
2025-03-10 13:46:15.876561,9,-5,3,-149,0,-181
2025-03-10 13:46:15.922238,8,-8,4,-248,0,-170
2025-03-10 13:46:15.966237,9,-6,5,0,0,-93
2025-03-10 13:46:17.317924,12,-10,1,-217,0,148
2025-03-10 13:46:17.452345,10,-9,-1,-269,-136,160
2025-03-10 13:46:17.497909,8,-5,-2,-180,-203,85
2025-03-10 13:46:17.542127,8,-5,-4,-217,-170,0
2025-03-10 13:46:17.766645,8,-6,-2,-215,-134,0
2025-03-10 13:46:17.769502,6,-8,0,-165,0,0
2025-03-10 13:46:17.770081,6,-6,-2,199,214,192
2025-03-10 13:46:17.856930,5,-13,-5,139,0,263
2025-03-10 13:46:17.946170,10,-19,-3,264,0,346
2025-03-10 13:46:18.081504,7,-17,-2,290,162,348
2025-03-10 13:46:18.127876,8,-14,0,275,326,314
2025-03-10 13:46:18.128545,10,-7,-3,151,495,261
2025-03-10 13:46:18.216374,10,-6,-10,0,418,285
2025-03-10 13:46:18.307331,8,-4,-15,0,263,217
2025-03-10 13:46:18.353124,13,-2,-15,0,160,0
2025-03-10 13:46:18.441497,14,-1,-13,-133,127,0
2025-03-10 13:46:18.488026,11,-1,-14,-155,116,-220
2025-03-10 13:46:18.576361,12,-4,-12,-88,189,-307
2025-03-10 13:46:18.714352,13,-7,-13,0,96,-363
2025-03-10 13:46:18.801385,9,-7,-6,151,-262,-351
2025-03-10 13:46:18.801677,17,-5,2,119,-771,-447
2025-03-10 13:46:18.846694,19,12,-10,0,-1505,-737
2025-03-10 13:46:18.982073,19,5,19,343,-306,-114
2025-03-10 13:46:19.026688,17,9,4,-118,162,240
2025-03-10 13:46:19.072196,12,1,9,-160,0,95
2025-03-10 13:46:19.206372,10,-1,9,104,148,0
2025-03-10 13:46:19.252986,6,1,5,0,173,0
2025-03-10 13:46:19.296685,7,0,8,0,143,0
2025-03-10 13:46:19.341572,3,0,5,-93,109,0
2025-03-10 13:46:19.477032,2,-1,5,-118,0,0
2025-03-10 13:46:19.521781,4,-3,4,-143,0,-121
2025-03-10 13:46:19.567221,4,-5,4,-188,0,-171
2025-03-10 13:46:19.702209,8,-7,3,-228,0,-287
2025-03-10 13:46:19.882394,8,-12,5,-171,0,-255
2025-03-10 13:46:19.884947,8,-12,2,0,0,-227
2025-03-10 13:46:19.885382,6,-15,1,-259,127,-110
2025-03-10 13:46:19.926544,8,-7,0,0,0,-94
2025-03-10 13:46:20.062240,7,-6,3,0,0,0
2025-03-10 13:46:20.151428,9,-4,3,0,0,0
2025-03-10 13:46:20.151675,8,-3,3,0,0,0
2025-03-10 13:46:21.636689,9,-12,3,-126,0,131
2025-03-10 13:46:21.683141,9,-11,0,-154,0,131
2025-03-10 13:46:21.726418,8,-6,-4,-280,-210,0
2025-03-10 13:46:21.862390,9,-5,0,-267,-280,-81
2025-03-10 13:46:21.952546,7,-8,-1,-124,-207,-89
2025-03-10 13:46:21.953094,9,-5,-4,-121,-98,0
2025-03-10 13:46:21.998225,7,-6,0,-71,0,88
2025-03-10 13:46:22.131450,4,-5,-5,0,127,0
2025-03-10 13:46:22.221428,5,-15,-1,210,0,274
2025-03-10 13:46:22.222015,6,-17,-5,273,0,358
2025-03-10 13:46:22.358305,4,-19,2,327,117,290
2025-03-10 13:46:22.446526,3,-17,2,392,206,253
2025-03-10 13:46:22.447019,0,-14,1,223,299,165
2025-03-10 13:46:22.492285,1,-14,1,157,355,190
2025-03-10 13:46:22.536284,10,-5,-8,122,390,132
2025-03-10 13:46:22.716344,10,-4,-16,0,288,0
2025-03-10 13:46:22.761146,9,0,-19,0,211,0
2025-03-10 13:46:22.761259,8,1,-19,-147,203,-82
2025-03-10 13:46:22.851692,14,-2,-15,-159,197,-208
2025-03-10 13:46:22.987018,15,-6,-15,-93,177,-306
2025-03-10 13:46:23.032227,13,-8,-10,0,0,-359
2025-03-10 13:46:23.076349,5,-9,0,241,-385,-191
2025-03-10 13:46:23.123355,19,0,-8,88,-1558,-303
2025-03-10 13:46:23.211541,19,10,4,621,-1047,-664
2025-03-10 13:46:23.301982,19,6,19,0,0,0
2025-03-10 13:46:23.347177,13,6,4,-109,0,204
2025-03-10 13:46:23.527420,12,1,11,0,0,0
2025-03-10 13:46:23.572100,10,2,9,0,114,0
2025-03-10 13:46:23.572884,6,0,5,-75,150,0
2025-03-10 13:46:23.661661,7,0,3,-82,131,0
2025-03-10 13:46:23.797071,5,0,1,-139,120,0
2025-03-10 13:46:23.841898,5,-2,2,-190,0,-124
2025-03-10 13:46:23.842637,6,-8,7,-100,0,-220
2025-03-10 13:46:24.021169,12,-7,9,0,-90,-220
2025-03-10 13:46:24.066134,10,-7,7,-83,0,-213
2025-03-10 13:46:24.066242,10,-12,6,-140,0,-205
2025-03-10 13:46:24.202323,9,-9,4,-222,0,-113
2025-03-10 13:46:24.291277,9,-6,3,-85,0,0
2025-03-10 13:46:24.336080,9,-3,2,-83,0,0
2025-03-10 13:46:24.427506,8,-3,3,-99,0,0
2025-03-10 13:46:26.226598,10,-10,5,0,0,129
2025-03-10 13:46:26.317357,12,-11,2,-167,0,196
2025-03-10 13:46:26.317760,9,-9,-1,-195,-108,214
2025-03-10 13:46:26.362334,7,-5,-3,-184,-193,116
2025-03-10 13:46:26.496554,8,-7,0,-275,-199,0
2025-03-10 13:46:26.586492,8,-17,9,0,0,0
2025-03-10 13:46:26.586867,9,-19,0,536,213,221
2025-03-10 13:46:26.721453,5,-16,5,296,257,267
2025-03-10 13:46:26.811629,1,-18,5,317,291,238
2025-03-10 13:46:26.812068,-2,-14,3,310,281,204
2025-03-10 13:46:26.857650,3,-10,0,203,340,94
2025-03-10 13:46:26.947656,11,-4,-11,139,296,0
2025-03-10 13:46:27.038673,9,-4,-15,0,205,0
2025-03-10 13:46:27.082404,10,-1,-19,0,238,0
2025-03-10 13:46:27.218299,10,0,-19,-126,137,-148
2025-03-10 13:46:27.307381,7,-2,-19,-169,134,-259
2025-03-10 13:46:27.351696,12,-5,-16,-119,196,-350
2025-03-10 13:46:27.442538,10,-9,-13,0,0,-339
2025-03-10 13:46:27.531629,5,-5,-9,221,-564,-224
2025-03-10 13:46:27.576524,19,12,-19,-346,-1830,-619
2025-03-10 13:46:27.621197,19,6,19,647,-396,-492
2025-03-10 13:46:27.756541,19,6,5,-127,199,276
2025-03-10 13:46:27.801963,12,7,5,-114,-103,128
2025-03-10 13:46:27.846124,12,1,10,0,0,0
2025-03-10 13:46:27.937570,12,3,6,0,176,0
2025-03-10 13:46:27.982532,6,0,4,-140,136,0
2025-03-10 13:46:28.071502,7,0,3,-235,0,0
2025-03-10 13:46:28.161168,9,-4,6,-150,0,-131
2025-03-10 13:46:28.296683,9,-5,6,-83,0,-122
2025-03-10 13:46:28.341405,10,-5,5,-99,0,-152
2025-03-10 13:46:28.341524,10,-7,5,-158,0,-145
2025-03-10 13:46:28.431470,9,-7,4,-173,0,-139
2025-03-10 13:46:28.568341,8,-5,3,-80,0,-101
2025-03-10 13:46:28.656262,9,-3,2,-104,0,-112
2025-03-10 13:46:28.656480,9,-3,2,-111,0,-88
2025-03-10 13:46:28.836546,9,-3,3,-106,0,0
2025-03-10 13:46:28.882976,9,-3,3,0,0,0
2025-03-10 13:46:28.883736,9,-2,3,0,0,0
2025-03-10 13:46:28.927513,9,-2,3,0,0,0
2025-03-10 13:46:29.106389,9,-2,3,0,0,0
2025-03-10 13:46:30.457476,10,-10,4,0,0,105
2025-03-10 13:46:30.546216,12,-12,5,0,0,205
2025-03-10 13:46:30.682649,12,-12,2,-214,0,273
2025-03-10 13:46:30.727181,10,-5,2,-168,0,229
2025-03-10 13:46:30.816424,8,-5,0,-340,-166,0
2025-03-10 13:46:30.951876,6,-12,6,-135,0,106
2025-03-10 13:46:30.997626,5,-19,7,329,183,279
2025-03-10 13:46:30.997733,2,-17,1,320,158,390
2025-03-10 13:46:31.087300,0,-13,1,344,149,236
2025-03-10 13:46:31.177472,-4,-15,2,284,188,181
2025-03-10 13:46:31.223210,-2,-10,1,270,236,151
2025-03-10 13:46:31.311264,4,-6,-3,184,348,0
2025-03-10 13:46:31.447071,6,-4,-15,0,346,0
2025-03-10 13:46:31.536634,11,-3,-15,0,236,0
2025-03-10 13:46:31.536979,10,0,-18,-89,255,0
2025-03-10 13:46:31.582576,14,1,-15,-125,185,-165
2025-03-10 13:46:31.717624,15,-2,-14,0,124,-307
2025-03-10 13:46:31.761980,18,-7,-10,0,0,-416
2025-03-10 13:46:31.806297,9,-11,-2,166,-201,-270
2025-03-10 13:46:31.896892,14,0,-13,297,-1184,-223
2025-03-10 13:46:31.942226,19,19,-19,426,-1188,-840
2025-03-10 13:46:32.031547,15,-1,13,127,0,-97
2025-03-10 13:46:32.122231,17,10,5,0,147,209
2025-03-10 13:46:32.211514,12,4,10,0,0,0
2025-03-10 13:46:32.258012,10,2,8,0,114,0
2025-03-10 13:46:32.346911,8,3,3,0,178,0
2025-03-10 13:46:32.481606,6,0,7,-104,133,0
2025-03-10 13:46:32.526360,2,0,5,-97,0,0
2025-03-10 13:46:32.526485,3,-1,5,-86,0,-96
2025-03-10 13:46:32.616321,7,-3,9,-97,0,-153
2025-03-10 13:46:32.661781,4,-8,8,-112,0,-191
2025-03-10 13:46:32.751442,7,-7,9,0,0,-135
2025-03-10 13:46:32.886592,7,-5,6,0,0,-173
2025-03-10 13:46:32.932586,8,-6,5,0,-110,-186
2025-03-10 13:46:33.066233,9,-5,6,0,0,-117
2025-03-10 13:46:33.066346,9,-4,5,-78,0,-108
2025-03-10 13:46:33.111278,9,-3,5,-79,0,-89
2025-03-10 13:46:33.156345,9,-3,6,-87,0,0
2025-03-10 13:46:33.292312,9,-2,4,0,0,0
2025-03-10 13:46:33.337107,9,0,4,0,0,0
2025-03-10 13:46:34.867018,12,-11,2,-173,0,120
2025-03-10 13:46:35.001257,10,-13,2,-212,0,215
2025-03-10 13:46:35.092421,8,-7,-2,-165,-152,189
2025-03-10 13:46:35.092518,8,-5,-3,-280,-167,0
2025-03-10 13:46:35.181307,9,-7,0,-133,-202,0
2025-03-10 13:46:35.271182,9,-10,2,-74,0,0
2025-03-10 13:46:35.316393,9,-19,2,454,294,402
2025-03-10 13:46:35.361566,5,-14,1,257,162,419
2025-03-10 13:46:35.541249,0,-16,3,297,93,260
2025-03-10 13:46:35.586228,-3,-11,3,311,201,152
2025-03-10 13:46:35.586330,-3,-16,8,254,256,184
2025-03-10 13:46:35.766316,1,-14,0,153,393,121
2025-03-10 13:46:35.811412,9,-8,-9,84,318,0
2025-03-10 13:46:35.811511,7,-6,-15,0,206,0
2025-03-10 13:46:35.901992,18,1,-18,0,224,-84
2025-03-10 13:46:36.037130,14,1,-17,-145,0,-84
2025-03-10 13:46:36.216575,14,-1,-13,-194,123,-251
2025-03-10 13:46:36.216990,14,-6,-12,-131,139,-323
2025-03-10 13:46:36.262390,9,-9,-10,0,0,-313
2025-03-10 13:46:36.306250,5,-8,-3,221,-345,-241
2025-03-10 13:46:36.306431,12,-3,-2,169,-1303,-270
2025-03-10 13:46:36.531878,19,19,-1,313,-1025,-745
2025-03-10 13:46:36.534990,8,3,9,124,232,76
2025-03-10 13:46:36.535433,11,8,5,-182,0,221
2025-03-10 13:46:36.621800,12,3,13,0,0,0
2025-03-10 13:46:36.668424,9,1,8,0,188,0
2025-03-10 13:46:36.756754,6,2,5,-108,222,0
2025-03-10 13:46:36.846299,2,-1,4,-227,115,0
2025-03-10 13:46:36.936790,3,-2,5,-143,0,0
2025-03-10 13:46:37.026368,3,-3,4,-96,0,-102
2025-03-10 13:46:37.116524,5,-5,4,-134,0,-167
2025-03-10 13:46:37.116872,7,-8,3,-121,0,-260
2025-03-10 13:46:37.251671,8,-9,5,0,0,-238
2025-03-10 13:46:37.386697,10,-11,5,0,0,-267
2025-03-10 13:46:37.387084,11,-10,3,-189,0,-265
2025-03-10 13:46:37.432882,10,-8,4,-130,0,-178
2025-03-10 13:46:37.521481,9,-5,3,0,0,0
2025-03-10 13:46:37.611224,9,-2,2,0,0,0
2025-03-10 13:46:37.702347,9,-1,2,0,0,0
2025-03-10 13:46:39.366762,9,-1,3,0,0,0
2025-03-10 13:46:39.367517,12,-9,-1,-101,0,159
2025-03-10 13:46:39.456187,9,-10,-2,-280,-148,138
2025-03-10 13:46:39.546733,8,-10,0,-230,-184,98
2025-03-10 13:46:39.681634,10,-11,0,0,0,177
2025-03-10 13:46:39.726699,10,-7,-2,0,-108,182
2025-03-10 13:46:39.727225,6,-12,3,0,0,148
2025-03-10 13:46:39.816667,6,-18,0,503,98,314
2025-03-10 13:46:39.862966,2,-13,0,503,93,327
2025-03-10 13:46:39.952531,-1,-9,6,409,147,97
2025-03-10 13:46:39.998460,-3,-11,8,297,245,0
2025-03-10 13:46:40.041259,4,-10,4,298,409,0
2025-03-10 13:46:40.221546,8,-6,-7,135,516,0
2025-03-10 13:46:40.268597,10,-7,-17,-207,337,-123
2025-03-10 13:46:40.269875,17,0,-16,0,304,0
2025-03-10 13:46:40.311408,15,1,-15,-149,209,-98
2025-03-10 13:46:40.446665,19,0,-15,-119,182,-186
2025-03-10 13:46:40.537481,19,-2,-13,0,156,-348
2025-03-10 13:46:40.582129,14,-7,-6,130,0,-385
2025-03-10 13:46:40.671269,7,-7,-3,350,-512,-274
2025-03-10 13:46:40.717086,19,6,-19,0,-1841,-558
2025-03-10 13:46:40.806541,19,15,19,783,-857,-748
2025-03-10 13:46:40.942512,19,7,9,-118,292,160
2025-03-10 13:46:41.032059,9,11,-1,0,0,174
2025-03-10 13:46:41.032258,14,0,11,-97,0,0
2025-03-10 13:46:41.077344,11,1,6,0,183,0
2025-03-10 13:46:41.166197,8,0,5,0,164,0
2025-03-10 13:46:41.211335,5,0,4,-115,135,0
2025-03-10 13:46:41.301263,4,-1,8,-105,0,0
2025-03-10 13:46:41.391608,5,-4,8,-140,0,0
2025-03-10 13:46:41.437011,5,-3,5,-145,0,-77
2025-03-10 13:46:41.481645,4,-5,3,-117,133,-161
2025-03-10 13:46:41.571624,5,-5,3,-71,0,-195
2025-03-10 13:46:41.662222,9,-7,4,0,0,-266
2025-03-10 13:46:41.707917,13,-7,5,0,0,-319
2025-03-10 13:46:41.797273,10,-7,5,-139,-101,-163
2025-03-10 13:46:41.841357,12,-3,4,-121,-91,-136
2025-03-10 13:46:41.932262,11,-5,5,-94,0,0
2025-03-10 13:46:42.156322,10,-3,3,0,0,0
2025-03-10 13:46:42.201224,9,-1,2,0,0,0
2025-03-10 13:46:42.201471,9,-1,3,0,0,0
2025-03-10 13:46:43.506750,11,-12,0,0,0,126
2025-03-10 13:46:43.641183,11,-15,0,0,-92,206
2025-03-10 13:46:43.731134,11,-12,0,0,-107,287
2025-03-10 13:46:43.731278,11,-8,3,71,0,297
2025-03-10 13:46:43.911357,10,-1,3,0,0,190
2025-03-10 13:46:44.001634,6,-8,12,-160,0,0
2025-03-10 13:46:44.002117,5,-15,11,276,138,118
2025-03-10 13:46:44.047250,3,-13,4,356,238,219
2025-03-10 13:46:44.227076,2,-12,10,305,229,112
2025-03-10 13:46:44.271623,0,-12,8,293,295,0
2025-03-10 13:46:44.272177,4,-7,0,268,411,0
2025-03-10 13:46:44.407294,12,-7,-8,72,409,-76
2025-03-10 13:46:44.496595,6,-7,-16,0,195,0
2025-03-10 13:46:44.497015,12,0,-19,0,265,0
2025-03-10 13:46:44.541797,13,1,-19,-130,126,-131
2025-03-10 13:46:44.677265,12,-1,-15,-170,103,-189
2025-03-10 13:46:44.721902,15,-3,-13,-123,143,-341
2025-03-10 13:46:44.766229,12,-8,-8,83,0,-387
2025-03-10 13:46:44.901475,7,-3,-10,400,-800,-217
2025-03-10 13:46:44.946345,19,19,-19,-111,-1749,-614
2025-03-10 13:46:44.992372,19,8,19,731,-139,-400
2025-03-10 13:46:45.127309,19,14,-4,-178,238,189
2025-03-10 13:46:45.217278,17,7,3,-119,-252,178
2025-03-10 13:46:45.217476,18,2,10,0,0,0
2025-03-10 13:46:45.351431,13,2,3,0,259,0
2025-03-10 13:46:45.441590,10,2,2,-154,150,0
2025-03-10 13:46:45.441917,6,-2,4,-188,0,0
2025-03-10 13:46:45.488096,8,-2,3,-138,0,-84
2025-03-10 13:46:45.576733,9,-3,2,-119,0,-131
2025-03-10 13:46:45.667787,11,-4,3,-160,0,-161
2025-03-10 13:46:45.713273,12,-5,3,-166,0,-176
2025-03-10 13:46:45.802773,11,-6,2,-144,0,-164
2025-03-10 13:46:45.848421,11,-4,1,-177,0,-150
2025-03-10 13:46:45.937493,11,-5,2,-181,0,-145
2025-03-10 13:46:46.072248,10,-5,2,-175,0,-104
2025-03-10 13:46:46.161228,9,-3,3,-75,0,0
2025-03-10 13:46:46.161445,9,-2,3,0,0,0
2025-03-10 13:46:46.296632,9,-1,3,0,0,0
2025-03-10 13:46:46.341766,9,0,3,0,0,0
2025-03-10 13:46:47.781215,9,0,3,0,0,0
2025-03-10 13:46:47.781484,12,-12,2,0,0,121
2025-03-10 13:46:47.871136,14,-14,0,-85,0,260
2025-03-10 13:46:47.961188,11,-11,0,-94,-102,306
2025-03-10 13:46:48.006077,8,-5,0,-85,-171,245
2025-03-10 13:46:48.096117,7,-4,4,-77,0,142
2025-03-10 13:46:48.231465,9,-11,8,-140,0,0
2025-03-10 13:46:48.321357,5,-14,7,229,149,157
2025-03-10 13:46:48.321678,5,-11,8,292,200,280
2025-03-10 13:46:48.367305,0,-10,6,232,220,174
2025-03-10 13:46:48.456780,-2,-13,5,185,266,92
2025-03-10 13:46:48.502286,0,-12,2,202,329,115
2025-03-10 13:46:48.591449,3,-10,-2,140,371,130
2025-03-10 13:46:48.726221,8,-8,-12,0,342,85
2025-03-10 13:46:48.816265,6,-6,-14,0,195,0
2025-03-10 13:46:48.816447,10,0,-16,-83,188,0
2025-03-10 13:46:48.952465,11,1,-15,-149,93,0
2025-03-10 13:46:49.041131,9,1,-11,-149,101,-133
2025-03-10 13:46:49.041383,9,-1,-12,-116,126,-204
2025-03-10 13:46:49.088320,9,-2,-12,0,0,-309
2025-03-10 13:46:49.177417,5,-6,-7,103,-191,-253
2025-03-10 13:46:49.221111,6,-2,-9,188,-774,-188
2025-03-10 13:46:49.311229,19,15,-19,-206,-1816,-550
2025-03-10 13:46:49.356172,19,4,19,561,-118,-217
2025-03-10 13:46:49.446283,17,8,4,0,208,203
2025-03-10 13:46:49.492382,14,6,8,-197,0,184
2025-03-10 13:46:49.581276,11,0,11,99,116,0
2025-03-10 13:46:49.672839,9,3,5,92,268,0
2025-03-10 13:46:49.717233,5,2,4,-101,224,0
2025-03-10 13:46:49.851218,2,0,5,-132,120,0
2025-03-10 13:46:49.896726,1,0,5,0,0,0
2025-03-10 13:46:49.897921,3,-1,6,-71,0,-120
2025-03-10 13:46:49.987697,4,-3,8,0,-130,-163
2025-03-10 13:46:50.122147,7,-6,10,0,-141,-211
2025-03-10 13:46:50.167125,9,-6,8,-103,-165,-211
2025-03-10 13:46:50.211117,10,-7,8,-90,-104,-197
2025-03-10 13:46:50.346180,10,-6,4,-192,0,-183
2025-03-10 13:46:50.391226,9,-6,3,-179,0,-138
2025-03-10 13:46:50.437143,9,-5,4,-84,0,-74
2025-03-10 13:46:50.526262,9,-3,3,-110,0,0
2025-03-10 13:46:50.571098,8,-3,3,-80,0,0
2025-03-10 13:46:51.831951,11,-10,4,0,0,148
2025-03-10 13:46:51.922549,12,-10,3,0,0,229
2025-03-10 13:46:52.011491,8,-9,2,-118,0,260
2025-03-10 13:46:52.058369,6,-7,0,-169,0,181
2025-03-10 13:46:52.102037,7,-7,0,-154,-112,137
2025-03-10 13:46:52.191455,8,-8,0,-116,-126,92
2025-03-10 13:46:52.237353,7,-9,3,0,-106,112
2025-03-10 13:46:52.326552,5,-15,10,0,0,153
2025-03-10 13:46:52.461648,4,-14,6,401,228,251
2025-03-10 13:46:52.507701,0,-11,3,323,207,255
2025-03-10 13:46:52.508437,-1,-9,2,218,181,120
2025-03-10 13:46:52.686256,-5,-9,1,236,143,98
2025-03-10 13:46:52.733346,-5,-7,2,211,125,0
2025-03-10 13:46:52.733473,-4,-6,2,235,233,0
2025-03-10 13:46:52.777156,0,-4,-2,143,324,0
2025-03-10 13:46:52.911061,3,-5,-10,0,439,0
2025-03-10 13:46:53.001049,5,-6,-12,0,226,0
2025-03-10 13:46:53.001175,11,-1,-13,0,168,0
2025-03-10 13:46:53.136325,13,0,-14,-117,160,0
2025-03-10 13:46:53.182486,11,0,-13,-85,149,-81
2025-03-10 13:46:53.182607,14,-1,-15,0,149,-292
2025-03-10 13:46:53.362068,13,-7,-11,0,0,-386
2025-03-10 13:46:53.407147,8,-8,-4,93,-175,-278
2025-03-10 13:46:53.451229,6,-1,-2,234,-605,-213
2025-03-10 13:46:53.541625,19,4,-19,-102,-1584,-493
2025-03-10 13:46:53.587662,19,10,19,711,-451,-440
2025-03-10 13:46:53.676488,19,0,18,0,107,0
2025-03-10 13:46:53.812244,13,8,5,-110,0,182
2025-03-10 13:46:53.902544,10,0,6,77,116,0
2025-03-10 13:46:53.902904,7,3,2,0,183,0
2025-03-10 13:46:53.991415,6,1,4,-204,0,0
2025-03-10 13:46:54.038367,5,-1,6,-231,0,0
2025-03-10 13:46:54.081468,7,-2,9,-82,0,-105
2025-03-10 13:46:54.217452,8,-3,9,-154,0,-190
2025-03-10 13:46:54.306677,11,-8,5,-279,0,-282
2025-03-10 13:46:54.307138,7,-15,4,-142,0,-176
2025-03-10 13:46:54.442769,8,-7,4,79,0,-100
2025-03-10 13:46:54.486199,9,-4,3,-117,0,-162
2025-03-10 13:46:54.532638,10,-4,1,-138,0,-176
2025-03-10 13:46:54.576567,9,-3,3,-107,0,0
2025-03-10 13:46:55.883173,11,-11,-1,-109,0,133
2025-03-10 13:46:55.927071,11,-13,-2,0,-143,197
2025-03-10 13:46:56.061446,12,-10,-4,0,-187,218
2025-03-10 13:46:56.153178,11,-10,-1,-117,-238,186
2025-03-10 13:46:56.153577,10,-8,3,0,0,245
2025-03-10 13:46:56.287079,7,-4,2,0,0,143
2025-03-10 13:46:56.376519,3,-11,9,94,0,97
2025-03-10 13:46:56.376770,4,-17,4,423,167,256
2025-03-10 13:46:56.421936,-2,-14,1,404,155,226
2025-03-10 13:46:56.467478,-1,-11,5,306,153,130
2025-03-10 13:46:56.556767,-5,-11,4,283,216,115
2025-03-10 13:46:56.647343,0,-11,2,117,375,0
2025-03-10 13:46:56.691687,4,-6,-5,0,467,0
2025-03-10 13:46:56.781399,8,-2,-8,0,414,89
2025-03-10 13:46:56.873573,10,-1,-16,0,267,0
2025-03-10 13:46:56.963392,12,1,-15,0,151,0
2025-03-10 13:46:57.007661,12,1,-13,-94,134,-95
2025-03-10 13:46:57.097375,15,0,-12,-107,146,-207
2025-03-10 13:46:57.186554,16,-1,-12,-80,105,-269
2025-03-10 13:46:57.276367,13,-2,-10,0,0,-315
2025-03-10 13:46:57.276692,7,-5,-1,156,-231,-287
2025-03-10 13:46:57.411544,3,-5,1,319,-464,-81
2025-03-10 13:46:57.457420,19,1,-15,162,-1542,-138
2025-03-10 13:46:57.457604,19,19,-9,109,-1220,-402
2025-03-10 13:46:57.636791,11,5,10,312,0,0
2025-03-10 13:46:57.682263,12,9,0,-179,0,216
2025-03-10 13:46:57.682442,15,2,13,-80,-163,0
2025-03-10 13:46:57.861779,13,1,11,0,112,0
2025-03-10 13:46:57.864198,11,0,8,0,258,0
2025-03-10 13:46:57.864489,8,2,2,-85,289,0
2025-03-10 13:46:57.953373,3,0,3,-228,94,0
2025-03-10 13:46:58.086174,3,-4,7,-153,0,-91
2025-03-10 13:46:58.132065,5,-3,5,0,0,-122
2025-03-10 13:46:58.132189,5,-6,5,-139,0,-159
2025-03-10 13:46:58.267231,7,-7,6,0,0,-122
2025-03-10 13:46:58.357366,7,-7,6,0,0,-147
2025-03-10 13:46:58.357654,7,-6,4,-99,0,-149
2025-03-10 13:46:58.493441,7,-6,4,-114,0,-152
2025-03-10 13:46:58.536141,9,-6,4,-82,0,-145
2025-03-10 13:46:58.536258,9,-5,3,-80,0,-109
2025-03-10 13:46:59.616047,11,-11,1,0,0,112
2025-03-10 13:46:59.707282,12,-11,0,0,-90,187
2025-03-10 13:46:59.754047,11,-10,-1,0,-117,227
2025-03-10 13:46:59.842382,9,-8,-1,-167,-144,193
2025-03-10 13:46:59.932462,9,-8,-1,-127,-134,149
2025-03-10 13:46:59.977078,9,-13,6,0,-149,135
2025-03-10 13:47:00.113385,13,-15,11,336,0,206
2025-03-10 13:47:00.158334,9,-11,5,416,242,215
2025-03-10 13:47:00.247869,2,-10,4,318,261,107
2025-03-10 13:47:00.338278,-3,-12,4,271,251,0
2025-03-10 13:47:00.382957,-1,-12,2,336,328,0
2025-03-10 13:47:00.473277,5,-10,-3,81,440,0
2025-03-10 13:47:00.517000,9,-8,-16,0,344,0
2025-03-10 13:47:00.607545,15,-1,-15,0,271,0
2025-03-10 13:47:00.743317,14,2,-17,-135,133,-108
2025-03-10 13:47:00.833695,15,0,-19,-151,137,-252
2025-03-10 13:47:00.834027,17,-5,-14,-105,0,-349
2025-03-10 13:47:00.877480,10,-8,-5,86,-112,-331
2025-03-10 13:47:00.968039,7,-6,-5,162,-588,-213
2025-03-10 13:47:01.056339,19,17,-19,0,-1714,-880
2025-03-10 13:47:01.193421,19,17,17,406,-441,-90
2025-03-10 13:47:01.237686,19,0,10,0,-105,0
2025-03-10 13:47:01.238354,17,5,7,-99,0,129
2025-03-10 13:47:01.416452,13,0,8,0,158,0
2025-03-10 13:47:01.462323,8,1,2,-99,122,0
2025-03-10 13:47:01.462483,9,0,5,-214,0,0
2025-03-10 13:47:01.641627,9,-1,8,-96,0,-92
2025-03-10 13:47:01.687870,9,-3,6,-106,0,-143
2025-03-10 13:47:01.688608,12,-3,5,-187,0,-152
2025-03-10 13:47:01.821717,12,-5,3,-235,142,-155
2025-03-10 13:47:01.912553,10,-8,1,-245,161,-124
2025-03-10 13:47:01.912850,7,-5,1,-121,0,0
2025-03-10 13:47:02.002373,8,-2,1,0,0,0
2025-03-10 13:47:02.091238,9,-3,2,-88,0,-81
2025-03-10 13:47:02.273999,8,-5,2,0,0,0
2025-03-10 13:47:02.274404,8,-4,3,0,-89,0
2025-03-10 13:47:02.317685,9,-3,4,0,-128,0
2025-03-10 13:47:02.453232,9,-2,9,90,0,0
2025-03-10 13:47:02.453892,8,-3,4,-124,0,0
2025-03-10 13:47:04.027469,9,-3,4,0,0,0
2025-03-10 13:47:04.028252,12,-12,5,0,0,91
2025-03-10 13:47:04.072548,12,-14,4,-98,0,196
2025-03-10 13:47:04.207514,10,-14,1,-115,0,280
2025-03-10 13:47:04.297370,11,-11,3,-76,0,327
2025-03-10 13:47:04.297674,13,-9,11,200,-103,315
2025-03-10 13:47:04.386155,7,-11,12,450,154,235
2025-03-10 13:47:04.476375,8,-4,12,566,218,202
2025-03-10 13:47:04.568375,-5,-2,8,256,235,0
2025-03-10 13:47:04.568648,0,-9,6,211,404,-102
2025-03-10 13:47:04.702274,4,-9,-2,0,493,0
2025-03-10 13:47:04.792917,11,-3,-8,0,393,0
2025-03-10 13:47:04.793550,19,3,-17,0,336,-94
2025-03-10 13:47:04.839072,17,1,-14,-91,256,-153
2025-03-10 13:47:04.973261,16,0,-11,0,145,-244
2025-03-10 13:47:05.017375,17,-2,-10,0,95,-315
2025-03-10 13:47:05.062419,15,-1,-8,293,-386,-332
2025-03-10 13:47:05.152309,19,7,-18,320,-1421,-453
2025-03-10 13:47:05.198304,19,19,-19,531,-1156,-364
2025-03-10 13:47:05.286318,19,0,18,442,-309,-318
2025-03-10 13:47:05.377079,19,11,-4,0,186,337
2025-03-10 13:47:05.423234,17,7,2,0,0,159
2025-03-10 13:47:05.556454,14,4,5,0,0,89
2025-03-10 13:47:05.646260,10,0,4,-127,89,0
2025-03-10 13:47:05.646545,10,-1,4,-164,0,0
2025-03-10 13:47:05.738337,8,-4,5,-110,0,0
2025-03-10 13:47:05.783791,8,-5,4,0,0,-89
2025-03-10 13:47:05.826532,8,-4,5,0,0,0
2025-03-10 13:47:05.918907,9,-1,3,-114,0,0
2025-03-10 13:47:05.962261,10,0,2,-197,115,0
2025-03-10 13:47:06.053639,9,-2,2,-183,137,-112
2025-03-10 13:47:06.188259,8,-3,3,0,0,-99
2025-03-10 13:47:06.277422,9,-3,4,0,0,0
2025-03-10 13:47:06.277675,8,-2,4,0,0,0
2025-03-10 13:47:06.411965,7,-3,4,-73,0,0
2025-03-10 13:47:06.457993,8,-3,3,-88,0,0
2025-03-10 13:47:06.458106,7,-4,3,-94,0,0
2025-03-10 13:47:06.726448,8,-4,3,-95,0,0
2025-03-10 13:47:06.817538,8,-3,4,0,0,0
2025-03-10 13:47:06.819418,9,-2,5,0,0,0
2025-03-10 13:47:06.819698,8,-2,4,0,0,0
2025-03-10 13:47:08.032800,11,-11,2,0,0,135
2025-03-10 13:47:08.169704,11,-16,7,-136,0,258
2025-03-10 13:47:08.257317,8,-9,2,0,0,320
2025-03-10 13:47:08.257604,10,-5,15,0,0,225
2025-03-10 13:47:08.392718,8,-12,11,124,0,254
2025-03-10 13:47:08.482607,5,-12,5,446,189,288
2025-03-10 13:47:08.482925,-3,-8,4,468,0,194
2025-03-10 13:47:08.529494,-3,-4,10,344,184,0
2025-03-10 13:47:08.617780,0,-5,4,270,363,-87
2025-03-10 13:47:08.707325,6,-6,-7,80,491,-172
2025-03-10 13:47:08.753596,14,-4,-8,0,400,0
2025-03-10 13:47:08.843675,19,1,-14,0,371,-137
2025-03-10 13:47:08.887232,19,2,-17,-90,380,-163
2025-03-10 13:47:09.022361,19,3,-8,0,0,-263
2025-03-10 13:47:09.067365,18,-2,-6,85,0,-392
2025-03-10 13:47:09.113471,13,-5,0,265,-142,-294
2025-03-10 13:47:09.248291,7,-4,0,375,-534,-127
2025-03-10 13:47:09.338306,19,10,-19,203,-1809,-353
2025-03-10 13:47:09.338498,19,19,10,1027,-843,-754
2025-03-10 13:47:09.472703,19,9,8,-121,180,0
2025-03-10 13:47:09.563464,18,12,0,-145,0,363
2025-03-10 13:47:09.563888,16,1,9,0,0,0
2025-03-10 13:47:09.696104,12,4,6,105,0,0
2025-03-10 13:47:09.787144,10,3,7,-141,0,0
2025-03-10 13:47:09.787254,11,0,7,-166,0,0
2025-03-10 13:47:09.921210,10,-2,5,0,167,0
2025-03-10 13:47:10.102282,7,0,2,0,134,0
2025-03-10 13:47:10.102768,6,0,1,-184,0,-102
2025-03-10 13:47:10.147033,8,-1,1,-181,0,-171
2025-03-10 13:47:10.147178,10,-3,4,0,0,-218
2025-03-10 13:47:10.237311,11,-1,3,0,0,-201
2025-03-10 13:47:10.282454,12,-2,4,0,-91,-179
2025-03-10 13:47:10.327225,11,-3,5,-97,-92,-104
2025-03-10 13:47:10.553688,10,-2,4,-81,0,0
2025-03-10 13:47:10.598015,10,0,3,-88,0,0
2025-03-10 13:47:10.598742,9,0,3,-113,0,0
2025-03-10 13:47:10.599402,8,-1,3,-116,0,0
2025-03-10 13:47:10.733039,9,-1,4,0,0,0
2025-03-10 13:47:10.778207,9,-1,4,0,0,0
2025-03-10 13:47:10.822581,9,0,4,0,0,0
2025-03-10 13:47:11.857303,9,-3,14,76,0,213
2025-03-10 13:47:11.947031,6,-6,11,137,173,75
2025-03-10 13:47:12.038384,3,-7,12,345,126,0
2025-03-10 13:47:12.082158,-1,-7,14,297,188,0
2025-03-10 13:47:12.172565,-1,-8,11,239,315,0
2025-03-10 13:47:12.306555,2,-6,4,242,412,0
2025-03-10 13:47:12.398621,7,-5,-5,0,502,-124
2025-03-10 13:47:12.399118,12,-3,-7,0,403,0
2025-03-10 13:47:12.444422,19,2,-12,0,402,-140
2025-03-10 13:47:12.577521,19,1,-19,-73,482,-216
2025-03-10 13:47:12.624017,19,1,-6,102,136,-369
2025-03-10 13:47:12.757578,18,-4,-5,242,0,-348
2025-03-10 13:47:12.802225,15,-2,0,466,-364,-230
2025-03-10 13:47:12.802368,19,7,-19,299,-1719,-325
2025-03-10 13:47:12.938014,19,19,-15,1241,-975,-945
2025-03-10 13:47:12.983953,18,19,6,0,0,243
2025-03-10 13:47:13.028202,17,11,-3,-110,200,414
2025-03-10 13:47:13.117739,14,7,6,0,-162,0
2025-03-10 13:47:13.163068,14,3,7,0,0,0
2025-03-10 13:47:13.252596,12,3,5,-72,0,0
2025-03-10 13:47:13.387361,10,0,4,-140,93,0
2025-03-10 13:47:13.523673,10,1,3,-146,0,0
2025-03-10 13:47:13.524753,8,0,2,-179,118,0
2025-03-10 13:47:13.568036,8,0,1,-145,0,-75
2025-03-10 13:47:13.612202,9,0,1,-189,0,-148
2025-03-10 13:47:13.747629,11,-1,3,-106,0,-178
2025-03-10 13:47:13.794194,13,0,3,-122,0,-222
2025-03-10 13:47:13.882565,13,-3,1,-223,0,-223
2025-03-10 13:47:13.972405,11,-5,1,-248,0,-116
2025-03-10 13:47:14.062448,10,-4,2,-113,0,0
2025-03-10 13:47:14.062683,9,-2,2,-70,0,0
2025-03-10 13:47:14.152584,9,-2,2,0,0,0
2025-03-10 13:47:14.199028,8,-2,3,0,0,0
2025-03-10 13:47:14.287659,10,-2,5,0,0,0
2025-03-10 13:47:14.422618,9,-1,5,103,0,0
2025-03-10 13:47:14.423079,10,1,8,135,0,0
2025-03-10 13:47:14.467566,8,1,4,77,0,0
2025-03-10 13:47:14.647494,9,1,3,0,0,0
2025-03-10 13:47:14.692308,9,-1,4,-116,0,0
2025-03-10 13:47:14.692480,9,-1,3,0,0,0
2025-03-10 13:47:15.727380,13,-12,3,0,0,300
2025-03-10 13:47:15.772189,11,-9,5,0,0,337
2025-03-10 13:47:15.820204,9,-4,3,0,0,300
2025-03-10 13:47:15.953417,11,-6,19,353,0,178
2025-03-10 13:47:15.998250,6,0,8,369,0,109
2025-03-10 13:47:16.042492,0,-2,12,377,162,0
2025-03-10 13:47:16.133186,-3,-4,12,330,178,0
2025-03-10 13:47:16.222120,-3,-2,6,306,255,-99
2025-03-10 13:47:16.267095,2,-5,2,213,331,-161
2025-03-10 13:47:16.358322,9,-9,-11,0,438,-199
2025-03-10 13:47:16.403211,19,-3,-15,0,409,-178
2025-03-10 13:47:16.492204,19,1,-17,0,411,-221
2025-03-10 13:47:16.583775,19,0,-14,95,187,-378
2025-03-10 13:47:16.673186,19,-6,-6,159,0,-469
2025-03-10 13:47:16.762151,14,-10,2,299,-262,-271
2025-03-10 13:47:16.807275,19,0,-13,416,-963,-219
2025-03-10 13:47:16.897572,19,19,-19,302,-1391,-980
2025-03-10 13:47:16.988603,19,6,9,1170,-227,-465
2025-03-10 13:47:17.033078,19,15,-9,-253,278,360
2025-03-10 13:47:17.212605,19,7,0,0,-191,104
2025-03-10 13:47:17.257373,18,3,4,86,0,0
2025-03-10 13:47:17.257519,15,6,5,0,96,0
2025-03-10 13:47:17.303011,13,4,2,-94,278,0
2025-03-10 13:47:17.437653,10,2,1,-148,274,-93
2025-03-10 13:47:17.527539,9,2,0,-178,127,-157
2025-03-10 13:47:17.617581,11,0,1,-247,90,-202
2025-03-10 13:47:17.617827,12,0,0,-268,96,-234
2025-03-10 13:47:17.662637,13,-1,1,-225,102,-259
2025-03-10 13:47:17.752743,14,-4,3,-114,115,-238
2025-03-10 13:47:17.842545,12,-3,2,107,0,-174
2025-03-10 13:47:17.887621,11,-1,1,0,0,-161
2025-03-10 13:47:18.068536,11,-2,3,-142,0,-126
2025-03-10 13:47:18.112178,10,-2,4,-87,0,-104
2025-03-10 13:47:18.112324,9,-2,4,0,0,-103
2025-03-10 13:47:18.158615,9,-4,6,0,-91,0
2025-03-10 13:47:18.247859,9,-2,6,0,0,0
2025-03-10 13:47:18.293064,9,0,5,0,0,77
2025-03-10 13:47:18.337329,9,0,5,0,0,0
2025-03-10 13:47:18.473641,9,0,4,0,0,0
2025-03-10 13:47:18.517435,9,0,4,0,0,0
2025-03-10 13:47:19.507722,15,-7,18,138,0,293
2025-03-10 13:47:19.687698,11,-3,10,400,198,100
2025-03-10 13:47:19.732860,5,-6,11,434,181,0
2025-03-10 13:47:19.777209,1,-7,15,327,247,0
2025-03-10 13:47:19.822347,2,-9,9,212,428,-113
2025-03-10 13:47:19.958330,10,-7,-2,73,555,-182
2025-03-10 13:47:20.092669,9,-6,-11,-81,507,-101
2025-03-10 13:47:20.093147,14,-2,-7,0,404,0
2025-03-10 13:47:20.182265,19,4,-15,0,421,-210
2025-03-10 13:47:20.182469,19,1,-15,0,244,-208
2025-03-10 13:47:20.229221,19,0,-8,90,124,-404
2025-03-10 13:47:20.363372,19,-4,-7,88,101,-417
2025-03-10 13:47:20.542513,14,-5,0,382,-253,-256
2025-03-10 13:47:20.543017,19,7,-19,404,-1364,-253
2025-03-10 13:47:20.586997,19,19,-19,736,-1448,-898
2025-03-10 13:47:20.587104,19,19,8,443,-295,-159
2025-03-10 13:47:20.633493,19,9,-2,-115,202,142
2025-03-10 13:47:20.723202,19,15,7,76,-208,99
2025-03-10 13:47:20.768086,14,7,4,0,100,0
2025-03-10 13:47:20.857251,12,4,2,-83,246,0
2025-03-10 13:47:20.947197,10,1,1,-116,294,0
2025-03-10 13:47:21.038009,8,1,0,-138,211,0
2025-03-10 13:47:21.038567,5,0,2,-137,0,0
2025-03-10 13:47:21.127572,9,0,5,0,-194,0
2025-03-10 13:47:21.173851,11,-2,5,-80,-92,-126
2025-03-10 13:47:21.307492,11,-1,4,-83,0,-111
2025-03-10 13:47:21.397599,11,-2,4,-147,0,-123
2025-03-10 13:47:21.398060,11,-4,4,-170,0,-116
2025-03-10 13:47:21.532555,10,-2,4,-95,0,0
2025-03-10 13:47:21.622412,10,-1,3,-139,0,0
2025-03-10 13:47:21.622710,9,-2,2,-185,0,0
2025-03-10 13:47:21.757291,8,-2,3,-108,0,0
2025-03-10 13:47:21.757545,9,-1,3,0,0,0
2025-03-10 13:47:21.804938,9,-1,4,0,0,0
2025-03-10 13:47:21.937269,10,0,4,0,0,0
2025-03-10 13:47:21.983444,9,0,3,0,0,0
2025-03-10 13:47:21.984584,8,0,3,0,0,0
2025-03-10 13:47:22.072246,9,0,2,0,0,0
2025-03-10 13:47:22.117293,9,0,3,0,0,0
2025-03-10 13:47:22.207232,9,0,3,0,0,0
2025-03-10 13:47:23.602998,11,-10,2,0,0,103
2025-03-10 13:47:23.692832,16,-15,3,0,-122,260
2025-03-10 13:47:23.782741,16,-12,6,0,0,385
2025-03-10 13:47:23.827750,15,-6,9,159,0,319
2025-03-10 13:47:23.918236,12,-4,6,344,117,158
2025-03-10 13:47:23.964099,8,-5,6,404,106,102
2025-03-10 13:47:24.052178,4,-6,11,557,194,0
2025-03-10 13:47:24.097105,-2,-1,9,322,269,-118
2025-03-10 13:47:24.187204,1,-7,9,202,385,-133
2025-03-10 13:47:24.232246,6,-5,-5,115,479,-193
2025-03-10 13:47:24.278210,6,-6,-6,-81,415,-125
2025-03-10 13:47:24.503197,15,0,-10,0,425,0
2025-03-10 13:47:24.638659,19,3,-16,0,340,-133
2025-03-10 13:47:24.639633,18,2,-14,0,125,-162
2025-03-10 13:47:24.640194,19,0,-6,0,115,-300
2025-03-10 13:47:24.640566,19,-5,-6,0,183,-374
2025-03-10 13:47:24.863887,19,-7,-7,168,0,-308
2025-03-10 13:47:24.907351,6,-5,-11,408,-493,-106
2025-03-10 13:47:24.907564,19,16,-19,175,-1996,-210
2025-03-10 13:47:24.907753,19,19,0,1088,-628,-533
2025-03-10 13:47:25.042874,19,14,15,-203,130,0
2025-03-10 13:47:25.088796,13,12,1,-287,182,437
2025-03-10 13:47:25.134188,8,2,12,-119,0,0
2025-03-10 13:47:25.222895,8,2,7,129,120,0
2025-03-10 13:47:25.269006,6,2,3,-166,150,0
2025-03-10 13:47:25.357306,6,-3,4,-252,148,-87
2025-03-10 13:47:25.447760,6,-3,6,0,0,-82
2025-03-10 13:47:25.493370,6,-2,7,0,-104,0
2025-03-10 13:47:25.672467,8,-2,7,-73,-118,-116
2025-03-10 13:47:25.718856,11,-3,9,-102,-164,-161
2025-03-10 13:47:25.719578,12,-5,7,-142,0,-248
2025-03-10 13:47:25.807266,11,-8,4,-228,0,-208
2025-03-10 13:47:25.852787,10,-9,4,-228,0,-168
2025-03-10 13:47:25.942854,8,-9,3,-201,0,0
2025-03-10 13:47:26.032516,10,-5,2,0,0,0
2025-03-10 13:47:26.122465,9,-3,2,0,0,0
2025-03-10 13:47:26.167687,9,-1,3,0,0,0
2025-03-10 13:47:26.302391,9,0,3,0,0,0
2025-03-10 13:47:26.348640,9,-1,4,0,0,0
2025-03-10 13:47:26.349094,9,0,4,0,0,0
