2025-03-13 15:20:15.440389,14,0,5,31,-32,-197
2025-03-13 15:20:15.575566,9,-2,4,-5,-44,-199
2025-03-13 15:20:15.620872,14,-1,5,-25,-16,-176
2025-03-13 15:20:15.664681,11,-2,3,-43,3,-149
2025-03-13 15:20:15.754195,9,-3,3,-40,-14,-70
2025-03-13 15:20:15.889806,9,-2,3,-22,-3,-37
2025-03-13 15:20:15.935676,8,-2,3,-23,-7,-12
2025-03-13 15:20:15.936798,8,-2,4,15,-5,16
2025-03-13 15:20:16.026940,11,-2,4,36,15,44
2025-03-13 15:20:16.071235,12,-1,5,30,-8,80
2025-03-13 15:20:16.159312,11,-2,3,71,23,98
2025-03-13 15:20:16.204563,11,-1,2,87,28,147
2025-03-13 15:20:16.294644,13,0,1,96,30,150
2025-03-13 15:20:16.339705,11,0,1,29,38,147
2025-03-13 15:20:16.474578,9,0,1,-21,17,132
2025-03-13 15:20:16.565047,9,0,2,-3,-5,90
2025-03-13 15:20:16.565561,8,0,3,16,-4,50
2025-03-13 15:20:16.701012,10,2,3,6,-10,-23
2025-03-13 15:20:16.789976,8,0,3,5,-54,-102
2025-03-13 15:20:16.790753,9,0,5,10,-59,-121
2025-03-13 15:20:16.835744,12,0,4,3,-26,-151
2025-03-13 15:20:16.969609,11,-1,3,-35,-39,-151
2025-03-13 15:20:17.015745,11,-2,3,-68,-19,-99
2025-03-13 15:20:17.060848,9,-1,3,-51,-21,-56
2025-03-13 15:20:17.149806,8,-2,3,-26,-3,-41
2025-03-13 15:20:17.329877,9,-2,3,-16,-10,-22
2025-03-13 15:20:17.375440,11,-2,3,-10,0,4
2025-03-13 15:20:17.376156,9,-3,4,19,4,59
2025-03-13 15:20:17.419758,10,-2,4,29,16,131
2025-03-13 15:20:17.509389,12,0,3,72,44,141
2025-03-13 15:20:17.600616,11,0,2,11,54,135
2025-03-13 15:20:17.690643,10,0,2,-38,37,116
2025-03-13 15:20:17.781014,8,0,1,-46,18,87
2025-03-13 15:20:17.825155,7,0,2,-27,5,65
2025-03-13 15:20:17.871782,8,1,2,10,-6,10
2025-03-13 15:20:17.960037,9,1,3,32,-18,-72
2025-03-13 15:20:18.050461,10,0,4,20,-25,-173
2025-03-13 15:20:18.095856,11,-1,5,-8,-49,-177
2025-03-13 15:20:18.187849,12,-2,4,-19,-25,-143
2025-03-13 15:20:18.230629,10,-1,3,-32,-16,-72
2025-03-13 15:20:23.991419,15,0,4,59,83,193
2025-03-13 15:20:24.084306,14,1,3,61,98,186
2025-03-13 15:20:24.085421,11,1,2,-33,81,167
2025-03-13 15:20:24.126202,9,1,2,-62,65,144
2025-03-13 15:20:24.261718,7,1,1,-46,49,86
2025-03-13 15:20:24.487052,5,2,1,-40,33,10
2025-03-13 15:20:24.488908,9,1,2,-6,-21,-102
2025-03-13 15:20:24.532552,11,1,2,-18,-26,-199
2025-03-13 15:20:24.534059,15,0,4,-4,-77,-276
2025-03-13 15:20:24.622092,15,-2,3,-18,-38,-240
2025-03-13 15:20:24.709802,11,-1,1,-105,-10,-90
2025-03-13 15:20:24.799898,11,0,1,-148,-23,-100
2025-03-13 15:20:24.845595,10,-2,2,-92,-13,-115
2025-03-13 15:20:24.891471,8,-4,2,-26,0,-73
2025-03-13 15:20:25.025640,10,-4,3,11,-36,0
2025-03-13 15:20:25.115756,11,-3,4,27,-25,70
2025-03-13 15:20:25.116905,11,-2,4,54,-11,129
2025-03-13 15:20:25.250672,15,0,5,93,32,183
2025-03-13 15:20:25.340928,14,1,4,78,78,199
2025-03-13 15:20:25.341692,11,1,2,-22,82,174
2025-03-13 15:20:25.385629,9,1,2,-69,67,138
2025-03-13 15:20:25.475440,6,1,2,-49,49,74
2025-03-13 15:20:25.565779,6,1,2,-14,15,-8
2025-03-13 15:20:25.611424,10,2,2,-1,-8,-127
2025-03-13 15:20:25.700391,13,0,2,-51,-29,-247
2025-03-13 15:20:25.836252,12,-2,2,-104,-60,-248
2025-03-13 15:20:25.970588,14,-2,3,-118,-43,-157
2025-03-13 15:20:25.971316,12,0,2,-89,19,-82
2025-03-13 15:20:26.016829,10,-1,2,-52,4,-128
2025-03-13 15:20:26.018204,10,-2,2,-42,-5,-136
2025-03-13 15:20:26.105912,9,-4,2,-40,-6,-95
2025-03-13 15:20:26.242063,11,-4,3,-16,-18,-50
2025-03-13 15:20:26.285900,11,-4,3,37,-12,32
2025-03-13 15:20:26.288154,10,-3,3,53,-9,114
2025-03-13 15:20:26.375801,14,-1,3,99,21,167
2025-03-13 15:20:26.465569,17,0,3,120,74,214
2025-03-13 15:20:26.556775,15,1,2,63,89,239
2025-03-13 15:20:26.557886,12,1,2,-44,77,221
2025-03-13 15:20:26.690631,9,1,2,-54,63,161
2025-03-13 15:20:27.725090,5,1,1,-22,27,75
2025-03-13 15:20:27.727001,16,1,2,65,56,184
2025-03-13 15:20:27.814502,14,1,2,19,46,192
2025-03-13 15:20:27.949476,10,1,2,-50,50,197
2025-03-13 15:20:27.995717,7,1,1,-15,30,155
2025-03-13 15:20:27.996866,5,2,1,20,8,73
2025-03-13 15:20:28.174634,7,1,2,30,-15,-42
2025-03-13 15:20:28.220549,8,0,3,30,-29,-109
2025-03-13 15:20:28.264562,13,0,3,-32,-21,-205
2025-03-13 15:20:28.265653,14,-1,3,-86,-15,-260
2025-03-13 15:20:28.354276,15,-2,3,-73,-35,-221
2025-03-13 15:20:28.489734,12,-2,2,-62,-5,-152
2025-03-13 15:20:28.490568,11,-2,1,-95,8,-128
2025-03-13 15:20:28.669896,11,-4,1,-133,6,-129
2025-03-13 15:20:28.714599,8,-7,1,-101,5,-64
2025-03-13 15:20:28.715544,11,-4,2,0,-49,55
2025-03-13 15:20:28.759335,12,-3,3,63,-55,92
2025-03-13 15:20:28.849370,13,-2,3,112,-23,154
2025-03-13 15:20:28.896430,13,-1,3,169,0,180
2025-03-13 15:20:29.029777,15,1,2,150,30,191
2025-03-13 15:20:29.119760,11,1,2,54,28,149
2025-03-13 15:20:29.120495,9,1,1,4,20,126
2025-03-13 15:20:29.164782,7,1,2,-26,9,88
2025-03-13 15:20:29.255423,6,1,2,-10,4,18
2025-03-13 15:20:29.299749,9,1,3,11,-8,-51
2025-03-13 15:20:29.389084,10,0,4,-14,19,-108
2025-03-13 15:20:29.435967,14,1,2,-54,0,-148
2025-03-13 15:20:29.614638,9,-2,3,-75,0,-158
2025-03-13 15:20:29.660586,12,-2,2,-56,0,-128
2025-03-13 15:20:29.661663,10,-1,1,-31,-17,-113
2025-03-13 15:20:29.704833,10,-1,1,-67,-18,-111
2025-03-13 15:20:29.792947,10,-2,3,-76,-22,-114
2025-03-13 15:20:29.839075,10,-4,5,-44,-20,-64
2025-03-13 15:20:29.928171,7,-6,7,-29,-49,-25
2025-03-13 15:20:29.974756,11,-3,7,9,0,39
2025-03-13 15:20:30.108675,11,-2,4,20,40,73
2025-03-13 15:20:30.154030,8,-1,2,14,17,109
2025-03-13 15:20:30.198538,14,1,2,53,16,94
2025-03-13 15:20:30.288770,10,0,2,8,23,107
2025-03-13 15:20:30.334074,9,1,3,-31,-4,116
2025-03-13 15:20:30.423812,8,1,2,-30,18,66
2025-03-13 15:20:31.503635,15,0,2,97,59,181
2025-03-13 15:20:31.549794,13,1,1,60,67,192
2025-03-13 15:20:31.637826,11,1,1,-19,37,169
2025-03-13 15:20:31.728112,9,1,1,-30,17,125
2025-03-13 15:20:31.863319,7,1,1,-14,0,86
2025-03-13 15:20:31.908681,7,1,2,32,-29,13
2025-03-13 15:20:31.909808,9,1,3,65,-31,-64
2025-03-13 15:20:31.956732,13,2,4,40,-15,-145
2025-03-13 15:20:32.089378,9,-1,5,14,-15,-191
2025-03-13 15:20:32.178532,12,0,4,-67,0,-165
2025-03-13 15:20:32.179150,11,-1,3,-95,-13,-120
2025-03-13 15:20:32.224690,10,-2,4,-52,-17,-101
2025-03-13 15:20:32.312893,10,-2,3,2,16,-89
2025-03-13 15:20:32.404000,8,-3,4,16,0,-48
2025-03-13 15:20:32.492962,8,-3,4,30,16,0
2025-03-13 15:20:32.539909,11,-2,2,41,35,30
2025-03-13 15:20:32.583704,12,-1,1,23,15,61
2025-03-13 15:20:32.672092,9,-2,2,65,-21,119
2025-03-13 15:20:32.762155,15,0,2,117,9,162
2025-03-13 15:20:32.809115,12,0,1,93,30,169
2025-03-13 15:20:32.942542,12,0,1,26,21,182
2025-03-13 15:20:33.034548,10,1,1,3,15,148
2025-03-13 15:20:33.035290,8,1,2,-3,0,90
2025-03-13 15:20:33.168256,10,2,2,20,-11,2
2025-03-13 15:20:33.214587,10,2,2,2,-10,-72
2025-03-13 15:20:33.215713,10,1,2,-15,-19,-122
2025-03-13 15:20:33.347775,10,0,3,-39,-45,-144
2025-03-13 15:20:33.436945,12,0,3,-44,-22,-154
2025-03-13 15:20:33.437596,11,-1,2,-44,-26,-152
2025-03-13 15:20:33.572990,11,-2,3,-37,-28,-126
2025-03-13 15:20:33.617853,11,-2,3,-23,-22,-104
2025-03-13 15:20:33.619123,9,-3,3,-16,-20,-58
2025-03-13 15:20:33.709418,9,-3,3,-21,-25,-12
2025-03-13 15:20:33.798886,11,-2,3,6,-8,38
2025-03-13 15:20:33.843630,11,-2,3,28,-6,80
2025-03-13 15:20:33.887713,10,-2,3,27,16,126
2025-03-13 15:20:34.067482,13,0,3,64,44,167
2025-03-13 15:20:34.203035,12,0,2,62,70,145
2025-03-13 15:20:34.204468,10,1,1,-9,67,130
2025-03-13 15:20:34.249360,9,0,1,-46,45,95
2025-03-13 15:20:35.284245,15,0,4,71,49,188
2025-03-13 15:20:35.329299,14,1,3,71,76,173
2025-03-13 15:20:35.462090,11,1,1,-18,74,155
2025-03-13 15:20:35.552670,9,1,1,-60,45,114
2025-03-13 15:20:35.553329,7,0,1,-46,19,59
2025-03-13 15:20:35.596605,7,1,2,-14,-12,5
2025-03-13 15:20:35.688501,9,1,2,8,-30,-63
2025-03-13 15:20:35.731270,10,1,3,16,-45,-163
2025-03-13 15:20:35.821098,12,0,4,15,-49,-216
2025-03-13 15:20:35.911346,14,-1,3,-23,-30,-174
2025-03-13 15:20:35.956780,10,-1,2,-81,-16,-71
2025-03-13 15:20:36.093346,10,0,2,-113,-14,-59
2025-03-13 15:20:36.181517,9,-1,3,-58,0,-94
2025-03-13 15:20:36.182461,9,-3,2,-6,5,-78
2025-03-13 15:20:36.228137,9,-3,3,7,-3,0
2025-03-13 15:20:36.316460,11,-2,2,41,0,55
2025-03-13 15:20:36.407305,12,-1,3,52,0,87
2025-03-13 15:20:36.451866,11,-3,3,105,61,155
2025-03-13 15:20:36.541607,14,0,2,116,76,191
2025-03-13 15:20:36.588850,12,0,1,34,40,153
2025-03-13 15:20:36.676088,10,0,1,-25,37,129
2025-03-13 15:20:36.769175,9,0,1,-36,22,98
2025-03-13 15:20:36.812935,7,0,1,-25,-7,51
2025-03-13 15:20:36.903287,9,1,2,7,-24,-15
2025-03-13 15:20:36.993319,10,1,2,0,-24,-99
2025-03-13 15:20:37.036812,8,-1,4,24,-75,-162
2025-03-13 15:20:37.127138,14,0,4,20,-49,-155
2025-03-13 15:20:37.171787,11,-1,3,37,-6,-123
2025-03-13 15:20:37.261339,11,-1,4,26,-36,-89
2025-03-13 15:20:37.352546,10,-2,3,25,-9,-63
2025-03-13 15:20:37.396288,9,-2,3,-13,8,-39
2025-03-13 15:20:37.576486,8,-3,3,-9,27,5
2025-03-13 15:20:37.621739,11,-2,2,7,27,28
2025-03-13 15:20:37.622986,11,-1,1,19,45,58
2025-03-13 15:20:37.711352,12,-1,1,20,12,108
2025-03-13 15:20:37.801748,12,-1,0,101,20,120
2025-03-13 15:20:37.847305,12,-1,-1,150,69,162
2025-03-13 15:20:37.981549,12,0,-2,101,11,175
2025-03-13 15:20:38.071963,11,0,0,8,-35,154
2025-03-13 15:20:38.073255,10,0,0,48,-45,122
2025-03-13 15:20:39.107204,15,0,0,110,19,186
2025-03-13 15:20:39.242247,13,0,0,101,26,187
2025-03-13 15:20:39.286597,11,0,0,100,3,164
2025-03-13 15:20:39.287648,11,0,0,78,13,148
2025-03-13 15:20:39.420405,9,0,0,50,18,97
2025-03-13 15:20:39.601353,8,0,0,25,-10,56
2025-03-13 15:20:39.602081,10,1,1,17,-23,8
2025-03-13 15:20:39.645577,11,1,2,15,-36,-50
2025-03-13 15:20:39.646592,11,1,2,2,-32,-111
2025-03-13 15:20:39.691634,9,0,3,0,-68,-123
2025-03-13 15:20:39.782074,13,0,4,16,-35,-145
2025-03-13 15:20:39.825929,11,-1,3,19,-34,-158
2025-03-13 15:20:39.916199,11,-2,3,-29,-29,-125
2025-03-13 15:20:40.051154,9,-2,3,-46,-25,-82
2025-03-13 15:20:40.096190,9,-3,3,-36,-17,-49
2025-03-13 15:20:40.097712,12,-4,3,25,5,-9
2025-03-13 15:20:40.230398,12,-2,2,58,22,93
2025-03-13 15:20:40.276968,10,-2,2,68,18,132
2025-03-13 15:20:40.320960,14,0,3,62,52,199
2025-03-13 15:20:40.410453,15,1,2,68,102,176
2025-03-13 15:20:40.455887,11,1,1,-18,74,164
2025-03-13 15:20:40.546364,9,1,1,-73,47,133
2025-03-13 15:20:40.637083,6,0,1,-42,29,81
2025-03-13 15:20:40.680474,6,1,2,7,-4,7
2025-03-13 15:20:40.815194,8,1,2,28,-33,-98
2025-03-13 15:20:40.996864,13,1,2,-15,-23,-200
2025-03-13 15:20:40.998389,13,-1,2,-68,-42,-261
2025-03-13 15:20:41.041372,16,-2,3,-91,-51,-211
2025-03-13 15:20:41.086104,11,-2,2,-77,-18,-111
2025-03-13 15:20:41.130890,12,-1,2,-78,-19,-87
2025-03-13 15:20:41.220587,11,-1,2,-33,-14,-125
2025-03-13 15:20:41.265696,10,-4,2,-3,-14,-115
2025-03-13 15:20:41.400787,10,-4,5,43,-64,7
2025-03-13 15:20:41.446067,12,-1,4,54,-14,86
2025-03-13 15:20:41.491671,14,-1,2,17,82,97
2025-03-13 15:20:41.535633,11,0,1,68,111,184
2025-03-13 15:20:41.626772,13,0,1,86,62,194
2025-03-13 15:20:41.716015,13,0,1,64,45,157
2025-03-13 15:20:41.761011,11,0,0,-3,55,149
2025-03-13 15:20:41.806013,10,0,1,-30,27,146
2025-03-13 15:20:42.885399,16,1,0,51,68,158
2025-03-13 15:20:42.974905,13,0,0,35,30,156
2025-03-13 15:20:43.063933,11,0,1,0,25,182
2025-03-13 15:20:43.064290,9,1,0,3,17,153
2025-03-13 15:20:43.108945,7,1,1,13,-12,84
2025-03-13 15:20:43.198911,7,1,1,28,-43,-4
2025-03-13 15:20:43.245235,8,1,2,7,-31,-83
2025-03-13 15:20:43.333908,13,1,4,0,-41,-176
2025-03-13 15:20:43.379821,12,0,3,-11,-25,-223
2025-03-13 15:20:43.470883,13,-2,4,-45,-42,-178
2025-03-13 15:20:43.559491,11,-1,3,-40,-47,-84
2025-03-13 15:20:43.604896,11,0,2,-43,-36,-83
2025-03-13 15:20:43.649341,10,-2,2,-37,-14,-103
2025-03-13 15:20:43.785297,9,-3,2,-22,-15,-74
2025-03-13 15:20:43.874550,10,-3,3,4,-25,14
2025-03-13 15:20:43.875425,11,-2,2,27,12,59
2025-03-13 15:20:44.009967,12,-1,2,28,18,100
2025-03-13 15:20:44.100260,12,-1,2,73,7,137
2025-03-13 15:20:44.101795,14,0,2,83,55,174
2025-03-13 15:20:44.190186,12,0,2,24,57,200
2025-03-13 15:20:44.279757,11,1,1,-29,68,186
2025-03-13 15:20:44.326283,8,1,2,-48,48,128
2025-03-13 15:20:44.414169,6,1,1,-33,29,43
2025-03-13 15:20:44.459719,7,1,2,3,8,-51
2025-03-13 15:20:44.595330,10,1,2,12,-11,-153
2025-03-13 15:20:44.685347,14,1,3,-4,-23,-223
2025-03-13 15:20:44.686682,14,-1,2,-19,-28,-246
2025-03-13 15:20:44.729764,12,-2,2,-60,-23,-131
2025-03-13 15:20:44.819480,11,0,1,-97,-27,-68
2025-03-13 15:20:44.864777,10,-1,1,-104,-25,-116
2025-03-13 15:20:45.000139,10,-2,1,-85,-14,-128
2025-03-13 15:20:45.089163,9,-4,3,-47,-15,-105
2025-03-13 15:20:45.089691,10,-4,4,-15,-28,-16
2025-03-13 15:20:45.134741,12,-3,4,31,-12,49
2025-03-13 15:20:45.224383,11,-2,3,37,17,113
2025-03-13 15:20:45.314669,12,-1,2,42,28,169
2025-03-13 15:20:45.359828,15,0,2,98,44,155
2025-03-13 15:20:45.449537,12,0,0,67,68,156
2025-03-13 15:20:45.494893,11,0,0,-10,47,162
2025-03-13 15:20:45.584838,9,0,1,-24,10,124
2025-03-13 15:20:46.575160,16,0,1,111,26,192
2025-03-13 15:20:46.666322,14,0,0,64,73,184
2025-03-13 15:20:46.755202,12,0,0,12,55,203
2025-03-13 15:20:46.844946,10,0,0,9,38,167
2025-03-13 15:20:46.846581,7,1,0,7,17,98
2025-03-13 15:20:46.935644,8,2,2,8,-26,9
2025-03-13 15:20:46.978788,9,2,2,-13,-18,-86
2025-03-13 15:20:47.024608,12,1,2,-31,-23,-163
2025-03-13 15:20:47.113111,11,0,2,-40,-45,-222
2025-03-13 15:20:47.204018,15,0,2,-88,-23,-212
2025-03-13 15:20:47.384474,12,-2,2,-73,-11,-174
2025-03-13 15:20:47.429497,11,-2,2,-37,-31,-102
2025-03-13 15:20:47.430450,10,-1,1,-36,-24,-83
2025-03-13 15:20:47.564252,10,-2,1,-77,-38,-74
2025-03-13 15:20:47.609160,12,-4,4,-81,-86,-70
2025-03-13 15:20:47.654116,14,-5,5,32,-46,44
2025-03-13 15:20:47.743711,9,-3,3,78,55,160
2025-03-13 15:20:47.789112,14,0,2,54,49,160
2025-03-13 15:20:47.834177,14,0,2,48,69,166
2025-03-13 15:20:48.013570,13,0,1,34,72,187
2025-03-13 15:20:48.149666,11,1,1,-30,55,164
2025-03-13 15:20:48.150384,9,1,1,-42,30,119
2025-03-13 15:20:48.194000,7,0,2,-27,3,71
2025-03-13 15:20:48.328706,8,1,2,12,-6,-7
2025-03-13 15:20:48.329453,9,1,2,15,-12,-99
2025-03-13 15:20:48.374657,10,0,2,-21,-28,-208
2025-03-13 15:20:48.375766,11,0,2,-52,-35,-214
2025-03-13 15:20:48.463844,15,-1,2,-82,-13,-183
2025-03-13 15:20:48.509629,11,-1,1,-46,-14,-126
2025-03-13 15:20:48.597682,11,-1,1,-100,-33,-112
2025-03-13 15:20:48.689839,11,-1,1,-152,-33,-107
2025-03-13 15:20:48.733729,9,-2,1,-134,-34,-82
2025-03-13 15:20:48.824229,11,-3,2,-35,-43,-47
2025-03-13 15:20:48.959379,10,-3,3,-7,-37,9
2025-03-13 15:20:49.052498,11,-3,6,-16,4,91
2025-03-13 15:20:49.053730,10,-3,5,67,50,129
2025-03-13 15:20:49.138947,15,0,5,60,36,201
2025-03-13 15:20:49.184246,13,1,3,12,63,169
2025-03-13 15:20:49.318640,10,1,2,-36,50,145
2025-03-13 15:20:56.607489,8,0,2,-49,43,100
2025-03-13 15:20:56.608805,15,-1,2,116,52,172
2025-03-13 15:20:56.652796,15,0,1,105,73,207
2025-03-13 15:20:56.653801,12,0,1,16,37,218
2025-03-13 15:20:56.788275,11,1,2,-30,29,195
2025-03-13 15:20:56.832573,7,1,1,-18,26,141
2025-03-13 15:20:56.878778,8,2,2,16,-23,33
2025-03-13 15:20:56.923796,9,1,2,42,-31,-41
2025-03-13 15:20:57.012056,10,1,3,27,-42,-120
2025-03-13 15:20:57.057421,10,0,3,37,-75,-184
2025-03-13 15:20:57.193894,14,0,3,-26,-37,-167
2025-03-13 15:20:57.282418,10,-1,2,-63,-25,-128
2025-03-13 15:20:57.327197,11,0,2,-86,-25,-116
2025-03-13 15:20:57.371744,12,-1,2,-86,-5,-136
2025-03-13 15:20:57.463139,10,-3,2,-67,0,-120
2025-03-13 15:20:57.596646,10,-3,2,-35,-17,-53
2025-03-13 15:20:57.686606,12,-3,2,11,-3,-12
2025-03-13 15:20:57.686810,10,-3,2,30,-8,85
2025-03-13 15:20:57.821413,11,-2,2,62,9,158
2025-03-13 15:20:57.957076,15,0,2,122,43,181
2025-03-13 15:20:57.958385,13,0,1,111,61,177
2025-03-13 15:20:58.047749,12,1,1,14,66,185
2025-03-13 15:20:58.048978,9,1,1,-40,48,160
2025-03-13 15:20:58.091837,7,1,1,-23,0,88
2025-03-13 15:20:58.183448,8,1,2,37,-44,-2
2025-03-13 15:20:58.317157,9,2,2,36,-45,-92
2025-03-13 15:20:58.407368,10,0,3,40,-66,-171
2025-03-13 15:20:58.407960,13,0,3,-4,-56,-185
2025-03-13 15:20:58.451653,12,-1,3,-43,-42,-167
2025-03-13 15:20:58.542135,12,-1,3,-61,-17,-130
2025-03-13 15:20:58.631573,10,-2,3,-41,-17,-103
2025-03-13 15:20:58.766728,8,-3,2,-36,-14,-51
2025-03-13 15:20:58.813963,12,-3,3,-10,0,-14
2025-03-13 15:20:58.814508,10,-3,2,14,13,42
2025-03-13 15:20:58.901692,10,-3,2,57,0,103
2025-03-13 15:20:58.946156,13,-1,2,104,20,142
2025-03-13 15:20:59.035944,15,0,1,122,86,177
2025-03-13 15:20:59.127848,12,1,0,29,68,204
2025-03-13 15:20:59.171260,11,1,1,-39,45,187
2025-03-13 15:20:59.306067,8,1,1,-25,30,131
2025-03-13 15:20:59.351829,6,1,0,-22,9,85
2025-03-13 15:21:01.467268,15,0,2,93,56,165
2025-03-13 15:21:01.601699,14,0,1,100,77,162
2025-03-13 15:21:01.602460,12,0,1,44,72,174
2025-03-13 15:21:01.647716,10,0,1,-18,42,163
2025-03-13 15:21:01.692506,9,0,1,-33,22,125
2025-03-13 15:21:01.781728,8,1,1,-23,-3,70
2025-03-13 15:21:01.827861,8,1,2,13,-28,4
2025-03-13 15:21:01.871913,9,1,2,23,-24,-77
2025-03-13 15:21:01.961479,10,0,3,19,-35,-165
2025-03-13 15:21:02.051483,13,0,3,-36,-39,-195
2025-03-13 15:21:02.141426,12,-1,2,-83,-25,-198
2025-03-13 15:21:02.187644,13,-1,2,-99,-12,-154
2025-03-13 15:21:02.232836,11,-3,3,-43,-14,-120
2025-03-13 15:21:02.366902,9,-3,2,-33,-20,-65
2025-03-13 15:21:02.411716,11,-3,2,-42,3,-16
2025-03-13 15:21:02.457965,12,-4,2,5,28,18
2025-03-13 15:21:02.546889,13,-2,2,74,4,122
2025-03-13 15:21:02.591797,11,-1,1,151,34,150
2025-03-13 15:21:02.728098,14,0,0,165,50,179
2025-03-13 15:21:02.816528,12,0,0,90,54,151
2025-03-13 15:21:02.817308,11,0,1,24,51,147
2025-03-13 15:21:02.953055,10,0,1,-16,33,129
2025-03-13 15:21:02.998138,8,1,2,-12,13,106
2025-03-13 15:21:02.999303,9,2,3,49,-16,33
2025-03-13 15:21:03.088125,9,2,3,93,-26,-54
2025-03-13 15:21:03.132592,8,1,3,67,-41,-103
2025-03-13 15:21:03.178884,11,1,3,-13,-49,-128
2025-03-13 15:21:03.313081,11,0,2,-53,-39,-145
2025-03-13 15:21:03.356672,10,-1,2,-69,-54,-120
2025-03-13 15:21:03.447908,11,-1,2,-36,-46,-102
2025-03-13 15:21:03.536281,10,-2,2,-3,-38,-85
2025-03-13 15:21:03.581418,9,-2,3,-3,-44,-46
2025-03-13 15:21:03.716627,11,-2,3,4,-26,4
2025-03-13 15:21:03.762624,11,-1,3,-20,-12,53
2025-03-13 15:21:03.851369,11,-2,4,66,3,77
2025-03-13 15:21:03.896943,15,0,3,107,88,136
2025-03-13 15:21:03.942861,12,0,1,51,97,171
2025-03-13 15:21:04.076812,11,1,1,-36,70,170
2025-03-13 15:21:04.121748,9,1,1,-47,67,130
2025-03-13 15:21:04.211464,7,1,1,-34,37,59
2025-03-13 15:21:07.676307,15,0,0,165,33,141
2025-03-13 15:21:07.810772,13,0,0,149,60,168
2025-03-13 15:21:07.856899,12,1,0,34,46,165
2025-03-13 15:21:07.902766,9,0,0,-22,9,111
2025-03-13 15:21:07.990793,8,0,1,10,-26,77
2025-03-13 15:21:08.035481,9,0,2,66,-47,33
2025-03-13 15:21:08.125289,11,1,2,75,-62,-9
2025-03-13 15:21:08.215422,6,0,3,39,-82,-62
2025-03-13 15:21:08.262844,11,0,5,39,-91,-87
2025-03-13 15:21:08.352848,10,0,5,78,-71,-114
2025-03-13 15:21:08.395884,11,0,5,68,-49,-119
2025-03-13 15:21:08.485164,10,-1,4,29,-10,-94
2025-03-13 15:21:08.576544,9,-2,3,-19,16,-40
2025-03-13 15:21:08.623082,11,-1,3,-37,30,-6
2025-03-13 15:21:08.756552,10,-2,1,-15,53,23
2025-03-13 15:21:08.844912,11,-2,1,25,4,62
2025-03-13 15:21:08.845346,11,-1,0,112,-16,99
2025-03-13 15:21:08.935736,12,0,0,124,12,132
2025-03-13 15:21:08.980863,11,0,0,101,-5,136
2025-03-13 15:21:09.161108,11,0,1,52,32,139
2025-03-13 15:21:09.206698,10,0,1,20,25,107
2025-03-13 15:21:09.207874,10,1,2,4,0,69
2025-03-13 15:21:09.296886,9,1,2,15,4,12
2025-03-13 15:21:09.340730,10,2,2,-34,8,-47
2025-03-13 15:21:09.430449,7,0,1,-39,-6,-116
2025-03-13 15:21:09.566338,12,0,1,-43,-24,-129
2025-03-13 15:21:09.655519,11,-2,0,16,-76,-121
2025-03-13 15:21:09.656268,11,-1,1,43,-59,-95
2025-03-13 15:21:09.702179,11,0,1,27,-23,-89
2025-03-13 15:21:09.745992,10,-1,1,-37,-37,-87
2025-03-13 15:21:09.835400,10,-2,3,-57,-63,-53
2025-03-13 15:21:09.925987,13,-3,3,0,-17,-19
2025-03-13 15:21:09.972016,9,-2,2,-10,24,63
2025-03-13 15:21:10.061305,10,-1,3,-29,27,93
2025-03-13 15:21:10.106880,14,-1,3,46,61,111
2025-03-13 15:21:10.241205,13,0,1,18,100,162
2025-03-13 15:21:10.375767,11,0,2,7,55,173
2025-03-13 15:21:10.376502,10,1,2,0,69,130
2025-03-13 15:21:10.422348,7,2,1,-57,73,66
2025-03-13 15:21:10.601182,8,1,1,-77,42,-11
2025-03-13 15:21:16.228447,15,0,2,103,46,181
2025-03-13 15:21:16.405961,6,-2,0,31,22,171
2025-03-13 15:21:16.451046,12,1,1,-21,30,198
2025-03-13 15:21:16.452342,10,1,1,-4,50,175
2025-03-13 15:21:16.586118,7,1,1,4,22,115
2025-03-13 15:21:16.630692,8,2,2,5,6,15
2025-03-13 15:21:16.766541,8,1,2,0,-4,-103
2025-03-13 15:21:16.810845,12,2,2,-28,-6,-188
2025-03-13 15:21:16.812185,13,0,2,-60,-13,-257
2025-03-13 15:21:16.857058,14,-2,2,-82,-9,-188
2025-03-13 15:21:16.990604,11,-1,1,-76,-8,-77
2025-03-13 15:21:17.081202,11,0,1,-98,0,-95
2025-03-13 15:21:17.171309,11,0,1,-98,12,-129
2025-03-13 15:21:17.215867,10,-2,1,-79,0,-136
2025-03-13 15:21:17.261573,10,-4,2,-36,-24,-78
2025-03-13 15:21:17.350158,11,-3,2,-3,-40,18
2025-03-13 15:21:17.440380,11,-2,3,0,-41,69
2025-03-13 15:21:17.529531,11,-2,3,65,-4,107
2025-03-13 15:21:17.621373,14,0,3,129,46,160
2025-03-13 15:21:17.622598,13,0,2,101,55,174
2025-03-13 15:21:17.710077,11,1,1,-8,59,173
2025-03-13 15:21:17.756968,9,0,1,-43,45,139
2025-03-13 15:21:17.890629,7,0,1,-12,9,84
2025-03-13 15:21:17.936318,8,1,2,16,-17,8
2025-03-13 15:21:17.980761,9,1,2,15,-24,-97
2025-03-13 15:21:18.070457,10,0,4,-3,-17,-193
2025-03-13 15:21:18.161952,13,0,3,-82,7,-202
2025-03-13 15:21:18.250465,11,-2,2,-88,-11,-153
2025-03-13 15:21:18.295480,10,-1,2,-89,-41,-89
2025-03-13 15:21:18.296609,11,-1,3,-42,-13,-82
2025-03-13 15:21:18.430491,10,-1,2,-26,7,-87
2025-03-13 15:21:18.475975,9,-2,3,-13,-6,-70
2025-03-13 15:21:18.520718,10,-3,4,11,-5,-32
2025-03-13 15:21:18.564756,11,-3,3,26,8,0
2025-03-13 15:21:18.656304,11,-3,3,41,7,75
2025-03-13 15:21:18.745997,11,-2,2,115,42,123
2025-03-13 15:21:18.789319,13,0,1,141,73,134
2025-03-13 15:21:18.880320,12,0,0,90,71,144
2025-03-13 15:21:18.926791,13,0,0,44,64,188
2025-03-13 15:21:21.897092,12,1,0,-3,48,172
2025-03-13 15:21:21.898593,15,-1,2,-85,-14,-198
2025-03-13 15:21:21.940976,10,-2,1,-175,21,-126
2025-03-13 15:21:21.984934,11,-1,2,-143,-37,-75
2025-03-13 15:21:22.075787,10,-1,3,-44,-4,-101
2025-03-13 15:21:22.119920,10,-2,3,0,0,-100
2025-03-13 15:21:22.254624,10,-4,3,-4,0,-97
2025-03-13 15:21:22.346119,11,-3,3,0,13,9
2025-03-13 15:21:22.347458,11,-2,2,7,-9,46
2025-03-13 15:21:22.434560,10,-3,2,107,18,83
2025-03-13 15:21:22.481642,13,-1,1,149,41,112
2025-03-13 15:21:22.525409,12,-1,1,164,63,153
2025-03-13 15:21:22.614470,12,0,0,90,75,201
2025-03-13 15:21:22.659428,11,1,0,3,60,175
2025-03-13 15:21:22.795353,8,1,0,-32,16,102
2025-03-13 15:21:22.884773,8,1,1,-19,-13,65
2025-03-13 15:21:22.884979,10,2,2,4,-35,-3
2025-03-13 15:21:23.019924,11,1,3,0,-30,-89
2025-03-13 15:21:23.065471,8,0,2,0,-45,-122
2025-03-13 15:21:23.066968,12,0,3,-40,-27,-144
2025-03-13 15:21:23.153855,10,-1,3,-12,-54,-171
2025-03-13 15:21:23.245007,12,-3,4,27,-45,-127
2025-03-13 15:21:23.334140,10,-2,3,26,-10,-38
2025-03-13 15:21:23.380104,9,-2,3,-3,-15,-13
2025-03-13 15:21:23.427928,10,-2,4,9,6,-5
2025-03-13 15:21:23.515933,11,-2,2,57,53,39
2025-03-13 15:21:23.605514,14,0,2,41,51,79
2025-03-13 15:21:23.694305,11,-1,0,69,67,98
2025-03-13 15:21:23.740794,14,-3,-2,236,83,163
2025-03-13 15:21:23.785851,12,-1,-4,219,54,154
2025-03-13 15:21:23.873989,11,0,-1,69,35,149
2025-03-13 15:21:24.009795,11,0,0,66,18,137
2025-03-13 15:21:24.054805,10,0,0,49,14,105
2025-03-13 15:21:24.099689,10,0,1,30,-23,73
2025-03-13 15:21:24.145069,11,1,1,25,-31,50
2025-03-13 15:21:24.234246,6,0,3,46,-56,8
2025-03-13 15:21:24.279628,11,1,4,87,-63,0
2025-03-13 15:21:24.413762,8,0,5,136,-54,-70
2025-03-13 15:21:24.505180,10,0,6,160,-82,-92
2025-03-13 15:21:24.506504,11,-1,6,146,-8,-103
2025-03-13 15:21:24.775503,9,-2,5,133,6,-55
2025-03-13 15:21:39.624445,14,-3,-3,192,13,165
2025-03-13 15:21:39.670651,14,-1,-3,182,39,184
2025-03-13 15:21:39.716065,14,0,-2,93,58,174
2025-03-13 15:21:39.804931,11,0,0,50,11,148
2025-03-13 15:21:39.940499,11,0,0,13,7,122
2025-03-13 15:21:39.941196,9,1,0,14,9,81
2025-03-13 15:21:40.120697,9,1,2,20,-50,4
2025-03-13 15:21:40.123488,7,0,3,14,-48,-66
2025-03-13 15:21:40.124188,10,0,5,58,-30,-81
2025-03-13 15:21:40.166760,10,0,4,109,-35,-132
2025-03-13 15:21:40.301330,11,0,5,59,-58,-131
2025-03-13 15:21:40.346715,10,-2,4,30,-33,-99
2025-03-13 15:21:40.390341,9,-2,3,3,0,-42
2025-03-13 15:21:40.571081,11,-1,3,-4,14,-17
2025-03-13 15:21:40.659882,11,-1,2,-19,31,-4
2025-03-13 15:21:40.706171,11,-3,2,14,6,39
2025-03-13 15:21:40.750819,10,-2,2,86,22,123
2025-03-13 15:21:40.931515,13,0,1,138,50,157
2025-03-13 15:21:41.020675,12,0,0,101,76,164
2025-03-13 15:21:41.021382,11,1,0,18,52,155
2025-03-13 15:21:41.022142,9,0,0,-22,21,120
2025-03-13 15:21:41.155633,8,0,1,-13,-6,84
2025-03-13 15:21:41.290470,9,1,2,19,-44,33
2025-03-13 15:21:41.291382,10,2,2,-19,-41,-53
2025-03-13 15:21:41.383598,10,1,2,-57,-33,-121
2025-03-13 15:21:41.384374,11,0,3,-38,-44,-139
2025-03-13 15:21:41.471729,11,0,3,-21,-24,-144
2025-03-13 15:21:41.516161,11,0,2,-40,-19,-143
2025-03-13 15:21:41.560636,11,-1,2,-47,-21,-140
2025-03-13 15:21:41.605591,11,-2,2,-48,-20,-116
2025-03-13 15:21:41.695393,8,-3,3,-34,-22,-50
2025-03-13 15:21:41.921389,11,-3,3,-4,0,-13
2025-03-13 15:21:41.924032,10,-2,2,-4,7,37
2025-03-13 15:21:41.924867,11,-3,3,57,0,80
2025-03-13 15:21:41.966325,14,-1,3,92,41,129
2025-03-13 15:21:42.054989,13,0,1,78,85,182
2025-03-13 15:21:42.100719,12,1,1,-9,54,198
2025-03-13 15:21:42.190976,11,0,1,-38,38,170
2025-03-13 15:21:42.237315,8,0,1,-24,27,119
2025-03-13 15:21:42.326161,8,1,1,-2,-5,60
2025-03-13 15:21:43.901198,16,0,4,-13,-52,-201
2025-03-13 15:21:43.991984,11,-2,2,-47,-17,-146
2025-03-13 15:21:43.992583,11,-1,2,-86,-33,-77
2025-03-13 15:21:44.126086,10,-2,3,-52,-16,-96
2025-03-13 15:21:44.215931,9,-4,2,-4,3,-65
2025-03-13 15:21:44.217460,11,-3,2,34,16,5
2025-03-13 15:21:44.305833,13,-3,2,79,34,61
2025-03-13 15:21:44.351590,12,-2,1,72,41,152
2025-03-13 15:21:44.530638,14,0,2,89,50,197
2025-03-13 15:21:44.575688,15,0,1,138,83,174
2025-03-13 15:21:44.577348,13,0,0,83,99,166
2025-03-13 15:21:44.664935,11,1,0,-48,73,169
2025-03-13 15:21:44.710385,9,0,0,-78,23,132
2025-03-13 15:21:44.800255,8,1,1,-47,-19,83
2025-03-13 15:21:44.846056,8,2,2,8,-44,-19
2025-03-13 15:21:44.934989,8,1,3,0,-47,-143
2025-03-13 15:21:45.117204,11,1,3,12,-93,-219
2025-03-13 15:21:45.161013,18,0,3,-56,-40,-289
2025-03-13 15:21:45.162269,15,-3,3,-81,-34,-254
2025-03-13 15:21:45.205828,11,-2,2,-90,-21,-55
2025-03-13 15:21:45.294758,10,-1,2,-91,-29,-70
2025-03-13 15:21:45.385300,9,-2,2,-50,-6,-74
2025-03-13 15:21:45.521530,11,-3,2,3,-3,-69
2025-03-13 15:21:45.565548,9,-4,2,36,-10,-4
2025-03-13 15:21:45.566699,10,-3,3,43,-39,119
2025-03-13 15:21:45.611792,16,-2,4,151,8,129
2025-03-13 15:21:45.701111,17,0,1,175,149,220
2025-03-13 15:21:45.746148,16,2,1,80,163,242
2025-03-13 15:21:45.880609,13,2,1,-64,85,208
2025-03-13 15:21:45.970432,9,1,2,-97,48,167
2025-03-13 15:21:45.971048,6,0,1,-51,41,121
2025-03-13 15:21:46.106060,6,1,2,12,6,21
2025-03-13 15:21:46.151041,6,1,2,35,-23,-56
2025-03-13 15:21:46.152119,9,1,3,9,-39,-168
2025-03-13 15:21:46.286135,14,1,4,8,-54,-265
2025-03-13 15:21:46.375971,16,-1,4,-46,-43,-283
2025-03-13 15:21:46.376802,12,-2,2,-89,-62,-159
2025-03-13 15:21:46.465622,13,0,2,-96,-43,-101
2025-03-13 15:21:46.511297,11,-2,2,-59,-12,-152
2025-03-13 15:21:46.601487,10,-5,2,-30,-9,-126
2025-03-13 15:21:47.636604,15,-2,4,-6,-25,-213
2025-03-13 15:21:47.725259,12,-3,3,-30,-25,-149
2025-03-13 15:21:47.770956,10,-3,3,-39,-21,-77
2025-03-13 15:21:47.951183,9,-3,3,-14,0,-39
2025-03-13 15:21:48.040530,11,-4,3,18,8,-21
2025-03-13 15:21:48.041382,12,-4,3,30,14,38
2025-03-13 15:21:48.130803,11,-3,3,78,34,151
2025-03-13 15:21:48.176860,15,0,2,67,59,244
2025-03-13 15:21:48.178342,17,1,2,65,59,218
2025-03-13 15:21:48.312092,13,1,1,-45,52,210
2025-03-13 15:21:48.445578,10,1,1,-53,27,181
2025-03-13 15:21:48.581788,8,1,1,-15,13,124
2025-03-13 15:21:48.583038,7,1,3,56,-16,48
2025-03-13 15:21:48.625915,7,1,2,78,-16,0
2025-03-13 15:21:48.669588,8,0,5,54,-22,-85
2025-03-13 15:21:48.669814,9,0,4,-2,-40,-150
2025-03-13 15:21:48.805420,11,-1,4,-34,-42,-200
2025-03-13 15:21:48.851917,13,-1,3,-17,-44,-229
2025-03-13 15:21:48.853149,14,-1,4,-4,-48,-236
2025-03-13 15:21:49.031321,13,-4,4,21,-59,-195
2025-03-13 15:21:49.076533,9,-4,3,-20,-43,-46
2025-03-13 15:21:49.077468,10,-4,5,4,-63,-16
2025-03-13 15:21:49.210633,13,-5,4,74,27,2
2025-03-13 15:21:49.300500,12,-5,3,93,63,87
2025-03-13 15:21:49.301264,14,0,2,37,66,216
2025-03-13 15:21:49.347129,17,0,2,20,69,211
2025-03-13 15:21:49.435770,15,1,2,0,84,212
2025-03-13 15:21:49.480964,12,1,1,-62,69,195
2025-03-13 15:21:49.615592,8,0,2,-68,14,162
2025-03-13 15:21:49.660727,7,1,2,-98,10,85
2025-03-13 15:21:49.705612,7,1,2,-22,15,-15
2025-03-13 15:21:49.795394,9,2,1,-5,8,-133
2025-03-13 15:21:49.841910,11,0,2,11,-15,-258
2025-03-13 15:21:49.977029,18,0,3,5,-34,-305
2025-03-13 15:21:50.020696,15,-2,2,7,-13,-251
2025-03-13 15:21:50.066074,14,0,2,-54,-25,-113
2025-03-13 15:21:50.200370,12,-2,2,-54,-44,-150
2025-03-13 15:21:50.292266,10,-5,2,-31,-17,-116
2025-03-13 15:21:50.379948,11,-5,2,-15,7,-31
2025-03-13 15:21:50.425087,11,-4,1,28,16,63
2025-03-13 15:21:51.779367,16,0,0,74,133,151
2025-03-13 15:21:51.865889,14,0,0,96,77,189
2025-03-13 15:21:51.956413,16,0,1,50,32,220
2025-03-13 15:21:52.001441,13,1,0,-16,54,203
2025-03-13 15:21:52.091900,10,0,0,-19,30,165
2025-03-13 15:21:52.227670,8,0,0,6,-9,105
2025-03-13 15:21:52.271824,8,1,1,19,-32,65
2025-03-13 15:21:52.361096,8,0,2,29,-70,-22
2025-03-13 15:21:52.362353,7,0,4,54,-87,-55
2025-03-13 15:21:52.450737,9,0,5,114,-111,-93
2025-03-13 15:21:52.495832,11,0,5,127,-120,-133
2025-03-13 15:21:52.540713,13,0,6,120,-122,-160
2025-03-13 15:21:52.631129,13,-2,7,125,-57,-139
2025-03-13 15:21:52.676844,9,-3,6,62,5,-48
2025-03-13 15:21:52.855642,9,-1,4,-4,18,8
2025-03-13 15:21:52.901465,11,-1,3,-3,60,8
2025-03-13 15:21:53.035617,10,-1,1,19,74,26
2025-03-13 15:21:53.036338,11,-3,1,93,34,37
2025-03-13 15:21:53.171585,14,-3,0,205,71,98
2025-03-13 15:21:53.217394,14,-2,-1,184,141,161
2025-03-13 15:21:53.218346,15,0,0,64,91,200
2025-03-13 15:21:53.263101,13,1,0,-41,56,190
2025-03-13 15:21:53.396308,11,0,0,-64,12,162
2025-03-13 15:21:53.621589,10,0,2,-35,-41,134
2025-03-13 15:21:53.622368,10,1,3,26,-54,104
2025-03-13 15:21:53.668195,7,1,4,102,-12,9
2025-03-13 15:21:53.670695,7,2,3,105,-41,-56
2025-03-13 15:21:53.803092,9,2,5,84,-105,-116
2025-03-13 15:21:53.893081,11,-1,8,137,-87,-135
2025-03-13 15:21:53.894480,12,1,5,145,-94,-126
2025-03-13 15:21:54.117253,11,0,6,-18,-128,-130
2025-03-13 15:21:54.207199,9,-2,7,-79,-35,-93
2025-03-13 15:21:54.209013,11,-4,6,52,26,-49
2025-03-13 15:21:54.210562,12,-2,3,33,62,42
2025-03-13 15:21:54.211645,10,-4,3,49,58,78
2025-03-13 15:21:54.296651,12,-1,2,70,82,159
2025-03-13 15:21:54.387172,16,0,2,77,113,145
2025-03-13 15:21:54.432763,14,0,0,-10,109,169
2025-03-13 15:21:54.566618,13,1,1,-99,78,188
2025-03-13 15:21:55.556679,11,0,1,-95,49,172
2025-03-13 15:21:55.558103,19,1,3,103,60,257
2025-03-13 15:21:55.646575,16,2,1,46,114,227
2025-03-13 15:21:55.736348,13,2,1,-47,117,202
2025-03-13 15:21:55.782633,8,1,2,-69,58,154
2025-03-13 15:21:55.872944,7,1,2,-25,18,102
2025-03-13 15:21:55.960828,6,1,2,12,0,-15
2025-03-13 15:21:56.007484,8,3,1,8,-14,-117
2025-03-13 15:21:56.141011,11,1,2,-29,-40,-253
2025-03-13 15:21:56.187025,16,1,2,-50,-59,-303
2025-03-13 15:21:56.188435,17,-1,3,-51,-71,-309
2025-03-13 15:21:56.320876,15,-2,2,-82,-35,-208
2025-03-13 15:21:56.410896,14,0,1,-128,-20,-98
2025-03-13 15:21:56.411196,11,-2,1,-124,-39,-131
2025-03-13 15:21:56.545805,12,-4,2,-61,-23,-106
2025-03-13 15:21:56.636464,12,-6,2,0,-20,-67
2025-03-13 15:21:56.637436,9,-5,3,81,-52,143
2025-03-13 15:21:56.728270,16,-1,4,131,-17,256
2025-03-13 15:21:56.816877,17,1,3,120,58,227
2025-03-13 15:21:56.950928,15,2,2,67,100,228
2025-03-13 15:21:57.042101,11,2,2,9,94,185
2025-03-13 15:21:57.043431,8,2,1,-38,64,101
2025-03-13 15:21:57.087002,7,1,1,-36,43,29
2025-03-13 15:21:57.176136,7,1,1,-39,22,-44
2025-03-13 15:21:57.313361,11,2,1,-63,0,-150
2025-03-13 15:21:57.582173,12,0,2,-71,-18,-246
2025-03-13 15:21:57.583520,15,-1,3,-117,13,-262
2025-03-13 15:21:57.675838,12,-2,2,-58,-14,-206
2025-03-13 15:21:57.676532,13,-1,2,-38,-24,-119
2025-03-13 15:21:57.677107,11,0,1,-23,-9,-105
2025-03-13 15:21:57.851814,10,-1,1,-60,-30,-107
2025-03-13 15:21:57.852023,11,-4,3,-32,-61,-104
2025-03-13 15:21:57.897048,11,-7,4,18,-19,-23
2025-03-13 15:21:57.897517,11,-3,3,50,-14,179
2025-03-13 15:21:57.986257,17,0,3,87,55,210
2025-03-13 15:21:58.121624,16,0,2,104,101,220
2025-03-13 15:21:58.167120,15,1,1,22,87,238
2025-03-13 15:21:58.168267,12,1,2,-48,67,206
2025-03-13 15:21:58.255797,8,1,1,-54,47,155
2025-03-13 15:21:58.345892,6,2,1,-20,19,88
2025-03-13 15:21:58.391752,6,2,2,18,-18,-36
2025-03-13 15:21:59.968267,15,0,1,-89,-59,-306
2025-03-13 15:22:00.191964,18,-3,2,-116,-77,-307
2025-03-13 15:22:00.193805,12,-4,1,-71,0,-141
2025-03-13 15:22:00.195074,10,-2,2,-33,-31,-26
2025-03-13 15:22:00.237279,11,-2,3,-23,-91,-72
2025-03-13 15:22:00.371935,11,-5,4,-36,-24,-27
2025-03-13 15:22:00.461938,9,-5,3,14,3,102
2025-03-13 15:22:00.463131,15,-1,4,96,14,226
2025-03-13 15:22:00.552407,16,0,3,131,57,232
2025-03-13 15:22:00.641958,15,1,2,70,106,223
2025-03-13 15:22:00.642585,14,2,2,22,114,207
2025-03-13 15:22:00.730932,10,1,1,-38,92,150
2025-03-13 15:22:00.776781,7,1,1,-68,59,103
2025-03-13 15:22:00.821735,7,2,1,-26,13,20
2025-03-13 15:22:00.956635,7,1,2,12,-42,-83
2025-03-13 15:22:01.137394,10,2,2,7,-55,-158
2025-03-13 15:22:01.138193,12,0,3,-7,-61,-231
2025-03-13 15:22:01.181963,16,0,2,-69,-27,-212
2025-03-13 15:22:01.183344,14,0,1,-141,-19,-189
2025-03-13 15:22:01.407184,14,-1,2,-107,-33,-209
2025-03-13 15:22:01.408550,13,-3,2,-51,-18,-203
2025-03-13 15:22:01.453274,10,-4,1,-17,-10,-133
2025-03-13 15:22:01.454696,10,-4,2,-42,-59,-20
2025-03-13 15:22:01.586672,12,-5,3,-12,-29,37
2025-03-13 15:22:01.723123,13,-2,2,-16,-5,135
2025-03-13 15:22:01.725058,14,-2,3,33,0,190
2025-03-13 15:22:01.857660,19,0,2,121,30,253
2025-03-13 15:22:01.858446,16,1,1,86,49,256
2025-03-13 15:22:01.901808,13,2,1,-14,51,239
2025-03-13 15:22:01.946743,9,1,2,-32,35,184
2025-03-13 15:22:02.082692,6,1,1,-12,24,119
2025-03-13 15:22:02.171585,6,2,2,18,-8,-9
2025-03-13 15:22:02.172356,8,2,1,-30,-16,-161
2025-03-13 15:22:02.307358,12,-2,4,-50,-28,-293
2025-03-13 15:22:02.396684,17,-1,3,-17,29,-270
2025-03-13 15:22:02.397485,16,-2,2,-76,-30,-281
2025-03-13 15:22:02.577040,15,-2,1,-123,-16,-183
2025-03-13 15:22:02.666443,12,-2,1,-67,12,-125
2025-03-13 15:22:02.667086,9,-3,0,-34,0,-85
2025-03-13 15:22:02.713167,10,-3,1,-18,-25,-43
2025-03-13 15:22:04.198602,15,0,3,86,101,185
2025-03-13 15:22:04.288269,14,0,2,28,57,184
2025-03-13 15:22:04.378433,14,1,2,-43,64,186
2025-03-13 15:22:04.467588,10,0,1,-49,63,168
2025-03-13 15:22:04.558181,7,1,1,-40,34,135
2025-03-13 15:22:04.559846,6,1,2,-2,-5,56
2025-03-13 15:22:04.737637,7,1,2,20,-25,-54
2025-03-13 15:22:04.828934,8,0,4,35,-38,-176
2025-03-13 15:22:04.829914,11,0,3,12,-33,-206
2025-03-13 15:22:04.830845,14,-1,4,10,-48,-246
2025-03-13 15:22:04.918868,13,-2,3,-5,-59,-206
2025-03-13 15:22:04.963048,12,-2,3,-8,-33,-118
2025-03-13 15:22:05.053932,10,-2,3,-27,-22,-87
2025-03-13 15:22:05.142537,9,-3,3,-42,-8,-65
2025-03-13 15:22:05.232737,12,-3,3,2,17,-30
2025-03-13 15:22:05.233409,11,-3,2,44,23,35
2025-03-13 15:22:05.323934,10,-3,2,104,19,118
2025-03-13 15:22:05.367806,14,-1,2,168,60,173
2025-03-13 15:22:05.503282,17,0,1,164,102,180
2025-03-13 15:22:05.548085,14,0,0,71,108,172
2025-03-13 15:22:05.685190,12,1,0,-52,83,188
2025-03-13 15:22:05.685832,10,0,1,-59,47,161
2025-03-13 15:22:05.773201,8,0,0,-48,12,106
2025-03-13 15:22:05.865123,8,1,1,-30,-11,66
2025-03-13 15:22:05.866575,8,1,2,2,-30,-20
2025-03-13 15:22:05.952581,8,0,3,22,-58,-118
2025-03-13 15:22:05.997671,10,0,3,-27,-51,-149
2025-03-13 15:22:06.088630,13,-1,4,-33,-34,-193
2025-03-13 15:22:06.133792,13,-1,3,-22,-35,-191
2025-03-13 15:22:06.179981,13,-3,3,-2,-27,-173
2025-03-13 15:22:06.268676,10,-3,2,-32,-26,-85
2025-03-13 15:22:06.357688,9,-2,2,-64,-20,-33
2025-03-13 15:22:06.404166,12,-3,2,-20,0,-22
2025-03-13 15:22:06.492537,11,-2,1,-18,-3,41
2025-03-13 15:22:06.627648,9,-2,2,-21,-34,88
2025-03-13 15:22:06.672652,14,-1,3,29,-19,130
2025-03-13 15:22:06.807579,13,0,2,44,10,163
2025-03-13 15:22:06.897646,12,0,2,31,3,197
2025-03-13 15:22:06.898380,10,1,3,5,28,154
2025-03-13 15:22:07.032528,8,1,2,11,37,99
