2025-03-13 16:05:29.899841,19,7,7,95,110,-202
2025-03-13 16:05:29.942033,5,-4,-19,-257,228,-33
2025-03-13 16:05:30.031373,11,-10,10,210,-212,-59
2025-03-13 16:05:30.077762,5,-7,0,-34,-35,-29
2025-03-13 16:05:30.212259,6,-9,0,17,-19,30
2025-03-13 16:05:30.256804,7,-8,0,-23,-48,35
2025-03-13 16:05:30.301380,6,-8,0,11,-53,37
2025-03-13 16:05:30.346633,6,-8,0,-21,-40,55
2025-03-13 16:05:30.481059,4,-7,0,0,-41,72
2025-03-13 16:05:30.571798,2,-8,1,-19,-36,134
2025-03-13 16:05:30.572036,-1,-6,0,39,0,53
2025-03-13 16:05:30.660899,0,-7,0,10,-28,-37
2025-03-13 16:05:30.707577,0,-10,0,-7,-21,-69
2025-03-13 16:05:30.795900,0,-11,0,0,0,-80
2025-03-13 16:05:30.887441,-1,-12,0,-10,0,-45
2025-03-13 16:05:30.932565,-1,-10,-1,-76,30,-57
2025-03-13 16:05:31.023301,0,-12,0,-60,0,-42
2025-03-13 16:05:31.065736,0,-11,0,0,-39,19
2025-03-13 16:05:31.204074,2,-10,-1,21,-11,-5
2025-03-13 16:05:31.247040,2,-9,0,-17,15,-15
2025-03-13 16:05:31.293834,2,-8,-1,7,0,9
2025-03-13 16:05:31.381066,2,-10,-1,-28,14,-8
2025-03-13 16:05:31.427359,2,-9,-1,-10,0,3
2025-03-13 16:05:31.606432,2,-8,-1,15,0,0
2025-03-13 16:05:31.652511,2,-9,-1,0,0,0
2025-03-13 16:05:31.654774,2,-9,-1,11,0,6
2025-03-13 16:05:31.697817,2,-9,0,34,-11,6
2025-03-13 16:05:31.744577,2,-9,-1,47,-20,6
2025-03-13 16:05:31.830793,2,-9,0,66,-17,7
2025-03-13 16:05:31.966469,1,-8,0,88,-16,0
2025-03-13 16:05:32.011684,1,-6,1,153,-53,-19
2025-03-13 16:05:32.102347,3,-6,3,179,-75,-65
2025-03-13 16:05:32.147491,5,-6,4,166,-74,-102
2025-03-13 16:05:32.191138,6,-6,5,98,-31,-91
2025-03-13 16:05:32.371888,7,-5,5,44,-51,-109
2025-03-13 16:05:32.417464,8,-5,6,20,-66,-111
2025-03-13 16:05:32.418809,9,-3,5,0,-34,-65
2025-03-13 16:05:32.462196,9,-3,5,-21,-26,-74
2025-03-13 16:05:32.551933,8,-3,5,-10,0,-33
2025-03-13 16:05:32.686668,8,-3,5,-13,-15,-23
2025-03-13 16:05:34.036742,-8,-13,0,34,0,27
2025-03-13 16:05:34.126072,-4,-3,8,176,182,-6
2025-03-13 16:05:34.170592,19,17,4,205,73,-442
2025-03-13 16:05:34.262810,-8,-19,-19,-729,209,208
2025-03-13 16:05:34.305808,13,-6,6,474,-130,-202
2025-03-13 16:05:34.440660,8,-10,3,-113,-126,-7
2025-03-13 16:05:34.531047,7,-9,2,0,17,39
2025-03-13 16:05:34.531585,6,-9,1,0,-98,13
2025-03-13 16:05:34.575868,6,-9,1,14,-45,40
2025-03-13 16:05:34.667173,3,-8,0,-7,-62,43
2025-03-13 16:05:34.801005,4,-8,1,11,-20,45
2025-03-13 16:05:34.846686,2,-8,1,45,0,26
2025-03-13 16:05:34.847628,0,-7,1,99,20,9
2025-03-13 16:05:34.936199,-2,-9,3,120,35,10
2025-03-13 16:05:35.026387,0,-9,4,124,0,-38
2025-03-13 16:05:35.161094,0,-7,7,152,-50,-15
2025-03-13 16:05:35.252833,-1,-5,7,147,-110,-71
2025-03-13 16:05:35.253949,2,-3,7,116,-154,-70
2025-03-13 16:05:35.342012,6,-3,10,37,-162,-81
2025-03-13 16:05:35.432267,8,-1,6,-43,-101,-133
2025-03-13 16:05:35.520886,10,-3,6,-90,-106,-177
2025-03-13 16:05:35.567155,10,-4,6,-71,-69,-89
2025-03-13 16:05:35.612772,10,-3,5,25,0,27
2025-03-13 16:05:35.702352,8,0,3,17,56,58
2025-03-13 16:05:35.881842,9,-1,2,-45,17,-3
2025-03-13 16:05:35.972652,8,-2,3,-77,0,17
2025-03-13 16:05:35.973381,9,-2,4,0,0,30
2025-03-13 16:05:36.018354,9,-1,3,28,0,25
2025-03-13 16:05:36.063883,8,-1,3,-10,0,8
2025-03-13 16:05:36.198203,8,-1,3,11,-11,-3
2025-03-13 16:05:36.242495,9,-1,3,12,0,-14
2025-03-13 16:05:36.333906,9,-2,3,0,0,-13
2025-03-13 16:05:36.375943,9,-2,3,11,0,-2
2025-03-13 16:05:36.420715,9,-2,3,11,0,3
2025-03-13 16:05:36.646774,9,-2,3,0,0,7
2025-03-13 16:05:36.649039,9,-1,3,0,0,9
2025-03-13 16:05:36.650059,9,-1,3,0,0,7
2025-03-13 16:05:36.737204,9,-1,3,0,0,6
2025-03-13 16:05:36.781790,9,-1,3,0,0,0
2025-03-13 16:05:36.917108,9,-2,3,0,0,0
2025-03-13 16:05:38.088367,3,-15,2,-163,-112,70
2025-03-13 16:05:38.177685,2,-13,0,-91,-140,158
2025-03-13 16:05:38.311193,1,-9,0,0,-95,197
2025-03-13 16:05:38.311902,-2,-9,2,-30,-74,59
2025-03-13 16:05:38.491654,-5,-9,3,86,32,48
2025-03-13 16:05:38.537925,7,0,9,131,100,-141
2025-03-13 16:05:38.539517,19,5,-14,-102,178,-251
2025-03-13 16:05:38.627124,7,-13,19,279,-347,-59
2025-03-13 16:05:38.716783,2,0,-3,-86,100,77
2025-03-13 16:05:38.762967,5,-11,5,-115,-59,-16
2025-03-13 16:05:38.850987,5,-6,0,0,0,34
2025-03-13 16:05:38.895858,6,-6,2,11,-77,25
2025-03-13 16:05:38.940799,3,-8,2,47,-19,30
2025-03-13 16:05:39.031075,5,-7,2,22,14,14
2025-03-13 16:05:39.124188,3,-7,1,-49,-44,2
2025-03-13 16:05:39.166519,1,-9,2,0,0,-45
2025-03-13 16:05:39.256840,1,-9,3,93,36,-25
2025-03-13 16:05:39.301722,3,-8,2,162,27,-83
2025-03-13 16:05:39.392108,3,-8,5,124,-69,-115
2025-03-13 16:05:39.480645,3,-7,6,93,-44,-83
2025-03-13 16:05:39.615955,6,-5,7,66,-46,-77
2025-03-13 16:05:39.661571,7,-6,7,11,-59,-111
2025-03-13 16:05:39.706935,7,-3,6,-10,-54,-65
2025-03-13 16:05:39.752010,8,-3,6,49,-49,-56
2025-03-13 16:05:39.931974,9,-2,5,23,-31,-53
2025-03-13 16:05:39.977533,9,-2,5,10,-36,-40
2025-03-13 16:05:39.978780,10,-2,5,-26,-16,-8
2025-03-13 16:05:40.066471,8,-1,3,-42,28,21
2025-03-13 16:05:40.111257,9,-1,3,-36,11,23
2025-03-13 16:05:40.293101,9,-1,3,-25,0,6
2025-03-13 16:05:40.336427,9,-1,3,-13,0,15
2025-03-13 16:05:40.337524,9,-1,3,14,0,10
2025-03-13 16:05:40.381954,9,-1,3,0,0,0
2025-03-13 16:05:40.470924,9,-1,3,0,0,0
2025-03-13 16:05:40.517258,9,-1,3,7,0,-7
2025-03-13 16:05:40.652457,9,-1,3,0,0,-10
2025-03-13 16:05:40.742448,9,-2,3,0,0,-9
2025-03-13 16:05:40.831826,9,-2,3,0,0,-5
2025-03-13 16:05:40.832259,9,-2,3,0,0,0
2025-03-13 16:05:40.876260,9,-1,3,0,0,5
2025-03-13 16:05:42.586491,16,3,11,52,143,-170
2025-03-13 16:05:42.631669,5,-14,-19,-193,145,-150
2025-03-13 16:05:42.722923,7,-7,11,311,-150,-63
2025-03-13 16:05:42.767040,3,-2,-3,38,113,58
2025-03-13 16:05:42.811923,7,-12,6,-16,-16,5
2025-03-13 16:05:42.945662,6,-8,1,0,-39,13
2025-03-13 16:05:43.035923,6,-10,2,12,-52,30
2025-03-13 16:05:43.036182,5,-8,1,17,-30,50
2025-03-13 16:05:43.083582,5,-7,1,26,-38,69
2025-03-13 16:05:43.171528,3,-7,2,28,-37,49
2025-03-13 16:05:43.261072,3,-6,3,66,0,43
2025-03-13 16:05:43.351673,0,-6,2,97,0,6
2025-03-13 16:05:43.396963,0,-7,3,98,-19,-70
2025-03-13 16:05:43.441835,0,-7,5,111,-50,-96
2025-03-13 16:05:43.530759,4,-6,6,109,-61,-131
2025-03-13 16:05:43.577097,4,-7,7,44,-105,-117
2025-03-13 16:05:43.756454,4,-5,8,31,-68,-108
2025-03-13 16:05:43.801798,7,-6,9,0,-107,-129
2025-03-13 16:05:43.891645,9,-3,5,-8,-61,-95
2025-03-13 16:05:43.892793,9,-4,6,-56,-30,-86
2025-03-13 16:05:43.936410,9,-4,5,-40,0,-16
2025-03-13 16:05:44.117514,9,-2,3,0,15,23
2025-03-13 16:05:44.161598,8,-1,3,-19,19,40
2025-03-13 16:05:44.162544,9,-1,3,-13,0,11
2025-03-13 16:05:44.251846,8,-2,3,-22,0,17
2025-03-13 16:05:44.295956,9,-1,3,16,0,22
2025-03-13 16:05:44.476554,9,-1,3,0,0,9
2025-03-13 16:05:44.566951,9,-1,3,-9,0,2
2025-03-13 16:05:44.568637,8,-1,3,0,0,-3
2025-03-13 16:05:44.611568,8,-2,3,0,0,-13
2025-03-13 16:05:44.657437,9,-2,3,11,0,-18
2025-03-13 16:05:44.791534,9,-2,3,0,0,-16
2025-03-13 16:05:44.881935,9,-2,3,0,0,-4
2025-03-13 16:05:44.928317,9,-2,3,0,0,6
2025-03-13 16:05:45.016360,9,-2,3,0,0,9
2025-03-13 16:05:45.061615,9,-1,3,0,0,11
2025-03-13 16:05:45.242090,9,-1,3,0,0,9
2025-03-13 16:05:45.286985,9,-1,3,0,0,4
2025-03-13 16:05:45.288605,9,-1,3,0,0,0
2025-03-13 16:05:45.332028,9,-1,3,0,0,-3
2025-03-13 16:05:47.176370,19,7,6,229,116,-80
2025-03-13 16:05:47.222636,-4,-19,-12,-455,138,-7
2025-03-13 16:05:47.223856,9,-8,7,291,-16,58
2025-03-13 16:05:47.266332,3,-6,5,-94,-86,-42
2025-03-13 16:05:47.355851,3,-10,3,0,0,-9
2025-03-13 16:05:47.536299,4,-8,2,-20,-25,-4
2025-03-13 16:05:47.538355,3,-9,2,11,0,5
2025-03-13 16:05:47.538956,4,-9,2,0,0,3
2025-03-13 16:05:47.627788,5,-8,2,0,0,33
2025-03-13 16:05:47.672047,7,-6,2,23,-29,105
2025-03-13 16:05:47.760706,5,-4,3,108,-134,98
2025-03-13 16:05:47.850856,2,-5,4,64,-54,24
2025-03-13 16:05:47.941430,3,-4,3,53,-76,-45
2025-03-13 16:05:48.076598,2,-5,5,76,-77,-116
2025-03-13 16:05:48.077362,2,-6,7,84,-108,-153
2025-03-13 16:05:48.167687,4,-7,9,60,-147,-168
2025-03-13 16:05:48.302082,8,-7,8,0,-54,-147
2025-03-13 16:05:48.346686,10,-4,8,-31,-113,-135
2025-03-13 16:05:48.347791,10,-4,6,-65,-37,-101
2025-03-13 16:05:48.437669,9,-5,6,-78,0,-46
2025-03-13 16:05:48.526571,9,-3,4,14,11,20
2025-03-13 16:05:48.662085,10,-1,3,10,22,26
2025-03-13 16:05:48.707951,8,-1,2,-30,26,19
2025-03-13 16:05:48.709325,9,-1,3,-32,0,18
2025-03-13 16:05:48.796820,9,-1,3,-32,0,9
2025-03-13 16:05:48.885841,8,-1,4,0,0,7
2025-03-13 16:05:49.112080,9,-1,3,8,0,0
2025-03-13 16:05:49.116501,9,-1,3,-12,0,-10
2025-03-13 16:05:49.117553,8,-1,3,0,0,-10
2025-03-13 16:05:49.156797,8,-1,3,7,0,-14
2025-03-13 16:05:49.247610,9,-2,3,0,0,-11
2025-03-13 16:05:49.292079,9,-2,3,0,0,0
2025-03-13 16:05:49.426389,9,-2,3,0,0,0
2025-03-13 16:05:49.518079,9,-2,3,20,-11,2
2025-03-13 16:05:49.519331,9,-2,3,22,0,6
2025-03-13 16:05:49.562463,9,-2,3,18,0,9
2025-03-13 16:05:49.651069,9,-1,3,7,0,14
2025-03-13 16:05:49.786351,9,-1,3,0,0,18
2025-03-13 16:05:49.875887,9,-1,3,0,0,14
2025-03-13 16:05:49.876164,9,-1,3,0,0,8
2025-03-13 16:05:51.676954,19,9,6,140,118,-104
2025-03-13 16:05:51.723116,-1,-19,-19,-502,131,18
2025-03-13 16:05:51.812015,9,-4,4,428,-28,-18
2025-03-13 16:05:51.947683,4,-7,6,-107,-109,-82
2025-03-13 16:05:52.036548,5,-11,5,15,0,-20
2025-03-13 16:05:52.082903,5,-9,2,0,-30,0
2025-03-13 16:05:52.083842,5,-9,3,-9,-19,28
2025-03-13 16:05:52.128898,5,-9,3,8,-40,45
2025-03-13 16:05:52.216751,5,-8,3,33,-28,70
2025-03-13 16:05:52.262870,5,-7,3,28,-14,90
2025-03-13 16:05:52.443068,3,-6,2,61,0,60
2025-03-13 16:05:52.487728,0,-5,4,89,-51,16
2025-03-13 16:05:52.488830,0,-5,3,77,-43,-80
2025-03-13 16:05:52.576531,-1,-7,5,54,-77,-107
2025-03-13 16:05:52.621861,1,-7,8,74,-86,-117
2025-03-13 16:05:52.847289,4,-7,6,-23,-88,-140
2025-03-13 16:05:52.848783,4,-6,6,0,-66,-67
2025-03-13 16:05:52.849566,6,-5,7,83,-73,-74
2025-03-13 16:05:52.937926,9,-3,5,11,-83,-96
2025-03-13 16:05:52.981856,10,-3,5,-117,-81,-78
2025-03-13 16:05:53.070724,10,-4,5,-70,-30,-50
2025-03-13 16:05:53.117139,9,-3,4,48,12,-3
2025-03-13 16:05:53.206016,10,-1,2,51,13,12
2025-03-13 16:05:53.296977,8,-1,2,-41,28,3
2025-03-13 16:05:53.341712,9,-1,2,-36,0,0
2025-03-13 16:05:53.430830,8,-2,3,-8,0,-5
2025-03-13 16:05:53.567496,9,-1,3,8,0,-5
2025-03-13 16:05:53.612038,9,-1,3,-17,0,-8
2025-03-13 16:05:53.656551,9,-2,3,-21,0,0
2025-03-13 16:05:53.701695,9,-1,3,0,0,-2
2025-03-13 16:05:53.790704,9,-1,3,-8,0,0
2025-03-13 16:05:53.883790,9,-1,2,-11,0,0
2025-03-13 16:05:53.973055,9,-2,2,0,0,0
2025-03-13 16:05:54.060632,9,-1,2,0,0,0
2025-03-13 16:05:54.060832,9,-1,2,-13,0,0
2025-03-13 16:05:54.107482,9,-2,2,0,0,2
2025-03-13 16:05:54.197046,9,-1,3,0,0,3
2025-03-13 16:05:54.377691,9,-1,2,0,0,4
2025-03-13 16:05:57.935768,9,-1,2,-18,0,0
2025-03-13 16:05:57.936455,9,-2,2,-10,0,0
2025-03-13 16:05:57.937595,-9,-11,6,62,75,0
2025-03-13 16:05:58.022739,18,10,5,214,161,-226
2025-03-13 16:05:58.111691,4,-19,-19,-415,102,-57
2025-03-13 16:05:58.201979,8,-16,17,211,-330,-60
2025-03-13 16:05:58.247423,1,0,-2,-61,43,113
2025-03-13 16:05:58.292707,7,-11,5,-50,20,0
2025-03-13 16:05:58.472675,6,-7,1,-8,-49,33
2025-03-13 16:05:58.517989,7,-7,2,55,-45,71
2025-03-13 16:05:58.519368,5,-8,3,93,0,78
2025-03-13 16:05:58.562695,4,-6,2,67,-20,44
2025-03-13 16:05:58.652682,4,-6,4,38,-17,-5
2025-03-13 16:05:58.697685,0,-8,4,54,-46,-31
2025-03-13 16:05:58.832072,0,-9,5,41,26,-55
2025-03-13 16:05:58.922190,2,-8,4,101,16,-51
2025-03-13 16:05:58.922628,1,-6,5,107,-77,-79
2025-03-13 16:05:58.968812,2,-6,6,48,-114,-101
2025-03-13 16:05:59.056839,5,-5,6,35,-122,-93
2025-03-13 16:05:59.192454,8,-3,7,80,-109,-77
2025-03-13 16:05:59.282662,9,-3,7,-28,-108,-99
2025-03-13 16:05:59.283789,10,-3,6,-65,-62,-81
2025-03-13 16:05:59.327932,9,-3,5,-24,0,-36
2025-03-13 16:05:59.416856,9,-3,4,27,0,-4
2025-03-13 16:05:59.551423,9,-1,3,27,23,17
2025-03-13 16:05:59.642947,9,0,3,-22,26,21
2025-03-13 16:05:59.644232,8,-1,2,-51,11,19
2025-03-13 16:05:59.687897,9,-1,3,-22,0,21
2025-03-13 16:05:59.777864,8,-1,3,7,0,12
2025-03-13 16:05:59.912574,9,-1,3,9,-11,-7
2025-03-13 16:06:00.004499,9,-1,3,0,0,-20
2025-03-13 16:06:00.006787,9,-2,3,-12,0,-20
2025-03-13 16:06:00.046966,9,-2,3,-17,0,-12
2025-03-13 16:06:00.137283,9,-2,3,0,0,-8
2025-03-13 16:06:00.272279,9,-2,3,0,0,-5
2025-03-13 16:06:00.318816,9,-2,3,0,0,0
2025-03-13 16:06:00.319918,9,-2,3,0,0,2
2025-03-13 16:06:00.408187,9,-1,3,0,0,7
2025-03-13 16:06:00.496899,9,-1,3,0,0,7
2025-03-13 16:06:00.587890,9,-1,3,0,0,6
2025-03-13 16:06:00.632405,9,-1,3,0,0,5
2025-03-13 16:06:00.678157,9,-1,3,0,0,3
2025-03-13 16:06:02.343026,19,15,3,185,48,-222
2025-03-13 16:06:02.478678,-9,-19,-2,-525,32,213
2025-03-13 16:06:02.522944,7,0,0,338,147,43
2025-03-13 16:06:02.567645,4,-12,6,-89,-64,-56
2025-03-13 16:06:02.656945,4,-8,0,75,0,25
2025-03-13 16:06:02.704142,3,-9,2,47,0,49
2025-03-13 16:06:02.836800,3,-9,3,22,-19,51
2025-03-13 16:06:02.882753,5,-7,2,19,-28,30
2025-03-13 16:06:02.928060,3,-6,2,-28,-26,19
2025-03-13 16:06:03.016985,2,-7,3,-27,-93,30
2025-03-13 16:06:03.063628,0,-9,2,19,-33,4
2025-03-13 16:06:03.199120,2,-8,3,21,0,-12
2025-03-13 16:06:03.243182,2,-7,4,87,0,-39
2025-03-13 16:06:03.287155,1,-7,3,128,22,-29
2025-03-13 16:06:03.376830,1,-7,5,131,-47,-56
2025-03-13 16:06:03.557166,2,-6,7,62,-74,-95
2025-03-13 16:06:03.603722,4,-7,7,9,-25,-99
2025-03-13 16:06:03.647891,5,-7,7,36,-47,-64
2025-03-13 16:06:03.648251,5,-4,7,99,-78,-36
2025-03-13 16:06:03.693643,8,-4,6,31,-140,-48
2025-03-13 16:06:03.782070,7,-3,4,-116,-83,-42
2025-03-13 16:06:03.873132,9,-4,4,-166,-90,-65
2025-03-13 16:06:03.961771,10,-4,2,-104,-71,-51
2025-03-13 16:06:04.053180,11,-4,3,-14,-33,-30
2025-03-13 16:06:04.053863,9,-2,0,19,25,-3
2025-03-13 16:06:04.144004,9,-2,1,0,0,-10
2025-03-13 16:06:04.188567,9,-3,0,0,0,-10
2025-03-13 16:06:04.322266,9,-2,0,-14,0,-5
2025-03-13 16:06:04.367733,9,-3,1,0,-13,-4
2025-03-13 16:06:04.413450,9,-3,1,14,0,3
2025-03-13 16:06:04.501651,9,-2,1,21,0,4
2025-03-13 16:06:04.547654,9,-2,1,25,0,7
2025-03-13 16:06:04.682913,9,-2,1,26,0,5
2025-03-13 16:06:04.728819,9,-2,1,31,0,7
2025-03-13 16:06:04.819068,10,-2,1,25,0,7
2025-03-13 16:06:04.862596,9,-2,1,17,11,11
2025-03-13 16:06:05.042801,9,-2,1,0,0,6
2025-03-13 16:06:05.089782,9,-2,1,18,0,4
2025-03-13 16:06:05.091372,9,-2,1,17,0,0
2025-03-13 16:06:05.132930,9,-2,1,0,0,6
2025-03-13 16:06:06.933193,-9,-12,1,21,0,39
2025-03-13 16:06:06.978053,1,-3,8,104,130,48
2025-03-13 16:06:06.979442,19,0,-10,-40,157,-331
2025-03-13 16:06:07.024414,13,-17,16,140,-269,27
2025-03-13 16:06:07.111778,2,0,-3,12,30,135
2025-03-13 16:06:07.248482,5,-11,5,-54,-60,17
2025-03-13 16:06:07.292763,5,-8,1,84,-62,62
2025-03-13 16:06:07.337365,2,-8,3,57,-59,39
2025-03-13 16:06:07.382919,0,-8,3,13,-29,21
2025-03-13 16:06:07.471890,2,-7,2,-39,0,-14
2025-03-13 16:06:07.697416,1,-7,2,33,-33,-46
2025-03-13 16:06:07.742797,0,-8,3,51,0,-36
2025-03-13 16:06:07.743974,2,-7,3,14,0,-75
2025-03-13 16:06:07.745119,3,-7,2,37,-27,-97
2025-03-13 16:06:07.833509,5,-8,5,-10,-52,-108
2025-03-13 16:06:07.921954,5,-9,5,75,-36,-70
2025-03-13 16:06:08.057943,5,-8,6,105,-78,-69
2025-03-13 16:06:08.148016,7,-7,6,80,-17,-32
2025-03-13 16:06:08.238496,7,-6,6,-24,-27,-26
2025-03-13 16:06:08.240281,7,-5,5,21,0,0
2025-03-13 16:06:08.374011,8,-4,4,0,0,6
2025-03-13 16:06:08.463472,8,-4,4,-9,0,0
2025-03-13 16:06:08.508285,8,-4,4,-17,16,0
2025-03-13 16:06:08.509071,8,-4,4,-17,11,4
2025-03-13 16:06:08.597073,7,-4,4,-18,0,0
2025-03-13 16:06:08.778541,7,-4,4,-22,20,2
2025-03-13 16:06:08.824604,7,-4,4,-20,0,0
2025-03-13 16:06:08.868497,7,-4,4,-16,19,-4
2025-03-13 16:06:08.912533,6,-5,4,-20,0,-4
2025-03-13 16:06:08.957119,6,-4,4,0,0,-4
2025-03-13 16:06:09.183580,6,-4,4,7,-21,-10
2025-03-13 16:06:09.273948,6,-4,4,12,-30,-10
2025-03-13 16:06:09.275067,7,-4,4,0,-23,-14
2025-03-13 16:06:09.276503,7,-5,4,0,0,-6
2025-03-13 16:06:09.317725,7,-4,4,9,-15,0
2025-03-13 16:06:09.409262,8,-4,4,0,-19,0
2025-03-13 16:06:09.452867,9,-4,3,0,0,-6
2025-03-13 16:06:09.542096,8,-4,3,-17,0,0
2025-03-13 16:06:09.631714,8,-3,3,-17,0,3
2025-03-13 16:06:09.678016,8,-4,2,-32,0,-3
2025-03-13 16:06:12.782583,19,14,6,128,159,-178
2025-03-13 16:06:12.873189,-1,-16,-11,-363,15,159
2025-03-13 16:06:13.007506,10,-7,13,245,-234,-9
2025-03-13 16:06:13.053822,4,-5,2,-67,-78,-9
2025-03-13 16:06:13.054917,5,-10,1,-10,0,-15
2025-03-13 16:06:13.142936,7,-10,1,-15,-47,19
2025-03-13 16:06:13.322688,6,-9,2,46,-44,47
2025-03-13 16:06:13.413829,4,-8,1,25,-14,63
2025-03-13 16:06:13.414435,3,-7,2,29,-11,81
2025-03-13 16:06:13.415020,0,-6,2,100,-12,12
2025-03-13 16:06:13.501908,-1,-6,3,105,-17,-24
2025-03-13 16:06:13.637931,1,-5,4,80,-39,-95
2025-03-13 16:06:13.683097,2,-7,6,77,-113,-153
2025-03-13 16:06:13.773297,3,-8,5,21,-84,-125
2025-03-13 16:06:13.774040,7,-9,6,0,-99,-116
2025-03-13 16:06:13.816675,7,-7,5,0,-86,-78
2025-03-13 16:06:13.861810,7,-8,6,0,-57,-75
2025-03-13 16:06:13.998117,8,-5,4,-21,-35,-29
2025-03-13 16:06:14.087887,8,-4,3,-48,-15,-20
2025-03-13 16:06:14.089399,10,-4,3,-44,-13,-23
2025-03-13 16:06:14.176868,9,-4,2,0,18,-2
2025-03-13 16:06:14.221855,9,-3,2,18,0,9
2025-03-13 16:06:14.268110,9,-2,1,-11,0,-3
2025-03-13 16:06:14.356916,9,-3,2,-22,0,-17
2025-03-13 16:06:14.446921,9,-3,2,0,0,-16
2025-03-13 16:06:14.536733,9,-3,1,-8,0,-9
2025-03-13 16:06:14.582699,8,-3,1,-40,0,-5
2025-03-13 16:06:14.807924,8,-4,2,-19,-17,-13
2025-03-13 16:06:14.897476,9,-3,1,-7,0,0
2025-03-13 16:06:14.898144,9,-3,1,-14,0,0
2025-03-13 16:06:14.898769,9,-3,1,0,0,-3
2025-03-13 16:06:14.941999,9,-3,1,13,0,-6
2025-03-13 16:06:14.986755,9,-3,1,9,0,-2
2025-03-13 16:06:15.076977,9,-2,0,0,0,0
2025-03-13 16:06:15.167792,9,-3,1,-11,0,-4
2025-03-13 16:06:15.211869,9,-2,1,-16,0,-3
2025-03-13 16:06:15.256962,8,-3,1,-16,0,-7
2025-03-13 16:06:15.395081,9,-3,1,0,0,-6
2025-03-13 16:06:15.482938,9,-3,1,-15,0,10
2025-03-13 16:06:23.223311,9,-3,1,-22,0,14
2025-03-13 16:06:23.224281,10,-8,9,96,160,138
2025-03-13 16:06:23.312670,10,-4,7,55,243,145
2025-03-13 16:06:23.402691,6,-6,6,-249,139,38
2025-03-13 16:06:23.447624,4,-9,4,-309,-53,-29
2025-03-13 16:06:23.583269,1,-10,3,-94,-128,119
2025-03-13 16:06:23.626871,0,-9,2,-63,-107,109
2025-03-13 16:06:23.672984,-2,-10,2,-17,-31,74
2025-03-13 16:06:23.762078,-4,-9,6,82,32,25
2025-03-13 16:06:23.853741,19,8,3,155,178,-108
2025-03-13 16:06:23.942110,-2,-19,-19,-441,141,23
2025-03-13 16:06:23.987787,13,-4,5,356,-97,21
2025-03-13 16:06:24.032817,5,-7,5,-108,-123,-44
2025-03-13 16:06:24.170602,4,-9,1,0,-12,0
2025-03-13 16:06:24.303869,5,-8,1,-12,-58,29
2025-03-13 16:06:24.349062,4,-7,0,53,-46,56
2025-03-13 16:06:24.392976,3,-6,1,57,-23,36
2025-03-13 16:06:24.437795,4,-5,2,39,0,0
2025-03-13 16:06:24.526850,3,-5,3,73,-51,-8
2025-03-13 16:06:24.574454,2,-6,3,131,-34,-103
2025-03-13 16:06:24.663104,0,-9,7,108,-96,-128
2025-03-13 16:06:24.752270,3,-10,7,110,-101,-146
2025-03-13 16:06:24.798376,7,-7,8,42,-129,-83
2025-03-13 16:06:24.934464,7,-5,7,9,-133,-64
2025-03-13 16:06:25.021869,8,-5,4,-44,-85,-66
2025-03-13 16:06:25.157569,10,-5,4,-51,-83,-41
2025-03-13 16:06:25.158889,10,-4,3,67,-47,-21
2025-03-13 16:06:25.247376,11,-2,2,31,-15,-4
2025-03-13 16:06:25.248253,9,-2,1,-8,33,17
2025-03-13 16:06:25.382489,9,-1,1,16,32,4
2025-03-13 16:06:25.472081,9,-2,1,0,22,-5
2025-03-13 16:06:25.473104,9,-2,2,-23,0,0
2025-03-13 16:06:25.516724,9,-2,2,0,0,-2
2025-03-13 16:06:25.658449,9,-2,1,-8,0,2
2025-03-13 16:06:25.699106,9,-2,2,-13,0,-3
2025-03-13 16:06:25.743031,9,-2,1,0,0,-2
2025-03-13 16:06:25.787591,9,-2,2,0,0,-3
2025-03-13 16:06:25.876875,9,-2,2,0,0,-2
2025-03-13 16:06:25.922841,9,-2,2,0,0,-3
2025-03-13 16:06:26.058676,9,-2,2,10,0,0
2025-03-13 16:06:26.103671,9,-2,2,0,0,6
2025-03-13 16:06:27.138128,4,-13,4,-233,-56,-37
2025-03-13 16:06:27.228979,5,-11,1,-114,-67,82
2025-03-13 16:06:27.230336,3,-12,2,-62,-75,132
2025-03-13 16:06:27.363505,1,-10,0,-14,-26,144
2025-03-13 16:06:27.408683,0,-9,1,13,0,126
2025-03-13 16:06:27.497745,-6,-10,3,82,44,100
2025-03-13 16:06:27.541953,6,3,6,160,206,-12
2025-03-13 16:06:27.587838,14,-3,-14,-128,179,-310
2025-03-13 16:06:27.676871,7,-16,12,193,-255,-15
2025-03-13 16:06:27.857699,5,0,0,224,104,106
2025-03-13 16:06:27.859597,6,-12,6,-92,-89,-37
2025-03-13 16:06:27.860300,5,-9,2,22,-20,21
2025-03-13 16:06:27.948364,5,-8,2,0,-40,30
2025-03-13 16:06:28.036746,5,-8,3,33,-41,22
2025-03-13 16:06:28.128333,4,-6,2,15,-28,32
2025-03-13 16:06:28.217481,3,-6,1,0,-50,0
2025-03-13 16:06:28.218433,5,-6,2,9,-49,-42
2025-03-13 16:06:28.262269,2,-7,2,32,-37,-33
2025-03-13 16:06:28.352987,2,-9,3,63,0,-84
2025-03-13 16:06:28.487857,6,-8,4,75,-12,-74
2025-03-13 16:06:28.577270,5,-7,5,96,15,-62
2025-03-13 16:06:28.577648,2,-9,8,112,-59,0
2025-03-13 16:06:28.622773,4,-6,5,132,-59,-48
2025-03-13 16:06:28.711848,7,-4,5,10,-246,-68
2025-03-13 16:06:28.847679,12,-4,7,-65,-258,-95
2025-03-13 16:06:28.894186,11,-6,2,-43,-53,-12
2025-03-13 16:06:28.938025,10,-4,0,58,0,15
2025-03-13 16:06:29.028663,8,-1,0,69,33,16
2025-03-13 16:06:29.208640,10,-2,0,16,33,0
2025-03-13 16:06:29.297934,9,-2,0,19,40,-2
2025-03-13 16:06:29.298321,9,-2,1,0,0,4
2025-03-13 16:06:29.299121,9,-2,1,-12,0,0
2025-03-13 16:06:29.386805,9,-2,2,0,16,-3
2025-03-13 16:06:29.522904,9,-2,1,16,16,-12
2025-03-13 16:06:29.567846,9,-2,1,0,0,-5
2025-03-13 16:06:29.568994,9,-2,1,-19,0,0
2025-03-13 16:06:29.658547,9,-2,1,11,0,4
2025-03-13 16:06:29.746774,9,-2,2,20,0,0
2025-03-13 16:06:29.836654,9,-2,1,20,0,2
2025-03-13 16:06:29.928125,9,-2,1,0,0,9
2025-03-13 16:06:31.277399,6,4,15,144,292,68
2025-03-13 16:06:31.367955,19,0,-19,-95,90,-439
2025-03-13 16:06:31.413882,8,-19,19,307,-206,13
2025-03-13 16:06:31.503548,-2,0,-2,-84,-63,71
2025-03-13 16:06:31.546972,5,-13,6,-44,0,-35
2025-03-13 16:06:31.641584,5,-8,2,-10,-36,-8
2025-03-13 16:06:31.683110,6,-8,2,-42,-70,11
2025-03-13 16:06:31.772524,5,-8,2,52,-95,53
2025-03-13 16:06:31.906909,6,-6,2,110,-85,38
2025-03-13 16:06:31.952970,4,-5,1,53,-89,-4
2025-03-13 16:06:32.004538,3,-6,2,25,-69,-56
2025-03-13 16:06:32.042017,4,-6,3,51,-54,-60
2025-03-13 16:06:32.086699,4,-5,3,41,-52,-108
2025-03-13 16:06:32.222535,7,-7,6,57,-73,-133
2025-03-13 16:06:32.223238,8,-10,8,70,-106,-126
2025-03-13 16:06:32.312565,8,-8,7,81,-62,-61
2025-03-13 16:06:32.357571,7,-6,7,83,-85,-38
2025-03-13 16:06:32.446755,6,-4,5,16,-61,-24
2025-03-13 16:06:32.582379,8,-3,3,-27,-57,-34
2025-03-13 16:06:32.628596,9,-2,1,-41,-92,-33
2025-03-13 16:06:32.673416,11,-2,1,7,-54,-46
2025-03-13 16:06:32.718298,11,-1,1,23,-18,-43
2025-03-13 16:06:32.898809,9,0,0,-80,21,-11
2025-03-13 16:06:32.942544,9,-2,0,-41,15,-20
2025-03-13 16:06:32.943671,9,-3,2,-49,0,-9
2025-03-13 16:06:32.987389,10,-1,0,0,0,-4
2025-03-13 16:06:33.076824,10,-1,1,0,0,-6
2025-03-13 16:06:33.212558,10,-1,0,-12,0,0
2025-03-13 16:06:33.257776,9,-1,0,0,0,0
2025-03-13 16:06:33.348306,10,-1,0,10,0,0
2025-03-13 16:06:33.349077,10,0,0,0,0,0
2025-03-13 16:06:33.481984,9,0,0,0,0,2
2025-03-13 16:06:33.528520,10,0,0,0,0,0
2025-03-13 16:06:33.616816,10,0,0,0,0,0
2025-03-13 16:06:33.707660,9,-1,0,0,0,0
2025-03-13 16:06:33.707884,9,0,0,0,0,0
2025-03-13 16:06:33.890527,10,0,0,0,0,0
2025-03-13 16:06:33.934051,10,-1,0,-9,0,0
2025-03-13 16:06:33.977780,9,-1,0,0,0,3
2025-03-13 16:06:34.022912,10,0,0,0,0,0
2025-03-13 16:06:35.734426,4,-13,6,-316,-28,33
2025-03-13 16:06:35.778804,4,-12,5,-108,-109,188
2025-03-13 16:06:35.867425,3,-9,3,-68,-102,157
2025-03-13 16:06:35.913174,-3,-13,3,-47,-89,79
2025-03-13 16:06:36.003002,-1,-7,11,141,219,186
2025-03-13 16:06:36.093136,19,19,-1,159,175,-307
2025-03-13 16:06:36.137491,-2,-17,-4,-464,0,80
2025-03-13 16:06:36.182187,5,-12,10,259,-208,-48
2025-03-13 16:06:36.271752,3,-6,1,-54,-67,-20
2025-03-13 16:06:36.317483,5,-10,2,-18,-19,15
2025-03-13 16:06:36.408864,6,-7,1,-21,-54,19
2025-03-13 16:06:36.497840,3,-7,2,109,-30,36
2025-03-13 16:06:36.586619,4,-6,1,39,-20,23
2025-03-13 16:06:36.676787,2,-7,2,9,-58,-32
2025-03-13 16:06:36.677079,2,-7,2,0,-43,-35
2025-03-13 16:06:36.768391,2,-9,2,34,-37,-78
2025-03-13 16:06:36.947251,4,-9,4,86,0,-80
2025-03-13 16:06:36.949351,1,-9,4,175,-33,-62
2025-03-13 16:06:36.949932,3,-7,7,226,-212,-47
2025-03-13 16:06:37.082589,7,-3,7,183,-139,-54
2025-03-13 16:06:37.217322,9,-1,5,38,-117,-57
2025-03-13 16:06:37.262580,11,-1,4,-102,-156,-82
2025-03-13 16:06:37.263726,12,-6,4,-245,-132,-53
2025-03-13 16:06:37.353007,10,-5,4,126,0,-5
2025-03-13 16:06:37.398406,11,-2,1,118,41,31
2025-03-13 16:06:37.532962,8,0,0,14,71,21
2025-03-13 16:06:37.623415,9,-1,1,-62,47,21
2025-03-13 16:06:37.624571,9,-2,2,-68,12,-4
2025-03-13 16:06:37.667158,9,-2,2,-16,0,0
2025-03-13 16:06:37.803295,10,-2,2,29,0,-9
2025-03-13 16:06:37.892428,9,-2,2,12,0,-8
2025-03-13 16:06:37.893011,9,-2,2,0,0,-3
2025-03-13 16:06:37.937740,9,-2,2,0,0,-6
2025-03-13 16:06:38.026995,9,-2,2,-13,0,-14
2025-03-13 16:06:38.073930,9,-2,2,15,-11,-9
2025-03-13 16:06:38.207620,9,-2,2,25,0,0
2025-03-13 16:06:38.297789,9,-2,2,8,0,5
2025-03-13 16:06:38.298871,9,-2,2,0,0,10
2025-03-13 16:06:38.342608,9,-2,2,8,0,16
2025-03-13 16:06:38.522975,9,-1,2,0,0,13
2025-03-13 16:06:39.917600,18,16,3,263,112,-167
2025-03-13 16:06:40.008576,6,-17,-19,-482,35,-17
2025-03-13 16:06:40.098546,6,-10,9,397,-189,-57
2025-03-13 16:06:40.188198,2,-6,3,-116,-18,-19
2025-03-13 16:06:40.277906,2,-11,2,27,16,-13
2025-03-13 16:06:40.323585,4,-10,2,0,-32,0
2025-03-13 16:06:40.411830,5,-8,2,28,-38,33
2025-03-13 16:06:40.502549,3,-6,2,41,-42,53
2025-03-13 16:06:40.549097,4,-5,3,71,-87,31
2025-03-13 16:06:40.638491,3,-4,2,35,-85,-8
2025-03-13 16:06:40.682995,1,-6,4,-22,-65,-74
2025-03-13 16:06:40.818048,3,-8,3,-19,46,-77
2025-03-13 16:06:40.863628,2,-10,4,87,0,-81
2025-03-13 16:06:40.908529,7,-8,6,109,-61,-73
2025-03-13 16:06:40.996845,3,-8,6,107,-69,-46
2025-03-13 16:06:41.132540,5,-6,5,60,-80,-35
2025-03-13 16:06:41.222517,6,-5,5,-28,-141,-7
2025-03-13 16:06:41.223498,8,-5,5,-15,-157,-48
2025-03-13 16:06:41.268713,7,-6,6,-109,-35,-31
2025-03-13 16:06:41.447528,10,-3,0,-26,-57,-44
2025-03-13 16:06:41.493646,10,-4,0,8,-16,-38
2025-03-13 16:06:41.494747,9,-4,1,14,11,0
2025-03-13 16:06:41.581920,9,-3,0,0,18,0
2025-03-13 16:06:41.627923,9,-3,1,7,0,-3
2025-03-13 16:06:41.762386,9,-2,0,25,0,-9
2025-03-13 16:06:41.853027,10,-3,0,-13,0,-9
2025-03-13 16:06:41.855181,9,-3,0,-23,0,4
2025-03-13 16:06:41.942645,9,-2,0,0,0,4
2025-03-13 16:06:42.077620,10,-2,0,10,0,-13
2025-03-13 16:06:42.122469,9,-2,0,19,0,0
2025-03-13 16:06:42.123493,9,-2,1,12,0,0
2025-03-13 16:06:42.211967,9,-2,1,0,0,-8
2025-03-13 16:06:42.301885,9,-2,1,-11,0,-7
2025-03-13 16:06:42.436780,9,-2,1,0,16,-10
2025-03-13 16:06:42.527882,9,-1,1,-25,28,-21
2025-03-13 16:06:42.528329,10,-2,1,-20,0,-18
2025-03-13 16:06:42.572938,9,-1,1,-9,0,-20
2025-03-13 16:06:42.708835,9,-1,1,-20,12,-24
2025-03-13 16:06:42.752774,9,-2,1,-38,0,-18
2025-03-13 16:06:42.798869,9,-2,1,-30,0,-20
2025-03-13 16:06:45.452981,19,6,5,68,172,-71
2025-03-13 16:06:45.496877,6,-2,-18,-180,174,-147
2025-03-13 16:06:45.633703,9,-12,10,89,-266,-32
2025-03-13 16:06:45.677643,3,-4,0,103,28,51
2025-03-13 16:06:45.723905,6,-7,4,-45,-70,-25
2025-03-13 16:06:45.768588,6,-8,1,8,0,8
2025-03-13 16:06:45.857684,5,-8,2,-24,-49,13
2025-03-13 16:06:45.993327,4,-8,1,17,-36,33
2025-03-13 16:06:46.039270,4,-7,1,43,-37,19
2025-03-13 16:06:46.040869,3,-7,1,19,-51,9
2025-03-13 16:06:46.128105,2,-7,2,40,-22,-24
2025-03-13 16:06:46.172697,3,-7,2,105,33,-53
2025-03-13 16:06:46.307679,3,-7,3,124,-13,-83
2025-03-13 16:06:46.354969,5,-7,5,101,-77,-86
2025-03-13 16:06:46.398827,5,-8,5,52,-57,-83
2025-03-13 16:06:46.443655,7,-8,6,63,-91,-46
2025-03-13 16:06:46.532837,6,-7,8,88,-132,-38
2025-03-13 16:06:46.670448,8,-4,5,53,-84,-40
2025-03-13 16:06:46.712951,9,-3,7,20,-79,-63
2025-03-13 16:06:46.804011,9,-3,5,-16,-54,-25
2025-03-13 16:06:46.846915,10,-2,3,28,0,-3
2025-03-13 16:06:46.937345,10,-2,2,26,46,-8
2025-03-13 16:06:46.984270,8,-1,2,8,35,-12
2025-03-13 16:06:47.074204,9,-1,2,-40,0,-8
2025-03-13 16:06:47.252242,9,-2,2,-39,0,-5
2025-03-13 16:06:47.254059,9,-2,2,0,0,0
2025-03-13 16:06:47.254425,9,-2,2,20,0,0
2025-03-13 16:06:47.344117,9,-2,2,14,0,0
2025-03-13 16:06:47.432738,9,-2,2,7,0,6
2025-03-13 16:06:47.567165,9,-2,3,11,0,11
2025-03-13 16:06:47.612789,9,-1,3,15,0,8
2025-03-13 16:06:47.658040,9,-1,3,16,0,7
2025-03-13 16:06:47.658750,9,-1,3,12,0,0
2025-03-13 16:06:47.747803,9,-2,3,0,0,0
2025-03-13 16:06:47.882437,9,-2,3,0,0,-4
2025-03-13 16:06:47.929698,9,-2,3,0,0,0
2025-03-13 16:06:47.930809,9,-2,2,0,0,0
2025-03-13 16:06:48.019757,9,-2,2,0,0,0
2025-03-13 16:06:48.198427,9,-2,2,0,0,0
2025-03-13 16:06:49.188693,9,-1,3,0,0,4
2025-03-13 16:06:49.190778,4,-14,8,-393,-24,-98
2025-03-13 16:06:49.278351,6,-10,5,-121,-26,96
2025-03-13 16:06:49.367716,4,-10,1,-136,-55,79
2025-03-13 16:06:49.505393,0,-9,1,-51,-67,131
2025-03-13 16:06:49.547671,-2,-12,2,-32,-46,125
2025-03-13 16:06:49.548742,-3,-8,2,124,100,127
2025-03-13 16:06:49.639091,-2,0,9,99,179,-10
2025-03-13 16:06:49.774454,19,11,-5,-16,123,-261
2025-03-13 16:06:49.818862,3,-19,1,-185,-116,26
2025-03-13 16:06:49.820797,6,-2,0,165,28,148
2025-03-13 16:06:50.043824,7,-8,6,-70,-105,-18
2025-03-13 16:06:50.087619,5,-7,2,8,-47,-21
2025-03-13 16:06:50.181795,4,-9,2,31,-20,-16
2025-03-13 16:06:50.183330,5,-7,1,81,-18,-5
2025-03-13 16:06:50.223939,5,-7,2,93,-40,4
2025-03-13 16:06:50.358793,6,-6,4,73,-40,-13
2025-03-13 16:06:50.404670,3,-8,3,90,0,-52
2025-03-13 16:06:50.449861,4,-7,5,74,-54,-72
2025-03-13 16:06:50.537805,5,-7,5,89,-28,-46
2025-03-13 16:06:50.675145,5,-6,7,117,-92,-21
2025-03-13 16:06:50.719124,5,-6,8,87,-148,-17
2025-03-13 16:06:50.763038,7,-4,8,112,-103,-8
2025-03-13 16:06:50.809893,7,-1,6,22,-98,-16
2025-03-13 16:06:50.943662,8,-2,6,-49,-76,-47
2025-03-13 16:06:50.989842,9,-2,5,-95,-23,-54
2025-03-13 16:06:51.034261,10,-1,2,-67,25,-40
2025-03-13 16:06:51.123736,10,-2,2,-39,0,-33
2025-03-13 16:06:51.167583,10,-1,2,-11,0,-2
2025-03-13 16:06:51.259189,10,-1,1,0,0,0
2025-03-13 16:06:51.304983,9,-1,2,-28,-12,0
2025-03-13 16:06:51.393641,9,-1,2,8,0,-8
2025-03-13 16:06:51.618714,9,-1,1,0,0,-16
2025-03-13 16:06:51.708692,9,-1,2,-33,0,-15
2025-03-13 16:06:51.709882,10,-1,1,-60,0,-13
2025-03-13 16:06:51.711007,9,-2,2,-42,15,-15
2025-03-13 16:06:51.753745,9,-1,2,-12,0,-5
2025-03-13 16:06:51.888484,9,-1,2,-29,0,-3
2025-03-13 16:06:51.979639,9,-2,2,-22,0,-7
2025-03-13 16:06:51.980748,9,-1,2,8,0,2
2025-03-13 16:06:52.068807,9,-1,2,-8,0,2
2025-03-13 16:06:54.138798,4,-15,6,-295,-138,-5
2025-03-13 16:06:54.228084,7,-13,3,-130,-239,56
2025-03-13 16:06:54.228426,4,-9,0,45,-74,193
2025-03-13 16:06:54.273964,-4,-11,4,45,-27,152
2025-03-13 16:06:54.364571,-3,0,8,142,192,71
2025-03-13 16:06:54.452769,19,14,7,94,85,-231
2025-03-13 16:06:54.498325,0,-15,-9,-532,64,71
2025-03-13 16:06:54.679197,11,-7,6,227,-37,63
2025-03-13 16:06:54.724801,6,-8,3,-23,-119,-14
2025-03-13 16:06:54.726038,6,-8,3,46,-12,37
2025-03-13 16:06:54.812891,5,-8,3,15,-18,35
2025-03-13 16:06:54.948199,6,-7,2,-9,-45,32
2025-03-13 16:06:54.994799,3,-7,2,50,-56,8
2025-03-13 16:06:54.995948,2,-7,2,7,-56,-26
2025-03-13 16:06:55.083804,2,-8,2,-9,-26,-53
2025-03-13 16:06:55.172858,2,-9,4,74,-22,-75
2025-03-13 16:06:55.217847,3,-7,4,152,-18,-85
2025-03-13 16:06:55.308092,3,-6,4,131,-68,-99
2025-03-13 16:06:55.353835,5,-6,6,45,-184,-120
2025-03-13 16:06:55.443426,10,-7,8,85,-121,-101
2025-03-13 16:06:55.532925,10,-3,6,38,-40,-70
2025-03-13 16:06:55.580006,9,-3,4,0,-96,-70
2025-03-13 16:06:55.623369,10,-5,5,-113,-109,-15
2025-03-13 16:06:55.712978,12,-4,3,25,-16,-3
2025-03-13 16:06:55.848129,8,-1,0,36,63,36
2025-03-13 16:06:55.895489,9,-1,0,-24,16,9
2025-03-13 16:06:55.897937,9,-2,1,-38,0,0
2025-03-13 16:06:55.982855,9,-2,1,0,16,10
2025-03-13 16:06:56.119263,10,-2,1,29,0,7
2025-03-13 16:06:56.208444,9,-2,1,0,0,13
2025-03-13 16:06:56.210307,9,-2,2,0,0,0
2025-03-13 16:06:56.298472,9,-2,1,12,0,-4
2025-03-13 16:06:56.434414,9,-2,2,0,0,-7
2025-03-13 16:06:56.523640,9,-2,2,0,0,-5
2025-03-13 16:06:56.524753,9,-2,2,0,0,0
2025-03-13 16:06:56.569609,9,-2,1,0,0,0
2025-03-13 16:06:56.748515,9,-2,2,0,0,5
2025-03-13 16:06:56.794721,9,-2,2,0,0,7
2025-03-13 16:06:56.796038,9,-2,2,0,0,7
2025-03-13 16:06:56.884728,9,-2,2,0,0,6
2025-03-13 16:06:58.280367,18,14,5,167,259,-114
2025-03-13 16:06:58.324709,19,-2,-19,-158,126,-383
2025-03-13 16:06:58.503361,9,-19,19,252,-305,-44
2025-03-13 16:06:58.548588,-1,2,-5,-39,42,127
2025-03-13 16:06:58.549824,5,-12,5,-29,0,-29
2025-03-13 16:06:58.638143,5,-8,1,0,-50,-20
2025-03-13 16:06:58.774581,4,-10,3,0,-32,-10
2025-03-13 16:06:58.818945,4,-9,2,18,-28,0
2025-03-13 16:06:58.820351,5,-8,2,20,-56,12
2025-03-13 16:06:58.909780,4,-8,3,34,-25,25
2025-03-13 16:06:58.953089,4,-6,2,78,-12,72
2025-03-13 16:06:59.042948,2,-5,3,75,-73,45
2025-03-13 16:06:59.088578,1,-5,3,106,-80,-32
2025-03-13 16:06:59.179233,1,-7,6,115,-111,-71
2025-03-13 16:06:59.224196,4,-6,7,108,-101,-92
2025-03-13 16:06:59.403463,7,-5,8,100,-98,-89
2025-03-13 16:06:59.448689,5,-4,7,20,-74,-49
2025-03-13 16:06:59.450129,7,-4,7,0,-89,-53
2025-03-13 16:06:59.494939,9,-3,6,-35,-113,-66
2025-03-13 16:06:59.629656,9,-3,4,-43,-53,-42
2025-03-13 16:06:59.674018,10,-3,4,-32,-36,-32
2025-03-13 16:06:59.764954,10,-2,2,0,-28,-3
2025-03-13 16:06:59.945178,10,-2,2,14,0,11
2025-03-13 16:06:59.988745,9,-2,2,0,0,4
2025-03-13 16:06:59.989851,9,-1,2,16,0,11
2025-03-13 16:07:00.213647,10,-1,2,13,0,0
2025-03-13 16:07:00.258313,9,-2,2,-28,14,0
2025-03-13 16:07:00.259420,9,-2,2,-12,12,0
2025-03-13 16:07:00.260587,9,-2,1,-7,19,0
2025-03-13 16:07:00.304735,9,-2,1,-16,15,2
2025-03-13 16:07:00.439992,9,-2,2,0,0,-3
2025-03-13 16:07:00.528579,9,-2,1,0,0,-4
2025-03-13 16:07:00.529519,9,-2,2,0,0,0
2025-03-13 16:07:00.573894,9,-2,2,0,0,0
2025-03-13 16:07:00.708679,9,-2,2,0,0,4
2025-03-13 16:07:00.799262,9,-2,2,0,0,0
2025-03-13 16:07:00.800096,9,-2,2,0,0,0
2025-03-13 16:07:00.888932,9,-2,2,0,0,-4
2025-03-13 16:07:01.023898,9,-2,2,0,0,-5
2025-03-13 16:07:02.554955,9,-2,2,-11,0,-4
2025-03-13 16:07:02.556177,19,7,5,204,92,-82
2025-03-13 16:07:02.687801,1,-12,-19,-430,159,-71
2025-03-13 16:07:02.778106,9,-16,16,128,-324,-108
2025-03-13 16:07:02.778571,1,-2,-4,10,82,53
2025-03-13 16:07:02.959080,6,-12,5,0,0,-11
2025-03-13 16:07:03.004799,4,-8,1,0,-30,-4
2025-03-13 16:07:03.006013,5,-9,2,17,-43,11
2025-03-13 16:07:03.049991,5,-8,1,16,-34,25
2025-03-13 16:07:03.137774,5,-7,1,16,-56,10
2025-03-13 16:07:03.230835,4,-7,2,39,-47,5
2025-03-13 16:07:03.273683,3,-7,1,57,-58,-2
2025-03-13 16:07:03.362698,4,-6,2,27,-23,-29
2025-03-13 16:07:03.408731,4,-7,2,33,0,-36
2025-03-13 16:07:03.497869,5,-8,2,43,-24,-75
2025-03-13 16:07:03.589424,4,-8,4,68,-48,-65
2025-03-13 16:07:03.632837,5,-8,4,109,-20,-72
2025-03-13 16:07:03.723237,5,-7,6,147,-91,-65
2025-03-13 16:07:03.813630,7,-4,6,138,-82,-50
2025-03-13 16:07:03.859420,8,-3,5,17,-109,-66
2025-03-13 16:07:03.948741,9,-4,6,-26,-86,-65
2025-03-13 16:07:04.038660,9,-3,5,-21,-58,-42
2025-03-13 16:07:04.085282,10,-2,4,8,-22,-13
2025-03-13 16:07:04.129379,9,-1,2,60,0,-5
2025-03-13 16:07:04.218725,10,0,1,0,0,-9
2025-03-13 16:07:04.353944,9,0,1,-56,0,4
2025-03-13 16:07:04.445126,10,0,2,0,0,-7
2025-03-13 16:07:04.447920,9,-1,1,0,0,-12
2025-03-13 16:07:04.489721,9,-1,1,-23,0,-5
2025-03-13 16:07:04.623561,9,-1,1,-62,0,-7
2025-03-13 16:07:04.668928,9,-2,1,-46,0,0
2025-03-13 16:07:04.715127,9,-1,1,0,-27,4
2025-03-13 16:07:04.803305,9,0,1,22,-30,-6
2025-03-13 16:07:04.895815,10,-1,1,0,-17,-13
2025-03-13 16:07:04.938726,10,-1,1,0,0,-4
2025-03-13 16:07:05.028441,10,-1,0,-16,0,-4
2025-03-13 16:07:05.163171,10,0,0,-12,0,0
2025-03-13 16:07:05.254969,10,-1,1,0,0,0
2025-03-13 16:07:05.256800,10,0,0,0,0,0
2025-03-13 16:07:05.298819,9,0,0,0,0,0
2025-03-13 16:07:05.432777,9,-1,0,0,0,0
