2025-03-10 13:52:24.295324,10,-11,1,0,0,0
2025-03-10 13:52:24.384541,14,-14,1,0,0,287
2025-03-10 13:52:24.430665,14,-14,1,0,0,366
2025-03-10 13:52:24.519194,10,-9,1,0,0,367
2025-03-10 13:52:24.609470,7,-3,2,0,0,320
2025-03-10 13:52:24.654270,3,0,0,0,0,196
2025-03-10 13:52:24.835437,-3,-2,7,0,0,0
2025-03-10 13:52:24.881353,-12,-8,4,0,0,0
2025-03-10 13:52:24.970312,-15,-8,4,0,0,0
2025-03-10 13:52:24.970548,-7,-4,1,0,0,0
2025-03-10 13:52:25.014164,-2,-2,0,0,0,0
2025-03-10 13:52:25.104533,3,4,-2,0,0,0
2025-03-10 13:52:25.150442,0,-1,0,0,0,0
2025-03-10 13:52:25.239589,-8,-6,3,0,0,0
2025-03-10 13:52:25.465899,-19,-7,3,0,0,0
2025-03-10 13:52:25.509721,-19,-7,9,0,0,0
2025-03-10 13:52:25.510448,-14,-9,2,0,0,0
2025-03-10 13:52:25.554211,-2,-2,-1,0,0,0
2025-03-10 13:52:25.645518,3,2,0,0,0,0
2025-03-10 13:52:25.735396,0,0,-1,0,0,0
2025-03-10 13:52:25.780441,-4,-2,1,0,0,0
2025-03-10 13:52:25.870404,-10,-8,2,0,0,0
2025-03-10 13:52:26.050702,-16,-10,5,0,0,0
2025-03-10 13:52:26.139683,-12,-5,6,0,0,0
2025-03-10 13:52:26.140102,-7,-4,2,0,0,0
2025-03-10 13:52:26.229400,-6,-5,1,0,0,0
2025-03-10 13:52:26.229639,-6,-4,2,0,0,0
2025-03-10 13:52:26.276187,-6,-4,3,0,0,0
2025-03-10 13:52:26.365494,-5,-4,3,0,0,0
2025-03-10 13:52:26.455872,-3,-4,3,0,0,0
2025-03-10 13:52:26.544712,0,-3,4,0,0,0
2025-03-10 13:52:26.635543,1,-4,4,0,0,-232
2025-03-10 13:52:26.770519,5,-7,5,0,0,-277
2025-03-10 13:52:26.771173,11,-9,6,0,0,-276
2025-03-10 13:52:26.815304,14,-8,6,0,0,-358
2025-03-10 13:52:26.860174,15,-7,6,0,0,-334
2025-03-10 13:52:26.904707,12,-5,2,0,0,-209
2025-03-10 13:52:26.994643,10,-4,1,0,0,0
2025-03-10 13:52:27.219708,9,-4,1,0,0,0
2025-03-10 13:52:29.650604,9,-1,3,0,0,0
2025-03-10 13:52:29.651496,10,-11,2,0,0,181
2025-03-10 13:52:29.739476,14,-13,0,0,0,296
2025-03-10 13:52:29.829085,15,-15,1,0,0,375
2025-03-10 13:52:29.829189,11,-15,3,0,0,419
2025-03-10 13:52:29.919492,7,-8,4,0,0,428
2025-03-10 13:52:29.964550,6,0,2,0,0,319
2025-03-10 13:52:30.055553,4,4,4,0,0,0
2025-03-10 13:52:30.189514,-16,-5,5,0,0,0
2025-03-10 13:52:30.234458,-13,-4,1,0,0,0
2025-03-10 13:52:30.279321,-1,-2,1,0,0,0
2025-03-10 13:52:30.324504,5,5,-3,0,0,0
2025-03-10 13:52:30.369430,4,0,-4,0,0,0
2025-03-10 13:52:30.459266,-6,-2,2,0,0,0
2025-03-10 13:52:30.504210,-19,-8,0,0,0,-172
2025-03-10 13:52:30.774201,-19,-10,9,0,0,0
2025-03-10 13:52:30.819291,-13,-7,0,0,0,0
2025-03-10 13:52:30.819406,2,0,0,0,0,0
2025-03-10 13:52:30.819475,2,1,-2,0,0,0
2025-03-10 13:52:30.864297,1,1,-4,0,0,0
2025-03-10 13:52:30.954180,-5,-2,2,0,0,0
2025-03-10 13:52:31.180552,-13,-8,0,0,0,0
2025-03-10 13:52:31.224176,-19,-13,10,0,0,0
2025-03-10 13:52:31.315475,-8,-1,2,0,0,0
2025-03-10 13:52:31.315906,-2,-3,0,0,0,0
2025-03-10 13:52:31.316323,0,-2,2,0,0,0
2025-03-10 13:52:31.405875,1,0,2,0,0,0
2025-03-10 13:52:31.451688,3,-3,4,0,0,-277
2025-03-10 13:52:31.585745,7,-8,7,0,0,-343
2025-03-10 13:52:31.674550,16,-10,5,0,0,-378
2025-03-10 13:52:31.720046,13,-13,5,0,0,-336
2025-03-10 13:52:31.720908,11,-12,5,0,0,-284
2025-03-10 13:52:31.855879,13,-7,1,0,0,-240
2025-03-10 13:52:31.899118,8,-3,1,0,0,0
2025-03-10 13:52:32.080640,9,-2,2,0,0,0
2025-03-10 13:52:32.124982,10,0,1,0,0,0
2025-03-10 13:52:32.125080,10,-2,3,0,0,0
2025-03-10 13:52:32.215434,8,-2,3,0,0,0
2025-03-10 13:52:32.259162,10,0,1,0,0,0
2025-03-10 13:52:32.574745,11,1,0,0,0,0
2025-03-10 13:52:34.284938,9,0,2,0,0,0
2025-03-10 13:52:34.286191,11,-12,3,0,0,0
2025-03-10 13:52:34.329957,13,-17,1,0,0,362
2025-03-10 13:52:34.420442,17,-18,4,0,0,435
2025-03-10 13:52:34.464269,12,-11,3,0,0,440
2025-03-10 13:52:34.689679,6,-3,2,0,0,358
2025-03-10 13:52:34.691487,4,0,2,0,0,263
2025-03-10 13:52:34.691902,1,0,1,0,0,0
2025-03-10 13:52:34.734532,-8,-1,0,0,0,0
2025-03-10 13:52:34.825480,-14,-3,1,0,0,0
2025-03-10 13:52:34.869881,-17,-2,1,0,0,0
2025-03-10 13:52:34.914277,-12,-3,0,0,0,0
2025-03-10 13:52:35.139552,0,0,0,0,0,0
2025-03-10 13:52:35.184418,4,2,-3,0,0,0
2025-03-10 13:52:35.184644,0,1,10,0,0,0
2025-03-10 13:52:35.274557,-8,-2,0,0,0,0
2025-03-10 13:52:35.319611,-19,-16,1,0,0,-216
2025-03-10 13:52:35.410353,-19,-3,9,0,0,0
2025-03-10 13:52:35.589244,-7,-8,5,0,0,187
2025-03-10 13:52:35.634357,1,0,-3,0,0,0
2025-03-10 13:52:35.634526,6,4,0,0,0,0
2025-03-10 13:52:35.679407,2,0,0,0,0,0
2025-03-10 13:52:35.769486,-4,-2,7,0,0,0
2025-03-10 13:52:35.904909,-12,-7,4,0,0,0
2025-03-10 13:52:35.994286,-17,-8,5,0,0,0
2025-03-10 13:52:36.039098,-8,-4,6,0,0,0
2025-03-10 13:52:36.039221,-2,0,1,0,0,0
2025-03-10 13:52:36.129275,4,0,4,0,0,-195
2025-03-10 13:52:36.355082,6,-2,5,0,0,-341
2025-03-10 13:52:36.399759,14,-6,5,0,0,-388
2025-03-10 13:52:36.400124,19,-7,6,0,0,-403
2025-03-10 13:52:36.400257,19,-10,5,0,0,-362
2025-03-10 13:52:36.444301,9,-8,1,0,0,0
2025-03-10 13:52:36.535085,10,-3,0,0,0,0
2025-03-10 13:52:36.670561,9,-2,1,0,0,0
2025-03-10 13:52:36.714623,9,-2,2,0,0,0
2025-03-10 13:52:36.715453,10,-2,2,0,0,0
2025-03-10 13:52:36.759184,9,-2,2,0,0,0
2025-03-10 13:52:36.849516,10,-1,2,0,0,0
2025-03-10 13:52:36.939360,10,0,2,0,0,0
2025-03-10 13:52:36.984774,10,0,1,0,0,0
2025-03-10 13:52:38.245096,11,-13,4,0,0,0
2025-03-10 13:52:38.335343,11,-14,2,0,0,240
2025-03-10 13:52:38.380172,15,-18,2,0,0,337
2025-03-10 13:52:38.380288,15,-14,2,0,0,423
2025-03-10 13:52:38.470244,10,-6,2,0,0,427
2025-03-10 13:52:38.559185,6,0,1,0,0,303
2025-03-10 13:52:38.604330,1,1,3,0,0,182
2025-03-10 13:52:38.649438,-11,-1,3,0,0,0
2025-03-10 13:52:38.740208,-17,-4,5,0,0,0
2025-03-10 13:52:38.784219,-6,-3,3,0,0,0
2025-03-10 13:52:38.874341,1,0,-2,0,0,0
2025-03-10 13:52:38.966408,4,2,-2,0,0,0
2025-03-10 13:52:39.144710,0,0,-1,0,0,0
2025-03-10 13:52:39.235193,-9,-2,2,0,0,0
2025-03-10 13:52:39.235355,-19,-13,4,0,0,-180
2025-03-10 13:52:39.235493,-19,-5,8,0,0,0
2025-03-10 13:52:39.324031,-10,-6,0,0,0,0
2025-03-10 13:52:39.369431,4,0,0,0,0,0
2025-03-10 13:52:39.505862,5,2,-2,0,0,0
2025-03-10 13:52:39.549276,1,2,-3,0,0,0
2025-03-10 13:52:39.594513,-5,-5,1,0,0,0
2025-03-10 13:52:39.685108,-17,-12,3,0,0,-176
2025-03-10 13:52:39.729364,-18,-11,10,0,0,0
2025-03-10 13:52:39.820221,-7,-2,2,0,0,0
2025-03-10 13:52:39.954657,-2,-3,1,0,0,0
2025-03-10 13:52:40.044649,0,-1,2,0,0,0
2025-03-10 13:52:40.044942,2,-2,4,0,0,-250
2025-03-10 13:52:40.090556,7,-5,5,0,0,-332
2025-03-10 13:52:40.179568,11,-8,4,0,0,-376
2025-03-10 13:52:40.316738,18,-12,4,0,0,-356
2025-03-10 13:52:40.404488,15,-14,2,0,0,-357
2025-03-10 13:52:40.404586,8,-8,1,0,0,-172
2025-03-10 13:52:40.449683,9,0,0,0,0,0
2025-03-10 13:52:40.540240,9,-3,2,0,0,0
2025-03-10 13:52:40.675523,8,-1,2,0,0,0
2025-03-10 13:52:40.764712,10,0,2,0,0,0
2025-03-10 13:52:40.765041,9,0,3,0,0,0
2025-03-10 13:52:40.810101,9,1,1,0,0,0
2025-03-10 13:52:40.990522,10,0,0,0,0,0
2025-03-10 13:52:42.024589,9,0,1,0,0,0
2025-03-10 13:52:42.025387,14,-18,1,0,0,336
2025-03-10 13:52:42.160453,17,-19,1,0,0,425
2025-03-10 13:52:42.249156,14,-12,3,0,0,454
2025-03-10 13:52:42.249355,10,-3,3,0,0,392
2025-03-10 13:52:42.294148,4,1,0,0,0,242
2025-03-10 13:52:42.384127,-4,1,4,0,0,0
2025-03-10 13:52:42.429197,-19,-3,4,0,0,0
2025-03-10 13:52:42.565015,-13,-3,1,0,0,0
2025-03-10 13:52:42.609181,0,0,-1,0,0,0
2025-03-10 13:52:42.654871,5,1,-2,0,0,0
2025-03-10 13:52:42.744455,4,2,-1,0,0,0
2025-03-10 13:52:42.834644,-6,-4,0,0,0,0
2025-03-10 13:52:42.969830,-19,-13,4,0,0,-219
2025-03-10 13:52:43.015913,-19,-11,9,0,0,0
2025-03-10 13:52:43.016737,-6,-2,-2,0,0,0
2025-03-10 13:52:43.105049,5,1,0,0,0,0
2025-03-10 13:52:43.194980,4,3,-1,0,0,0
2025-03-10 13:52:43.284450,2,1,-3,0,0,0
2025-03-10 13:52:43.330560,-7,-5,1,0,0,0
2025-03-10 13:52:43.374236,-18,-13,6,0,0,0
2025-03-10 13:52:43.419049,-18,-14,7,0,0,0
2025-03-10 13:52:43.689504,-7,-2,3,0,0,0
2025-03-10 13:52:43.735185,-1,-3,4,0,0,0
2025-03-10 13:52:43.735278,1,-2,3,0,0,0
2025-03-10 13:52:43.735383,3,-4,3,0,0,-267
2025-03-10 13:52:43.779344,5,-9,5,0,0,-259
2025-03-10 13:52:44.004683,11,-9,4,0,0,-310
2025-03-10 13:52:44.006687,15,-8,3,0,0,-356
2025-03-10 13:52:44.007257,13,-7,2,0,0,-289
2025-03-10 13:52:44.094521,11,-5,1,0,0,0
2025-03-10 13:52:44.140663,10,-4,1,0,0,0
2025-03-10 13:52:44.229672,9,-2,2,0,0,0
2025-03-10 13:52:44.364470,9,-1,2,0,0,0
2025-03-10 13:52:44.409092,9,-1,2,0,0,0
2025-03-10 13:52:44.409193,10,0,2,0,0,0
2025-03-10 13:52:44.634606,10,0,1,0,0,0
2025-03-10 13:52:44.724680,10,0,1,0,0,0
2025-03-10 13:52:44.769990,10,0,1,0,0,0
2025-03-10 13:52:44.770907,9,0,1,0,0,0
2025-03-10 13:52:44.814319,10,0,1,0,0,0
2025-03-10 13:52:46.120103,-16,-3,6,0,0,0
2025-03-10 13:52:46.164372,-19,-7,8,0,0,0
2025-03-10 13:52:46.164474,-7,-4,0,0,0,0
2025-03-10 13:52:46.209088,2,-1,-1,0,0,0
2025-03-10 13:52:46.300250,4,3,-3,0,0,0
2025-03-10 13:52:46.479385,1,2,5,0,0,0
2025-03-10 13:52:46.524477,-8,-4,0,0,0,0
2025-03-10 13:52:46.524595,-19,-14,3,0,0,0
2025-03-10 13:52:46.614607,-19,-3,10,0,0,0
2025-03-10 13:52:46.659704,-13,-11,1,0,0,0
2025-03-10 13:52:46.839494,0,-3,-1,0,0,0
2025-03-10 13:52:46.884139,5,6,-1,0,0,0
2025-03-10 13:52:46.884261,3,2,-2,0,0,0
2025-03-10 13:52:46.930091,0,0,-4,0,0,0
2025-03-10 13:52:47.020966,-10,-9,6,0,0,0
2025-03-10 13:52:47.154633,-19,-10,4,0,0,0
2025-03-10 13:52:47.199863,-15,-6,6,0,0,0
2025-03-10 13:52:47.200584,-5,0,1,0,0,0
2025-03-10 13:52:47.289433,0,-2,4,0,0,0
2025-03-10 13:52:47.380315,1,0,0,0,0,-214
2025-03-10 13:52:47.514474,4,-6,3,0,0,-288
2025-03-10 13:52:47.559248,10,-8,3,0,0,-324
2025-03-10 13:52:47.559392,14,-11,4,0,0,-367
2025-03-10 13:52:47.649388,17,-9,2,0,0,-355
2025-03-10 13:52:47.784491,14,-10,3,0,0,-289
2025-03-10 13:52:47.829667,10,-8,1,0,0,-179
2025-03-10 13:52:47.874235,10,-4,1,0,0,0
2025-03-10 13:52:47.966081,8,-1,0,0,0,0
2025-03-10 13:52:48.056261,9,0,2,0,0,0
2025-03-10 13:52:48.144634,9,-1,2,0,0,0
2025-03-10 13:52:48.189346,10,0,2,0,0,0
2025-03-10 13:52:48.234827,9,0,1,0,0,0
2025-03-10 13:52:48.325918,9,0,0,0,0,0
2025-03-10 13:52:48.460995,9,0,0,0,0,0
2025-03-10 13:52:48.549535,9,-1,1,0,0,0
2025-03-10 13:52:48.549967,10,0,1,0,0,0
2025-03-10 13:52:48.596200,9,0,2,0,0,0
2025-03-10 13:52:48.775906,9,-1,2,0,0,0
2025-03-10 13:52:48.820376,10,-1,2,0,0,0
2025-03-10 13:52:48.821176,9,0,1,0,0,0
2025-03-10 13:52:49.854232,12,-11,2,0,0,0
2025-03-10 13:52:49.944263,15,-17,0,0,0,369
2025-03-10 13:52:50.124256,19,-19,3,0,0,480
2025-03-10 13:52:50.169231,15,-11,5,0,0,501
2025-03-10 13:52:50.169425,10,0,2,0,0,394
2025-03-10 13:52:50.214398,3,3,0,0,0,0
2025-03-10 13:52:50.304741,-8,-1,5,0,0,0
2025-03-10 13:52:50.395713,-17,-4,4,0,0,0
2025-03-10 13:52:50.484292,-12,-2,2,0,0,0
2025-03-10 13:52:50.530620,0,0,1,0,0,0
2025-03-10 13:52:50.574189,3,-1,0,0,0,0
2025-03-10 13:52:50.709092,2,2,-3,0,0,0
2025-03-10 13:52:50.799226,-5,-3,1,0,0,0
2025-03-10 13:52:50.934536,-19,-8,2,0,0,0
2025-03-10 13:52:50.934963,-19,-11,11,0,0,0
2025-03-10 13:52:50.979172,-15,-7,2,0,0,0
2025-03-10 13:52:51.114906,-3,-3,0,0,0,0
2025-03-10 13:52:51.160223,0,0,-4,0,0,0
2025-03-10 13:52:51.204224,2,2,-2,0,0,0
2025-03-10 13:52:51.295093,0,1,2,0,0,0
2025-03-10 13:52:51.339183,-8,-5,2,0,0,0
2025-03-10 13:52:51.430478,-17,-11,7,0,0,0
2025-03-10 13:52:51.520371,-10,-4,7,0,0,0
2025-03-10 13:52:51.565786,-2,-1,3,0,0,0
2025-03-10 13:52:51.655415,0,-4,3,0,0,-216
2025-03-10 13:52:51.700236,4,-7,5,0,0,-228
2025-03-10 13:52:51.790296,6,-7,5,0,0,-278
2025-03-10 13:52:51.834323,9,-7,4,0,0,-273
2025-03-10 13:52:51.924616,12,-8,6,0,0,-254
2025-03-10 13:52:52.104540,13,-8,5,0,0,-300
2025-03-10 13:52:52.106735,10,-6,1,0,0,-223
2025-03-10 13:52:52.107369,9,-5,1,0,0,0
2025-03-10 13:52:52.194518,10,-4,2,0,0,0
2025-03-10 13:52:52.240613,9,-1,1,0,0,0
2025-03-10 13:52:52.419448,10,0,3,0,0,0
2025-03-10 13:52:52.465905,9,0,4,0,0,0
2025-03-10 13:52:52.466701,9,0,2,0,0,0
2025-03-10 13:52:52.554447,10,0,1,0,0,0
2025-03-10 13:52:52.599790,9,0,0,0,0,0
2025-03-10 13:52:52.734760,9,0,1,0,0,0
2025-03-10 13:52:53.860744,11,-10,2,0,0,0
2025-03-10 13:52:54.039643,13,-15,0,0,0,265
2025-03-10 13:52:54.086336,18,-17,1,0,0,387
2025-03-10 13:52:54.087298,16,-15,2,0,0,439
2025-03-10 13:52:54.174407,12,-7,3,0,0,427
2025-03-10 13:52:54.220687,7,0,2,0,0,343
2025-03-10 13:52:54.356188,2,1,0,0,0,0
2025-03-10 13:52:54.400388,-4,0,2,0,0,0
2025-03-10 13:52:54.445131,-16,-5,3,0,0,0
2025-03-10 13:52:54.489283,-19,-2,5,0,0,0
2025-03-10 13:52:54.625528,-5,-4,0,0,0,0
2025-03-10 13:52:54.714621,3,-2,-4,0,0,0
2025-03-10 13:52:54.804366,4,0,0,0,0,0
2025-03-10 13:52:54.804638,1,0,6,0,0,0
2025-03-10 13:52:54.851143,-18,-9,0,0,0,0
2025-03-10 13:52:54.984751,-19,-12,11,0,0,0
2025-03-10 13:52:55.074691,-15,-8,1,0,0,171
2025-03-10 13:52:55.164460,-1,-1,-2,0,0,0
2025-03-10 13:52:55.164831,4,-1,0,0,0,0
2025-03-10 13:52:55.209939,1,2,0,0,0,0
2025-03-10 13:52:55.344777,0,0,-1,0,0,0
2025-03-10 13:52:55.434666,-12,-5,0,0,0,0
2025-03-10 13:52:55.435198,-19,-11,6,0,0,0
2025-03-10 13:52:55.525747,-10,-3,5,0,0,0
2025-03-10 13:52:55.661016,-3,-2,2,0,0,0
2025-03-10 13:52:55.706167,-1,-1,2,0,0,0
2025-03-10 13:52:55.707167,1,-3,3,0,0,-223
2025-03-10 13:52:55.750248,4,-7,5,0,0,-265
2025-03-10 13:52:55.839337,7,-8,5,0,0,-332
2025-03-10 13:52:55.930193,14,-8,6,0,0,-390
2025-03-10 13:52:56.021032,17,-10,7,0,0,-394
2025-03-10 13:52:56.065045,10,-9,2,0,0,-248
2025-03-10 13:52:56.110216,11,-4,2,0,0,0
2025-03-10 13:52:56.244755,9,-4,1,0,0,0
2025-03-10 13:52:56.289845,9,0,1,0,0,0
2025-03-10 13:52:56.334755,9,0,3,0,0,0
2025-03-10 13:52:56.425193,10,-1,3,0,0,0
2025-03-10 13:52:56.469249,10,-2,1,0,0,0
2025-03-10 13:52:56.560164,11,-10,1,0,0,0
2025-03-10 13:52:56.649184,14,-10,0,0,0,239
2025-03-10 13:52:57.684134,-19,-10,5,0,0,-188
2025-03-10 13:52:57.729443,-19,-9,12,0,0,0
2025-03-10 13:52:57.864153,-18,-7,5,0,0,0
2025-03-10 13:52:57.911118,-7,-5,0,0,0,0
2025-03-10 13:52:57.955191,3,-1,-1,0,0,0
2025-03-10 13:52:58.044100,5,2,-2,0,0,0
2025-03-10 13:52:58.180178,1,1,-1,0,0,0
2025-03-10 13:52:58.180282,-4,-3,3,0,0,0
2025-03-10 13:52:58.269103,-11,-7,4,0,0,-198
2025-03-10 13:52:58.314058,-14,-8,8,0,0,0
2025-03-10 13:52:58.495011,-5,-2,7,0,0,-179
2025-03-10 13:52:58.539234,0,-5,5,0,0,-279
2025-03-10 13:52:58.539465,4,-7,3,0,0,-284
2025-03-10 13:52:58.630540,10,-6,2,0,0,-350
2025-03-10 13:52:58.720216,14,-4,2,0,0,-313
2025-03-10 13:52:58.765914,18,-5,3,0,0,-296
2025-03-10 13:52:58.899218,12,-8,1,0,0,-183
2025-03-10 13:52:58.989331,10,-4,1,0,0,0
2025-03-10 13:52:58.989561,9,0,1,0,0,0
2025-03-10 13:52:59.035462,9,-1,2,0,0,0
2025-03-10 13:52:59.124261,9,-1,2,0,0,0
2025-03-10 13:52:59.214343,10,0,3,0,0,0
2025-03-10 13:52:59.349374,9,1,1,0,0,0
2025-03-10 13:52:59.394283,9,1,0,0,0,0
2025-03-10 13:52:59.394499,9,0,2,0,0,0
2025-03-10 13:52:59.484253,9,0,1,0,0,0
2025-03-10 13:52:59.620728,9,0,2,0,0,0
2025-03-10 13:52:59.710412,9,0,2,0,0,0
2025-03-10 13:52:59.710783,9,0,2,0,0,0
2025-03-10 13:52:59.756269,9,0,2,0,0,0
2025-03-10 13:52:59.889282,9,0,1,0,0,0
2025-03-10 13:52:59.979208,9,0,1,0,0,0
2025-03-10 13:53:00.070158,9,0,1,0,0,0
2025-03-10 13:53:00.070322,9,0,1,0,0,0
2025-03-10 13:53:00.115112,9,0,2,0,0,0
2025-03-10 13:53:00.250034,10,0,2,0,0,0
2025-03-10 13:53:00.294423,10,-1,3,0,0,0
2025-03-10 13:53:00.340404,8,0,1,0,0,0
2025-03-10 13:53:00.564574,10,0,1,0,0,0
2025-03-10 13:53:01.824479,9,-1,1,0,0,0
2025-03-10 13:53:01.825193,10,-12,3,0,0,0
2025-03-10 13:53:01.914427,14,-16,0,0,0,288
2025-03-10 13:53:02.004724,19,-19,2,0,0,416
2025-03-10 13:53:02.094439,19,-17,6,0,0,550
2025-03-10 13:53:02.229616,16,-3,5,0,0,523
2025-03-10 13:53:02.230089,8,4,0,0,0,253
2025-03-10 13:53:02.274746,0,1,2,0,0,0
2025-03-10 13:53:02.410112,-18,-6,7,0,0,0
2025-03-10 13:53:02.454349,-19,-3,3,0,0,0
2025-03-10 13:53:02.454500,-4,-2,0,0,0,0
2025-03-10 13:53:02.544561,4,-2,-6,0,0,0
2025-03-10 13:53:02.634108,4,1,0,0,0,0
2025-03-10 13:53:02.724435,1,0,5,0,0,0
2025-03-10 13:53:02.769785,-18,-11,1,0,0,-195
2025-03-10 13:53:02.815419,-19,-13,14,0,0,0
2025-03-10 13:53:02.950618,-19,-8,3,0,0,0
2025-03-10 13:53:03.039294,-4,-5,0,0,0,0
2025-03-10 13:53:03.131157,2,-1,-2,0,0,0
2025-03-10 13:53:03.131727,6,4,-3,0,0,0
2025-03-10 13:53:03.175232,2,2,-5,0,0,0
2025-03-10 13:53:03.265302,-10,-9,4,0,0,0
2025-03-10 13:53:03.354659,-19,-10,5,0,0,0
2025-03-10 13:53:03.399991,-18,-5,9,0,0,0
2025-03-10 13:53:03.489516,-6,-1,3,0,0,0
2025-03-10 13:53:03.669490,-1,0,1,0,0,0
2025-03-10 13:53:03.714382,2,-3,3,0,0,-227
2025-03-10 13:53:03.714553,6,-8,5,0,0,-273
2025-03-10 13:53:03.804433,9,-8,6,0,0,-312
2025-03-10 13:53:03.939977,12,-6,6,0,0,-264
2025-03-10 13:53:04.029299,14,-6,5,0,0,-303
2025-03-10 13:53:04.029523,13,-6,3,0,0,-239
2025-03-10 13:53:04.074968,11,-5,3,0,0,0
2025-03-10 13:53:04.210451,10,-4,3,0,0,0
2025-03-10 13:53:04.255279,9,-2,2,0,0,0
2025-03-10 13:53:04.256592,9,-1,2,0,0,0
2025-03-10 13:53:04.344536,9,0,2,0,0,0
2025-03-10 13:53:04.480853,9,0,2,0,0,0
2025-03-10 13:53:04.569647,10,0,1,0,0,0
2025-03-10 13:53:04.570188,10,0,1,0,0,0
2025-03-10 13:53:04.614971,10,0,1,0,0,0
2025-03-10 13:53:05.788423,10,-11,2,0,0,0
2025-03-10 13:53:05.830979,12,-14,0,0,0,280
2025-03-10 13:53:05.919532,15,-18,1,0,0,313
2025-03-10 13:53:06.010554,16,-19,4,0,0,429
2025-03-10 13:53:06.099601,13,-9,5,0,0,465
2025-03-10 13:53:06.145323,9,0,2,0,0,365
2025-03-10 13:53:06.145638,2,3,-1,0,0,0
2025-03-10 13:53:06.189329,-6,1,1,0,0,0
2025-03-10 13:53:06.280328,-19,-2,7,0,0,0
2025-03-10 13:53:06.414114,-14,-1,1,0,0,0
2025-03-10 13:53:06.504130,0,0,-3,0,0,0
2025-03-10 13:53:06.504357,5,-1,0,0,0,0
2025-03-10 13:53:06.639304,4,2,-2,0,0,0
2025-03-10 13:53:06.730385,-2,-5,0,0,0,0
2025-03-10 13:53:06.775289,-19,-8,4,0,0,-178
2025-03-10 13:53:06.819360,-19,-19,10,0,0,0
2025-03-10 13:53:06.911201,-18,-4,0,0,0,210
2025-03-10 13:53:06.999361,-3,-8,0,0,0,0
2025-03-10 13:53:07.044659,5,1,-3,0,0,0
2025-03-10 13:53:07.134262,5,4,0,0,0,0
2025-03-10 13:53:07.179205,2,1,0,0,0,0
2025-03-10 13:53:07.269992,-2,-7,4,0,0,-205
2025-03-10 13:53:07.315562,-16,-16,8,0,0,-242
2025-03-10 13:53:07.404550,-19,-11,7,0,0,0
2025-03-10 13:53:07.539454,-8,-3,5,0,0,0
2025-03-10 13:53:07.586232,-3,-1,2,0,0,0
2025-03-10 13:53:07.674294,-1,-4,3,0,0,0
2025-03-10 13:53:07.674661,1,-2,1,0,0,0
2025-03-10 13:53:07.764148,4,-3,3,0,0,-249
2025-03-10 13:53:07.899577,7,-6,4,0,0,-331
2025-03-10 13:53:07.944300,12,-9,6,0,0,-321
2025-03-10 13:53:07.944441,16,-7,4,0,0,-415
2025-03-10 13:53:07.990340,19,-8,1,0,0,-442
2025-03-10 13:53:08.214574,12,-10,-2,0,0,-283
2025-03-10 13:53:08.216468,8,-7,1,0,0,0
2025-03-10 13:53:08.216915,10,-3,3,0,0,0
2025-03-10 13:53:08.304977,10,0,1,0,0,0
2025-03-10 13:53:08.349762,10,0,2,0,0,0
2025-03-10 13:53:08.484885,9,0,3,0,0,0
2025-03-10 13:53:08.529342,9,2,3,0,0,0
2025-03-10 13:53:09.519766,12,-12,1,0,0,199
2025-03-10 13:53:09.609433,15,-15,2,0,0,317
2025-03-10 13:53:09.654695,17,-15,2,0,0,414
2025-03-10 13:53:09.745573,12,-8,5,0,0,449
2025-03-10 13:53:09.789419,7,0,1,0,0,350
2025-03-10 13:53:09.879504,0,0,1,0,0,0
2025-03-10 13:53:10.015593,-13,-5,7,0,0,0
2025-03-10 13:53:10.060040,-19,-6,6,0,0,0
2025-03-10 13:53:10.151036,-6,-4,0,0,0,0
2025-03-10 13:53:10.195592,3,-1,-4,0,0,0
2025-03-10 13:53:10.331069,7,1,-1,0,0,0
2025-03-10 13:53:10.375945,1,-1,-1,0,0,0
2025-03-10 13:53:10.420513,-7,-5,3,0,0,0
2025-03-10 13:53:10.554425,-19,-12,6,0,0,-172
2025-03-10 13:53:10.644382,-19,-16,8,0,0,0
2025-03-10 13:53:10.735889,-15,-6,0,0,0,225
2025-03-10 13:53:10.736206,0,-5,0,0,0,0
2025-03-10 13:53:10.780225,5,0,-2,0,0,0
2025-03-10 13:53:10.915364,6,1,-1,0,0,0
2025-03-10 13:53:11.005916,1,0,-3,0,0,0
2025-03-10 13:53:11.006282,-13,-8,3,0,0,-180
2025-03-10 13:53:11.049947,-19,-11,8,0,0,-178
2025-03-10 13:53:11.184411,-19,-8,7,0,0,0
2025-03-10 13:53:11.274649,-5,-1,2,0,0,0
2025-03-10 13:53:11.274989,-1,-1,2,0,0,0
2025-03-10 13:53:11.319751,1,-2,2,0,0,0
2025-03-10 13:53:11.499713,3,-3,2,0,0,-264
2025-03-10 13:53:11.544322,8,-7,5,0,0,-318
2025-03-10 13:53:11.544544,16,-9,6,0,0,-422
2025-03-10 13:53:11.634399,19,-11,8,0,0,-454
2025-03-10 13:53:11.769904,13,-10,2,0,0,-309
2025-03-10 13:53:11.860090,11,-5,2,0,0,0
2025-03-10 13:53:11.860906,9,-4,2,0,0,0
2025-03-10 13:53:11.905746,8,-3,1,0,0,0
2025-03-10 13:53:11.949413,10,-2,2,0,0,0
2025-03-10 13:53:12.039930,9,-1,3,0,0,0
2025-03-10 13:53:12.129478,10,1,2,0,0,0
2025-03-10 13:53:12.174780,10,3,1,0,0,0
2025-03-10 13:53:12.354661,10,1,1,0,0,0
2025-03-10 13:53:13.615013,9,0,2,0,0,0
2025-03-10 13:53:13.615232,11,-13,2,0,0,0
2025-03-10 13:53:13.659267,16,-15,0,0,0,301
2025-03-10 13:53:13.749180,19,-18,1,0,0,414
2025-03-10 13:53:13.795178,16,-8,4,0,0,449
2025-03-10 13:53:13.839635,11,0,1,0,0,372
2025-03-10 13:53:13.975185,5,1,3,0,0,176
2025-03-10 13:53:14.064338,-14,-4,3,0,0,0
2025-03-10 13:53:14.110240,-19,-6,8,0,0,0
2025-03-10 13:53:14.110470,-10,-2,0,0,0,0
2025-03-10 13:53:14.199762,4,-2,-2,0,0,0
2025-03-10 13:53:14.290544,8,-8,0,0,0,0
2025-03-10 13:53:14.334826,2,-5,-4,0,0,0
2025-03-10 13:53:14.425693,-8,-3,1,0,0,0
2025-03-10 13:53:14.471345,-19,0,5,0,0,0
2025-03-10 13:53:14.604223,-19,-7,9,0,0,0
2025-03-10 13:53:14.694289,-10,-2,-1,0,0,0
2025-03-10 13:53:14.694459,2,-5,0,0,0,0
2025-03-10 13:53:14.830207,3,-1,-2,0,0,0
2025-03-10 13:53:14.874399,2,0,-1,0,0,0
2025-03-10 13:53:14.921142,-3,-6,0,0,0,0
2025-03-10 13:53:14.964490,-15,-6,2,0,0,0
2025-03-10 13:53:15.054491,-19,-10,8,0,0,0
2025-03-10 13:53:15.189794,-8,-2,4,0,0,0
2025-03-10 13:53:15.279506,-3,-1,3,0,0,0
2025-03-10 13:53:15.279914,0,-2,2,0,0,-196
2025-03-10 13:53:15.459773,3,-6,3,0,0,-257
2025-03-10 13:53:15.461526,6,-7,3,0,0,-293
2025-03-10 13:53:15.462021,9,-9,3,0,0,-335
2025-03-10 13:53:15.549794,14,-8,4,0,0,-305
2025-03-10 13:53:15.639286,15,-7,2,0,0,-310
2025-03-10 13:53:15.685056,12,-7,2,0,0,-203
2025-03-10 13:53:15.730322,11,-5,1,0,0,0
2025-03-10 13:53:15.910035,9,-4,2,0,0,0
2025-03-10 13:53:15.955794,9,-2,2,0,0,0
2025-03-10 13:53:15.999198,10,0,2,0,0,0
2025-03-10 13:53:15.999316,10,0,2,0,0,0
2025-03-10 13:53:16.089603,10,0,2,0,0,0
2025-03-10 13:53:16.226479,10,1,1,0,0,0
2025-03-10 13:53:16.315216,10,0,1,0,0,0
2025-03-10 13:53:16.315470,9,0,2,0,0,0
2025-03-10 13:53:17.395237,11,-11,3,0,0,0
2025-03-10 13:53:17.439304,14,-14,1,0,0,262
2025-03-10 13:53:17.529212,18,-16,1,0,0,347
2025-03-10 13:53:17.620360,17,-11,2,0,0,429
2025-03-10 13:53:17.664230,11,-2,2,0,0,415
2025-03-10 13:53:17.710289,7,1,0,0,0,331
2025-03-10 13:53:17.799321,-5,-1,7,0,0,204
2025-03-10 13:53:17.934308,-19,-5,4,0,0,0
2025-03-10 13:53:17.979274,-4,-5,1,0,0,0
2025-03-10 13:53:17.979462,4,0,-5,0,0,0
2025-03-10 13:53:18.069519,6,1,0,0,0,0
2025-03-10 13:53:18.204976,1,0,0,0,0,0
2025-03-10 13:53:18.294304,-11,-4,2,0,0,0
2025-03-10 13:53:18.294469,-19,-12,4,0,0,-176
2025-03-10 13:53:18.339875,-19,-8,6,0,0,0
2025-03-10 13:53:18.474491,-8,-1,0,0,0,0
2025-03-10 13:53:18.519305,3,0,-3,0,0,0
2025-03-10 13:53:18.564700,4,-1,-1,0,0,0
2025-03-10 13:53:18.699702,1,0,-3,0,0,0
2025-03-10 13:53:18.789273,-3,-2,3,0,0,0
2025-03-10 13:53:18.880463,-16,-7,1,0,0,0
2025-03-10 13:53:18.880769,-19,-10,7,0,0,0
2025-03-10 13:53:19.014862,-10,-3,3,0,0,0
2025-03-10 13:53:19.059690,-2,0,0,0,0,0
2025-03-10 13:53:19.060343,2,-2,1,0,0,-214
2025-03-10 13:53:19.150638,4,-3,1,0,0,-267
2025-03-10 13:53:19.194236,8,-7,1,0,0,-265
2025-03-10 13:53:19.329346,13,-7,2,0,0,-359
2025-03-10 13:53:19.376003,18,-7,3,0,0,-335
2025-03-10 13:53:19.376995,18,-7,3,0,0,-364
2025-03-10 13:53:19.464507,14,-7,1,0,0,-236
2025-03-10 13:53:19.599344,11,-5,1,0,0,0
2025-03-10 13:53:19.780536,10,-4,2,0,0,0
2025-03-10 13:53:19.780950,9,-2,1,0,0,0
2025-03-10 13:53:19.869299,9,0,1,0,0,0
2025-03-10 13:53:19.959332,10,0,2,0,0,0
2025-03-10 13:53:19.959547,10,1,2,0,0,0
2025-03-10 13:53:20.005905,10,1,2,0,0,0
2025-03-10 13:53:20.139430,10,1,1,0,0,0
2025-03-10 13:53:21.625599,9,0,1,0,0,0
2025-03-10 13:53:21.626211,9,-13,2,0,0,0
2025-03-10 13:53:21.669336,14,-12,0,0,0,206
2025-03-10 13:53:21.760419,19,-13,0,0,0,296
2025-03-10 13:53:21.850171,19,-8,3,0,0,432
2025-03-10 13:53:21.895366,13,-2,5,0,0,498
2025-03-10 13:53:21.984328,2,2,2,0,0,348
2025-03-10 13:53:22.075300,-16,3,7,0,0,0
2025-03-10 13:53:22.120225,-18,-6,2,0,0,0
2025-03-10 13:53:22.209762,-1,-1,-2,0,0,0
2025-03-10 13:53:22.299777,5,-1,-1,0,0,0
2025-03-10 13:53:22.344940,7,1,0,0,0,0
2025-03-10 13:53:22.389149,3,2,-2,0,0,0
2025-03-10 13:53:22.434240,-6,-4,6,0,0,0
2025-03-10 13:53:22.525114,-19,-14,0,0,0,-239
2025-03-10 13:53:22.659654,-19,-13,7,0,0,263
2025-03-10 13:53:22.794550,-2,-1,-3,0,0,0
2025-03-10 13:53:22.794960,5,0,-2,0,0,0
2025-03-10 13:53:22.884999,4,2,0,0,0,0
2025-03-10 13:53:22.930305,0,0,-1,0,0,0
2025-03-10 13:53:23.020623,-5,-4,1,0,0,0
2025-03-10 13:53:23.065065,-15,-12,3,0,0,-242
2025-03-10 13:53:23.199759,-19,-18,9,0,0,0
2025-03-10 13:53:23.289844,-12,-7,2,0,0,0
2025-03-10 13:53:23.290243,-4,-4,1,0,0,0
2025-03-10 13:53:23.380230,0,0,0,0,0,0
2025-03-10 13:53:23.471611,1,0,2,0,0,-189
2025-03-10 13:53:23.515039,5,0,1,0,0,-294
2025-03-10 13:53:23.560193,11,-5,2,0,0,-344
2025-03-10 13:53:23.740461,17,-9,4,0,0,-400
2025-03-10 13:53:23.784536,19,-7,2,0,0,-463
2025-03-10 13:53:23.784897,18,-13,1,0,0,-366
2025-03-10 13:53:23.874720,10,-5,1,0,0,0
2025-03-10 13:53:24.012121,11,-3,1,0,0,0
2025-03-10 13:53:24.012917,8,-3,2,0,0,0
2025-03-10 13:53:24.054841,10,-2,2,0,0,0
2025-03-10 13:53:24.144514,9,-1,2,0,0,0
2025-03-10 13:53:24.189858,10,1,2,0,0,0
2025-03-10 13:53:24.280522,10,2,1,0,0,0
2025-03-10 13:53:24.369703,9,2,2,0,0,0
2025-03-10 13:53:24.415771,9,1,2,0,0,0
2025-03-10 13:53:25.630182,10,-11,3,0,0,0
2025-03-10 13:53:25.674240,12,-14,0,0,0,211
2025-03-10 13:53:25.719313,19,-17,3,0,0,337
2025-03-10 13:53:25.809334,19,-12,3,0,0,437
2025-03-10 13:53:25.900278,14,-3,5,0,0,448
2025-03-10 13:53:25.944670,7,1,2,0,0,343
2025-03-10 13:53:26.035174,-3,3,1,0,0,179
2025-03-10 13:53:26.215182,-19,0,9,0,0,0
2025-03-10 13:53:26.305424,-10,-3,0,0,0,0
2025-03-10 13:53:26.305858,3,0,-5,0,0,0
2025-03-10 13:53:26.350887,8,0,0,0,0,0
2025-03-10 13:53:26.485486,4,0,-1,0,0,0
2025-03-10 13:53:26.574882,-8,-5,1,0,0,0
2025-03-10 13:53:26.575840,-19,-12,8,0,0,-172
2025-03-10 13:53:26.709549,-19,-12,3,0,0,225
2025-03-10 13:53:26.755280,-2,0,-5,0,0,0
2025-03-10 13:53:26.799985,7,-2,-1,0,0,0
2025-03-10 13:53:26.844152,6,2,-2,0,0,0
2025-03-10 13:53:27.025622,0,-1,0,0,0,0
2025-03-10 13:53:27.070272,-9,-6,0,0,0,0
2025-03-10 13:53:27.071337,-16,-8,3,0,0,0
2025-03-10 13:53:27.114169,-19,-12,6,0,0,0
2025-03-10 13:53:27.204473,-14,-7,2,0,0,0
2025-03-10 13:53:27.295417,-4,-1,-1,0,0,0
2025-03-10 13:53:27.340550,-2,0,-1,0,0,0
2025-03-10 13:53:27.429591,0,-1,0,0,0,0
2025-03-10 13:53:27.475132,0,0,0,0,0,0
2025-03-10 13:53:27.567446,1,-4,1,0,0,-231
2025-03-10 13:53:27.655951,4,-8,5,0,0,-281
2025-03-10 13:53:27.700423,9,-11,5,0,0,-297
2025-03-10 13:53:27.835982,11,-14,7,0,0,-295
2025-03-10 13:53:27.880343,14,-10,5,0,0,-330
2025-03-10 13:53:27.880449,13,-11,5,0,0,-353
2025-03-10 13:53:27.971649,10,-8,3,0,0,-233
2025-03-10 13:53:28.104839,10,-5,1,0,0,0
2025-03-10 13:53:28.194610,9,-2,1,0,0,0
2025-03-10 13:53:28.194967,9,0,1,0,0,0
2025-03-10 13:53:28.240625,9,-1,2,0,0,0
2025-03-10 13:53:28.375947,10,1,5,0,0,0
2025-03-10 13:53:28.420402,9,1,3,0,0,0
2025-03-10 13:53:29.994780,11,-14,2,0,0,0
2025-03-10 13:53:30.085044,12,-16,0,0,0,286
2025-03-10 13:53:30.129375,15,-18,0,0,0,366
2025-03-10 13:53:30.265284,15,-15,2,0,0,416
2025-03-10 13:53:30.354061,11,-5,2,0,0,405
2025-03-10 13:53:30.354186,6,1,0,0,0,276
2025-03-10 13:53:30.444150,0,1,1,0,0,0
2025-03-10 13:53:30.536093,-19,-2,6,0,0,0
2025-03-10 13:53:30.625452,-19,-2,4,0,0,0
2025-03-10 13:53:30.625743,-4,-2,-2,0,0,0
2025-03-10 13:53:30.715109,4,0,-3,0,0,0
2025-03-10 13:53:30.849159,5,0,0,0,0,0
2025-03-10 13:53:30.894169,0,-2,-1,0,0,0
2025-03-10 13:53:30.894435,-12,-4,4,0,0,0
2025-03-10 13:53:31.075237,-19,-15,4,0,0,-220
2025-03-10 13:53:31.119471,-19,-10,4,0,0,250
2025-03-10 13:53:31.120182,-6,-1,-1,0,0,0
2025-03-10 13:53:31.209232,4,-2,0,0,0,0
2025-03-10 13:53:31.254236,4,0,-1,0,0,0
2025-03-10 13:53:31.389982,1,0,0,0,0,0
2025-03-10 13:53:31.434979,-3,-2,0,0,0,0
2025-03-10 13:53:31.479187,-14,-9,4,0,0,-208
2025-03-10 13:53:31.570256,-19,-15,5,0,0,0
2025-03-10 13:53:31.660245,-10,-5,2,0,0,0
2025-03-10 13:53:31.704507,-2,0,0,0,0,0
2025-03-10 13:53:31.839579,1,0,0,0,0,-209
2025-03-10 13:53:31.884228,3,-4,1,0,0,-234
2025-03-10 13:53:31.974304,7,-6,2,0,0,-247
2025-03-10 13:53:31.974470,9,-7,4,0,0,-297
2025-03-10 13:53:32.021219,15,-8,7,0,0,-327
2025-03-10 13:53:32.154269,17,-7,4,0,0,-370
2025-03-10 13:53:32.201187,14,-8,0,0,0,-224
2025-03-10 13:53:32.290241,10,-8,0,0,0,0
2025-03-10 13:53:32.425739,9,-5,0,0,0,0
2025-03-10 13:53:32.426118,10,-4,2,0,0,0
2025-03-10 13:53:32.559202,9,-2,2,0,0,0
2025-03-10 13:53:32.649387,9,-2,3,0,0,0
2025-03-10 13:53:32.696013,10,0,3,0,0,0
2025-03-10 13:53:32.784207,9,1,2,0,0,0
2025-03-10 13:53:32.784328,9,0,2,0,0,0
2025-03-10 13:53:34.000009,11,-12,1,0,0,0
2025-03-10 13:53:34.091132,13,-14,-1,0,0,233
2025-03-10 13:53:34.091237,19,-19,0,0,0,344
2025-03-10 13:53:34.180260,19,-14,4,0,0,476
2025-03-10 13:53:34.270355,18,-7,7,0,0,507
2025-03-10 13:53:34.315520,10,2,1,0,0,425
2025-03-10 13:53:34.361362,1,5,-2,0,0,186
2025-03-10 13:53:34.451762,-9,1,2,0,0,0
2025-03-10 13:53:34.584685,-19,0,2,0,0,0
2025-03-10 13:53:34.630999,-18,-3,-1,0,0,0
2025-03-10 13:53:34.631993,0,0,-5,0,0,0
2025-03-10 13:53:34.675477,8,-5,0,0,0,0
2025-03-10 13:53:34.856369,4,0,0,0,0,0
2025-03-10 13:53:34.901026,-4,-3,0,0,0,0
2025-03-10 13:53:34.901711,-19,-5,0,0,0,-177
2025-03-10 13:53:34.990140,-19,-19,14,0,0,0
2025-03-10 13:53:35.124899,-9,-5,-3,0,0,234
2025-03-10 13:53:35.216108,4,0,0,0,0,0
2025-03-10 13:53:35.217672,5,0,-3,0,0,0
2025-03-10 13:53:35.261338,3,1,0,0,0,0
2025-03-10 13:53:35.396027,-3,-4,-1,0,0,0
2025-03-10 13:53:35.530547,-9,-8,4,0,0,0
2025-03-10 13:53:35.531171,-18,-11,2,0,0,-224
2025-03-10 13:53:35.664606,-14,-12,6,0,0,0
2025-03-10 13:53:35.710553,-7,-4,1,0,0,0
2025-03-10 13:53:35.711063,-1,-2,2,0,0,0
2025-03-10 13:53:35.800435,0,-3,2,0,0,-195
2025-03-10 13:53:35.934649,3,-6,3,0,0,-242
2025-03-10 13:53:36.025267,8,-9,3,0,0,-270
2025-03-10 13:53:36.025470,10,-9,2,0,0,-286
2025-03-10 13:53:36.070991,13,-8,3,0,0,-280
2025-03-10 13:53:36.161413,13,-7,2,0,0,-266
2025-03-10 13:53:36.250218,11,-6,1,0,0,0
2025-03-10 13:53:36.296861,10,-5,1,0,0,0
2025-03-10 13:53:36.430453,9,-3,1,0,0,0
2025-03-10 13:53:36.520597,10,-1,1,0,0,0
2025-03-10 13:53:36.521510,9,-1,2,0,0,0
2025-03-10 13:53:36.654566,10,0,1,0,0,0
2025-03-10 13:53:36.702184,10,0,1,0,0,0
2025-03-10 13:53:36.745328,10,0,1,0,0,0
2025-03-10 13:53:37.780460,10,-12,2,0,0,0
2025-03-10 13:53:37.870341,13,-12,0,0,0,195
2025-03-10 13:53:37.916728,16,-18,2,0,0,315
2025-03-10 13:53:38.050384,19,-14,3,0,0,435
2025-03-10 13:53:38.140527,14,-6,5,0,0,428
2025-03-10 13:53:38.140945,8,1,1,0,0,365
2025-03-10 13:53:38.275790,0,3,0,0,0,0
2025-03-10 13:53:38.365416,-17,0,3,0,0,0
2025-03-10 13:53:38.410687,-19,-2,3,0,0,0
2025-03-10 13:53:38.411435,-1,-2,-1,0,0,0
2025-03-10 13:53:38.501145,7,-3,-1,0,0,0
2025-03-10 13:53:38.590616,7,0,-1,0,0,0
2025-03-10 13:53:38.636376,0,-3,-1,0,0,0
2025-03-10 13:53:38.771903,-19,-6,2,0,0,-177
2025-03-10 13:53:38.906483,-19,-19,11,0,0,0
2025-03-10 13:53:38.995493,-14,-9,-1,0,0,251
2025-03-10 13:53:38.995669,-2,-3,-1,0,0,0
2025-03-10 13:53:39.041040,4,0,-2,0,0,0
2025-03-10 13:53:39.131682,4,0,-1,0,0,0
2025-03-10 13:53:39.177268,1,0,-1,0,0,0
2025-03-10 13:53:39.265699,-4,-7,2,0,0,0
2025-03-10 13:53:39.445753,-17,-12,0,0,0,-219
2025-03-10 13:53:39.535376,-19,-18,5,0,0,0
2025-03-10 13:53:39.535685,-13,-5,2,0,0,0
2025-03-10 13:53:39.536107,-4,-4,1,0,0,0
2025-03-10 13:53:39.625634,-1,-1,0,0,0,0
2025-03-10 13:53:39.672282,0,-2,0,0,0,0
2025-03-10 13:53:39.760967,1,-3,2,0,0,0
2025-03-10 13:53:39.806590,6,-5,2,0,0,-272
2025-03-10 13:53:39.941233,13,-8,3,0,0,-362
2025-03-10 13:53:39.986049,16,-9,3,0,0,-353
2025-03-10 13:53:40.030198,19,-10,4,0,0,-395
2025-03-10 13:53:40.165377,13,-10,0,0,0,-257
2025-03-10 13:53:40.212522,10,-6,1,0,0,0
2025-03-10 13:53:40.300966,10,-4,1,0,0,0
2025-03-10 13:53:40.301700,9,-4,0,0,0,0
2025-03-10 13:53:40.435671,9,0,1,0,0,0
2025-03-10 13:53:40.525176,11,1,1,0,0,0
2025-03-10 13:53:40.525379,9,0,2,0,0,0
2025-03-10 13:53:40.616352,9,1,0,0,0,0
2025-03-10 13:53:41.605442,13,-17,3,0,0,0
2025-03-10 13:53:41.652627,19,-14,1,0,0,352
2025-03-10 13:53:41.741208,16,-12,5,0,0,450
2025-03-10 13:53:41.833213,12,-2,2,0,0,435
2025-03-10 13:53:41.920209,5,0,1,0,0,300
2025-03-10 13:53:42.055174,0,4,7,0,0,0
2025-03-10 13:53:42.145211,-19,-15,8,0,0,0
2025-03-10 13:53:42.145487,-10,-5,0,0,0,0
2025-03-10 13:53:42.324099,1,0,-4,0,0,0
2025-03-10 13:53:42.371605,5,0,-2,0,0,0
2025-03-10 13:53:42.371904,3,-2,1,0,0,0
2025-03-10 13:53:42.416264,-6,-4,-2,0,0,0
2025-03-10 13:53:42.594092,-19,-15,5,0,0,0
2025-03-10 13:53:42.640182,-19,-9,6,0,0,0
2025-03-10 13:53:42.640349,-13,-8,0,0,0,0
2025-03-10 13:53:42.730126,0,-2,-1,0,0,0
2025-03-10 13:53:42.864070,4,-1,0,0,0,0
2025-03-10 13:53:42.955633,3,2,-4,0,0,0
2025-03-10 13:53:42.955756,0,-3,-1,0,0,0
2025-03-10 13:53:43.045186,-9,-8,0,0,0,0
2025-03-10 13:53:43.090188,-15,-11,2,0,0,-173
2025-03-10 13:53:43.135103,-19,-10,7,0,0,0
2025-03-10 13:53:43.180245,-7,-3,2,0,0,0
2025-03-10 13:53:43.315065,-1,-2,2,0,0,0
2025-03-10 13:53:43.405384,0,-3,1,0,0,-185
2025-03-10 13:53:43.495477,3,-6,4,0,0,-228
2025-03-10 13:53:43.495851,7,-7,5,0,0,-317
2025-03-10 13:53:43.676140,12,-9,7,0,0,-338
2025-03-10 13:53:43.721212,17,-10,8,0,0,-367
2025-03-10 13:53:43.722165,11,-7,5,0,0,-180
2025-03-10 13:53:43.765226,10,-2,2,0,0,0
2025-03-10 13:53:43.900786,9,-3,2,0,0,0
2025-03-10 13:53:43.990358,9,-4,3,0,0,0
2025-03-10 13:53:43.990570,9,-1,1,0,0,0
2025-03-10 13:53:44.081485,9,-1,3,0,0,0
2025-03-10 13:53:44.127026,10,0,3,0,0,0
2025-03-10 13:53:44.170446,11,0,1,0,0,0
2025-03-10 13:53:44.260560,10,0,2,0,0,0
2025-03-10 13:53:44.394676,9,0,2,0,0,0
2025-03-10 13:53:45.520411,9,-1,1,0,0,0
