2025-03-13 15:59:20.987888,10,5,10,237,43,17
2025-03-13 15:59:21.030072,13,11,8,205,62,-104
2025-03-13 15:59:21.075493,13,7,12,0,54,-252
2025-03-13 15:59:21.164355,12,1,12,0,151,-290
2025-03-13 15:59:21.208897,10,-2,8,0,203,-313
2025-03-13 15:59:21.389812,7,-4,1,-73,219,-297
2025-03-13 15:59:21.435464,3,-4,-5,-164,146,-249
2025-03-13 15:59:21.480275,4,-6,-5,-102,27,-175
2025-03-13 15:59:21.568902,8,-6,-7,-84,-78,-173
2025-03-13 15:59:21.614857,13,-8,-3,-85,-232,-237
2025-03-13 15:59:21.795639,19,-10,-1,-138,-333,-367
2025-03-13 15:59:21.840378,19,-19,-7,-96,-407,-449
2025-03-13 15:59:21.841467,19,-12,-19,290,-684,-257
2025-03-13 15:59:21.929748,19,-6,-19,0,-702,-24
2025-03-13 15:59:21.974062,19,-5,-15,170,-660,-53
2025-03-13 15:59:22.154548,15,-3,-5,202,-384,122
2025-03-13 15:59:22.200465,8,0,2,70,-223,127
2025-03-13 15:59:22.201867,2,0,8,53,-148,80
2025-03-13 15:59:22.290924,-1,1,8,0,-12,49
2025-03-13 15:59:22.333733,-3,0,7,-21,25,-20
2025-03-13 15:59:22.514489,-4,-1,6,0,60,-57
2025-03-13 15:59:22.559816,-5,-2,4,28,58,-94
2025-03-13 15:59:22.560896,-3,-3,4,94,114,-107
2025-03-13 15:59:22.650891,-2,-2,1,103,126,-132
2025-03-13 15:59:22.694892,-1,-4,0,108,75,-189
2025-03-13 15:59:22.783888,0,-7,1,107,43,-241
2025-03-13 15:59:22.873634,4,-9,2,47,12,-273
2025-03-13 15:59:22.918836,9,-11,2,-27,0,-325
2025-03-13 15:59:23.009609,11,-13,0,-124,102,-282
2025-03-13 15:59:23.100802,13,-14,0,-18,51,-287
2025-03-13 15:59:23.145171,12,-11,0,-32,51,-231
2025-03-13 15:59:23.235114,11,-8,1,-49,16,-175
2025-03-13 15:59:23.280062,11,-7,1,-84,35,-152
2025-03-13 15:59:23.369455,10,-7,0,-183,0,-107
2025-03-13 15:59:23.504742,9,-7,3,-114,18,-48
2025-03-13 15:59:23.595740,9,-4,1,-115,28,10
2025-03-13 15:59:23.596624,8,-2,3,-86,19,36
2025-03-13 15:59:23.640026,9,-2,2,-30,13,0
2025-03-13 15:59:23.684028,8,-2,3,0,-12,27
2025-03-13 15:59:23.730894,9,-1,3,38,-14,22
2025-03-13 15:59:27.149828,9,-7,12,159,-146,95
2025-03-13 15:59:27.239337,16,-1,14,489,110,0
2025-03-13 15:59:27.330442,12,3,10,161,220,-89
2025-03-13 15:59:27.419789,14,-4,14,78,291,-167
2025-03-13 15:59:27.465477,10,-6,9,113,311,-172
2025-03-13 15:59:27.508826,8,-5,4,100,315,-190
2025-03-13 15:59:27.554358,5,-4,-3,27,223,-200
2025-03-13 15:59:27.643797,3,-6,-7,-52,99,-196
2025-03-13 15:59:27.779571,8,-4,-8,-63,-43,-250
2025-03-13 15:59:27.824677,13,-5,-7,-101,-222,-303
2025-03-13 15:59:27.915453,19,-9,-6,-128,-346,-385
2025-03-13 15:59:27.959807,19,-19,-12,-128,-455,-400
2025-03-13 15:59:28.004707,19,-14,-16,110,-595,-344
2025-03-13 15:59:28.095243,19,-5,-19,165,-614,-188
2025-03-13 15:59:28.185513,19,-2,-19,0,-512,-67
2025-03-13 15:59:28.229921,19,-4,-14,222,-565,-103
2025-03-13 15:59:28.274686,18,-4,-6,213,-425,120
2025-03-13 15:59:28.365288,11,0,6,201,-220,197
2025-03-13 15:59:28.499789,3,4,7,53,-46,133
2025-03-13 15:59:28.544200,-1,1,8,-55,19,11
2025-03-13 15:59:28.545033,-3,0,7,-49,57,-27
2025-03-13 15:59:28.634376,-4,-2,4,0,78,-92
2025-03-13 15:59:28.679129,-2,-3,2,0,106,-132
2025-03-13 15:59:28.769824,-1,-5,0,30,153,-138
2025-03-13 15:59:28.905716,-2,-9,-2,69,173,-151
2025-03-13 15:59:28.994696,0,-9,-3,78,178,-165
2025-03-13 15:59:28.995807,3,-9,-2,96,125,-184
2025-03-13 15:59:29.041908,7,-10,-2,121,105,-217
2025-03-13 15:59:29.130157,9,-12,1,180,30,-265
2025-03-13 15:59:29.263927,13,-11,0,81,43,-336
2025-03-13 15:59:29.354966,12,-11,2,-96,17,-247
2025-03-13 15:59:29.355585,13,-7,1,-79,16,-219
2025-03-13 15:59:29.399876,12,-6,1,-115,91,-204
2025-03-13 15:59:29.489690,11,-5,0,-232,0,-199
2025-03-13 15:59:29.669977,9,-6,0,-276,-28,-79
2025-03-13 15:59:29.714811,9,-5,2,-132,-29,9
2025-03-13 15:59:29.715889,8,-3,3,61,-34,53
2025-03-13 15:59:29.805873,10,-2,2,160,-44,55
2025-03-13 15:59:29.848844,9,0,2,121,-15,52
2025-03-13 15:59:29.939761,9,0,2,28,0,48
2025-03-13 15:59:30.975989,12,0,10,426,160,6
2025-03-13 15:59:31.064671,12,3,11,284,177,-104
2025-03-13 15:59:31.110100,11,0,14,112,209,-221
2025-03-13 15:59:31.153913,11,-1,13,88,259,-260
2025-03-13 15:59:31.289635,6,-4,5,61,252,-241
2025-03-13 15:59:31.335777,3,-4,-3,0,199,-209
2025-03-13 15:59:31.379976,4,-4,-6,-121,72,-260
2025-03-13 15:59:31.468902,4,-6,-7,-111,42,-209
2025-03-13 15:59:31.514005,15,-7,-6,-51,-164,-269
2025-03-13 15:59:31.603894,19,-14,-4,-44,-430,-324
2025-03-13 15:59:31.693914,19,-16,-11,-30,-614,-398
2025-03-13 15:59:31.829784,19,-11,-19,55,-673,-334
2025-03-13 15:59:31.877163,19,-5,-19,129,-635,-145
2025-03-13 15:59:31.878518,19,-7,-16,192,-580,-10
2025-03-13 15:59:31.964584,18,-4,-7,181,-415,174
2025-03-13 15:59:32.009838,13,-1,0,155,-270,205
2025-03-13 15:59:32.190276,6,4,5,140,-112,146
2025-03-13 15:59:32.234824,0,5,7,-19,-11,79
2025-03-13 15:59:32.236586,-2,2,8,-26,15,-27
2025-03-13 15:59:32.279559,-3,0,5,25,72,-99
2025-03-13 15:59:32.369143,-3,-2,3,74,87,-151
2025-03-13 15:59:32.458797,-1,-4,0,130,126,-200
2025-03-13 15:59:32.505048,0,-7,0,147,99,-207
2025-03-13 15:59:32.594486,1,-10,0,115,54,-236
2025-03-13 15:59:32.639037,2,-11,0,91,83,-256
2025-03-13 15:59:32.684880,6,-13,0,44,24,-302
2025-03-13 15:59:32.773873,8,-14,1,39,0,-261
2025-03-13 15:59:32.867851,7,-16,1,0,80,-178
2025-03-13 15:59:32.954703,7,-11,2,89,0,-162
2025-03-13 15:59:33.043885,8,-11,4,106,44,-192
2025-03-13 15:59:33.134134,6,-8,4,99,60,-138
2025-03-13 15:59:33.134628,7,-6,5,-32,-12,-92
2025-03-13 15:59:33.180171,7,-7,6,-99,-13,-76
2025-03-13 15:59:33.268819,7,-5,5,-30,24,-17
2025-03-13 15:59:33.314555,7,-3,4,-21,0,-13
2025-03-13 15:59:33.450046,7,-3,5,0,13,6
2025-03-13 15:59:33.541349,8,-2,5,0,0,16
2025-03-13 15:59:33.542583,8,-2,5,24,0,14
2025-03-13 15:59:33.585895,8,-2,4,24,0,14
2025-03-13 15:59:33.630062,8,-1,4,-19,0,8
2025-03-13 15:59:34.800715,14,4,6,102,-78,-204
2025-03-13 15:59:34.845552,16,1,9,0,0,-264
2025-03-13 15:59:34.847015,15,-2,10,-144,121,-311
2025-03-13 15:59:34.935512,11,-6,6,-203,238,-274
2025-03-13 15:59:34.978810,6,-7,0,-230,260,-214
2025-03-13 15:59:35.069982,6,-7,-10,-309,151,-232
2025-03-13 15:59:35.249941,12,-5,-8,-57,-123,-216
2025-03-13 15:59:35.295108,19,-10,-7,-28,-449,-194
2025-03-13 15:59:35.296539,19,-17,-9,20,-489,-52
2025-03-13 15:59:35.384762,19,-5,-19,0,-671,-89
2025-03-13 15:59:35.428720,19,-3,-19,-21,-632,-106
2025-03-13 15:59:35.518808,19,-4,-16,178,-660,-46
2025-03-13 15:59:35.608914,19,-5,-4,153,-454,141
2025-03-13 15:59:35.654695,9,-1,6,169,-238,183
2025-03-13 15:59:35.745158,5,4,8,74,-112,129
2025-03-13 15:59:35.790959,0,3,9,-23,-16,32
2025-03-13 15:59:35.878755,-3,1,8,0,44,-42
2025-03-13 15:59:35.924848,-4,0,7,0,69,-76
2025-03-13 15:59:35.968932,-4,0,4,0,93,-121
2025-03-13 15:59:36.105327,-2,-3,3,25,128,-161
2025-03-13 15:59:36.194671,0,-4,0,28,178,-199
2025-03-13 15:59:36.239959,3,-5,-3,-27,249,-212
2025-03-13 15:59:36.240518,6,-8,-4,-67,262,-226
2025-03-13 15:59:36.330024,10,-9,-5,-46,254,-176
2025-03-13 15:59:36.419310,12,-11,-8,-64,247,-187
2025-03-13 15:59:36.465613,15,-10,-10,-108,304,-133
2025-03-13 15:59:36.645241,13,-11,-7,0,256,-140
2025-03-13 15:59:36.734700,13,-10,-5,55,203,-86
2025-03-13 15:59:36.736459,13,-5,-6,42,206,-64
2025-03-13 15:59:36.738362,8,-7,-2,0,87,-36
2025-03-13 15:59:36.824803,10,-5,0,0,22,0
2025-03-13 15:59:36.869854,9,-4,0,0,0,-6
2025-03-13 15:59:36.914731,8,-3,0,0,0,14
2025-03-13 15:59:37.139683,8,-3,1,0,-13,7
2025-03-13 15:59:37.185650,8,-3,2,0,-37,0
2025-03-13 15:59:37.186767,8,-3,2,0,-21,-12
2025-03-13 15:59:37.231324,9,-3,3,0,-20,-9
2025-03-13 15:59:37.274773,9,-3,3,19,-18,0
2025-03-13 15:59:37.364251,9,-3,3,24,-17,-7
2025-03-13 15:59:37.589838,9,-3,2,0,-23,-7
2025-03-13 15:59:38.624912,11,2,9,0,206,-126
2025-03-13 15:59:38.669714,10,1,7,-56,262,-162
2025-03-13 15:59:38.670579,5,0,4,-76,287,-183
2025-03-13 15:59:38.760569,1,-1,2,0,214,-151
2025-03-13 15:59:38.804945,0,0,-1,33,126,-183
2025-03-13 15:59:38.848719,4,-3,-4,-113,0,-296
2025-03-13 15:59:38.939446,12,-8,-6,-206,-104,-377
2025-03-13 15:59:39.029821,19,-13,-6,-140,-326,-362
2025-03-13 15:59:39.074013,19,-7,-12,229,-481,-305
2025-03-13 15:59:39.164041,19,0,-19,226,-666,-155
2025-03-13 15:59:39.254766,19,2,-19,50,-675,-103
2025-03-13 15:59:39.300364,19,2,-19,246,-707,-128
2025-03-13 15:59:39.389982,19,0,-11,216,-530,76
2025-03-13 15:59:39.433863,14,0,3,150,-276,129
2025-03-13 15:59:39.570005,8,1,7,138,-140,97
2025-03-13 15:59:39.661405,2,2,8,36,-22,35
2025-03-13 15:59:39.705085,0,0,10,0,0,-66
2025-03-13 15:59:39.749295,0,-2,9,91,71,-133
2025-03-13 15:59:39.794904,2,-5,7,190,166,-181
2025-03-13 15:59:39.884139,1,-6,3,251,142,-229
2025-03-13 15:59:39.930049,1,-6,2,108,30,-268
2025-03-13 15:59:40.109680,2,-11,1,-99,44,-313
2025-03-13 15:59:40.155499,7,-15,1,-108,96,-296
2025-03-13 15:59:40.156684,9,-15,-2,0,137,-287
2025-03-13 15:59:40.244770,9,-14,-2,-46,125,-251
2025-03-13 15:59:40.289608,9,-12,-2,0,116,-219
2025-03-13 15:59:40.380001,9,-9,0,57,29,-162
2025-03-13 15:59:40.514450,10,-7,0,0,-29,-138
2025-03-13 15:59:40.561299,9,-6,1,-80,0,-122
2025-03-13 15:59:40.652009,9,-6,2,-73,0,-104
2025-03-13 15:59:40.693711,9,-6,1,-115,0,-55
2025-03-13 15:59:40.785401,9,-5,2,-134,0,12
2025-03-13 15:59:40.919513,9,-4,2,-51,21,28
2025-03-13 15:59:41.009670,8,-3,2,0,0,29
2025-03-13 15:59:41.055530,9,-3,1,0,0,32
2025-03-13 15:59:41.056365,9,-2,2,0,0,24
2025-03-13 15:59:41.145018,9,-2,1,0,0,25
2025-03-13 15:59:41.233881,9,-3,2,33,0,26
2025-03-13 15:59:41.280779,8,-3,2,47,-14,0
2025-03-13 15:59:41.414540,9,-3,2,45,-21,-14
2025-03-13 15:59:42.359587,13,0,8,0,315,-232
2025-03-13 15:59:42.449674,9,-3,3,-89,309,-257
2025-03-13 15:59:42.496310,7,-4,-2,-98,291,-212
2025-03-13 15:59:42.583952,6,-5,-8,-188,164,-289
2025-03-13 15:59:42.764320,11,-4,-8,-64,-25,-301
2025-03-13 15:59:42.766326,18,-4,-8,0,-151,-270
2025-03-13 15:59:42.766997,19,-9,-8,54,-530,-341
2025-03-13 15:59:42.854998,19,-8,-16,68,-704,-308
2025-03-13 15:59:42.901188,19,-1,-19,185,-771,-320
2025-03-13 15:59:42.989041,19,0,-19,-29,-674,-104
2025-03-13 15:59:43.035035,19,-4,-19,177,-669,-109
2025-03-13 15:59:43.169480,19,-4,-8,243,-486,112
2025-03-13 15:59:43.260896,13,1,5,200,-172,176
2025-03-13 15:59:43.262013,6,5,7,39,-52,115
2025-03-13 15:59:43.349274,-1,2,8,-47,39,44
2025-03-13 15:59:43.394794,-4,0,6,-43,58,-28
2025-03-13 15:59:43.529826,-5,-1,5,0,51,-87
2025-03-13 15:59:43.618890,-3,-2,3,86,58,-130
2025-03-13 15:59:43.709884,-3,-3,2,203,27,-165
2025-03-13 15:59:43.710104,-3,-5,1,158,0,-187
2025-03-13 15:59:43.754368,-1,-9,5,61,0,-199
2025-03-13 15:59:43.843981,0,-9,3,45,75,-237
2025-03-13 15:59:43.979259,2,-10,2,55,99,-273
2025-03-13 15:59:44.069104,3,-12,0,0,81,-352
2025-03-13 15:59:44.114943,6,-15,5,0,-21,-340
2025-03-13 15:59:44.158787,12,-12,2,-39,42,-310
2025-03-13 15:59:44.293901,11,-11,1,-152,30,-249
2025-03-13 15:59:44.385090,10,-11,1,-119,57,-141
2025-03-13 15:59:44.386369,9,-6,0,-78,39,-72
2025-03-13 15:59:44.474870,8,-6,1,-121,0,-41
2025-03-13 15:59:44.519742,9,-5,1,-98,0,-24
2025-03-13 15:59:44.699898,8,-5,1,-61,0,0
2025-03-13 15:59:44.744703,8,-4,2,0,-20,24
2025-03-13 15:59:44.835308,9,-3,2,24,-22,19
2025-03-13 15:59:44.836102,9,-3,2,0,-12,14
2025-03-13 15:59:44.882491,8,-3,2,0,0,13
2025-03-13 15:59:44.969888,9,-3,2,0,0,0
2025-03-13 15:59:45.196412,9,-3,1,0,0,0
2025-03-13 15:59:45.196992,9,-3,1,0,0,-9
2025-03-13 15:59:45.197527,9,-3,1,0,0,-5
2025-03-13 15:59:46.230007,10,-4,18,114,335,-151
2025-03-13 15:59:46.320780,9,-2,7,143,279,-211
2025-03-13 15:59:46.321880,5,-5,0,40,200,-225
2025-03-13 15:59:46.408801,4,-3,-5,27,102,-234
2025-03-13 15:59:46.454304,8,-3,-9,-43,48,-296
2025-03-13 15:59:46.544706,14,-5,-7,-46,-157,-332
2025-03-13 15:59:46.635340,19,-11,-9,-153,-371,-453
2025-03-13 15:59:46.679819,19,-19,-14,-69,-443,-361
2025-03-13 15:59:46.769636,19,-13,-19,205,-741,-314
2025-03-13 15:59:46.813985,19,-10,-19,-44,-632,-105
2025-03-13 15:59:47.039451,19,-9,-19,86,-649,-50
2025-03-13 15:59:47.129413,19,-5,-11,186,-550,29
2025-03-13 15:59:47.130284,16,0,4,101,-275,167
2025-03-13 15:59:47.130950,9,4,9,107,-47,126
2025-03-13 15:59:47.218863,-2,4,7,-22,52,71
2025-03-13 15:59:47.353972,-3,0,6,0,106,-45
2025-03-13 15:59:47.399896,-3,-1,3,61,104,-98
2025-03-13 15:59:47.400895,-2,-3,1,133,99,-147
2025-03-13 15:59:47.489511,-1,-7,0,148,114,-188
2025-03-13 15:59:47.534092,1,-9,-2,203,140,-238
2025-03-13 15:59:47.669524,3,-11,-1,178,112,-249
2025-03-13 15:59:47.759094,6,-12,0,153,69,-289
2025-03-13 15:59:47.759734,8,-13,2,136,31,-277
2025-03-13 15:59:47.803922,10,-13,2,92,0,-273
2025-03-13 15:59:47.893966,11,-13,3,0,-23,-250
2025-03-13 15:59:48.029652,9,-12,3,-33,0,-178
2025-03-13 15:59:48.074752,10,-10,3,0,0,-140
2025-03-13 15:59:48.165568,8,-7,2,-67,29,-81
2025-03-13 15:59:48.166501,8,-6,3,-85,25,-54
2025-03-13 15:59:48.209719,8,-5,3,-65,23,-43
2025-03-13 15:59:48.389529,8,-5,3,-66,0,-7
2025-03-13 15:59:48.436289,8,-4,3,-24,-12,19
2025-03-13 15:59:48.437580,9,-3,3,0,-14,34
2025-03-13 15:59:48.524746,9,-3,3,0,0,41
2025-03-13 15:59:48.570074,9,-2,3,0,0,35
2025-03-13 15:59:48.704892,9,-2,3,0,0,23
2025-03-13 15:59:48.750675,8,-2,3,0,0,17
2025-03-13 15:59:48.796090,8,-3,3,0,-13,0
2025-03-13 15:59:48.841175,8,-3,3,19,0,0
2025-03-13 15:59:48.930817,8,-3,3,0,0,-8
2025-03-13 15:59:50.190065,13,-4,-9,63,-127,-210
2025-03-13 15:59:50.279905,19,-8,-11,-57,-455,-400
2025-03-13 15:59:50.415114,19,-16,-14,195,-667,-338
2025-03-13 15:59:50.548882,19,-2,-19,369,-802,-79
2025-03-13 15:59:50.549556,19,-4,-19,-82,-680,39
2025-03-13 15:59:50.595663,19,-3,-19,219,-681,-53
2025-03-13 15:59:50.774377,19,-2,-14,287,-531,85
2025-03-13 15:59:50.820690,14,0,1,191,-292,204
2025-03-13 15:59:50.822014,7,2,7,94,-81,147
2025-03-13 15:59:50.865943,3,2,10,0,-39,54
2025-03-13 15:59:50.954969,1,3,11,34,-13,-50
2025-03-13 15:59:51.044387,1,0,11,80,26,-136
2025-03-13 15:59:51.089943,1,-1,7,113,95,-206
2025-03-13 15:59:51.135401,0,-3,4,154,104,-253
2025-03-13 15:59:51.225629,1,-5,4,162,-12,-309
2025-03-13 15:59:51.271041,3,-7,4,69,-23,-340
2025-03-13 15:59:51.359129,6,-10,5,-55,-41,-341
2025-03-13 15:59:51.449111,11,-13,4,-98,0,-346
2025-03-13 15:59:51.494925,11,-16,1,-188,57,-294
2025-03-13 15:59:51.628689,11,-13,0,-112,79,-248
2025-03-13 15:59:51.718638,11,-9,-2,-169,71,-217
2025-03-13 15:59:51.718810,10,-11,1,-98,39,-139
2025-03-13 15:59:51.809484,10,-7,0,-60,20,-80
2025-03-13 15:59:51.900875,9,-6,0,-82,48,-47
2025-03-13 15:59:51.943820,8,-4,0,-79,30,-46
2025-03-13 15:59:52.033718,9,-5,1,-122,0,-55
2025-03-13 15:59:52.080040,9,-5,1,-90,0,-17
2025-03-13 15:59:52.213678,9,-5,1,0,0,12
2025-03-13 15:59:52.303848,9,-4,2,30,0,17
2025-03-13 15:59:52.304152,9,-3,1,29,0,37
2025-03-13 15:59:52.395088,9,-2,1,0,0,24
2025-03-13 15:59:52.529298,9,-3,2,0,0,13
2025-03-13 15:59:52.574642,9,-4,1,0,0,18
2025-03-13 15:59:52.575785,9,-3,1,0,0,12
2025-03-13 15:59:52.619360,8,-4,1,0,0,13
2025-03-13 15:59:52.709024,8,-4,1,20,0,6
2025-03-13 15:59:52.799037,9,-4,1,0,0,12
2025-03-13 15:59:52.846026,9,-4,2,0,0,14
2025-03-13 15:59:52.934192,8,-4,2,0,0,13
2025-03-13 15:59:52.979943,8,-4,2,22,0,10
2025-03-13 15:59:54.329757,14,-8,-3,-26,-217,-242
2025-03-13 15:59:54.373890,19,-11,-5,36,-448,-309
2025-03-13 15:59:54.464764,19,-5,-16,89,-671,-311
2025-03-13 15:59:54.599042,19,0,-19,0,-593,-230
2025-03-13 15:59:54.689808,19,0,-19,43,-723,-191
2025-03-13 15:59:54.691468,19,-4,-19,138,-674,-64
2025-03-13 15:59:54.734973,19,-4,-4,53,-458,81
2025-03-13 15:59:54.869043,15,-4,4,47,-335,118
2025-03-13 15:59:54.915929,8,-1,10,85,-171,117
2025-03-13 15:59:54.917545,4,1,15,102,-14,59
2025-03-13 15:59:55.004863,1,4,13,160,57,-51
2025-03-13 15:59:55.139721,-1,3,9,117,58,-170
2025-03-13 15:59:55.229613,0,-2,8,58,55,-237
2025-03-13 15:59:55.230447,0,-6,4,81,139,-251
2025-03-13 15:59:55.318962,0,-8,3,141,119,-267
2025-03-13 15:59:55.410252,2,-8,1,106,102,-290
2025-03-13 15:59:55.455108,6,-10,0,-57,153,-322
2025-03-13 15:59:55.503600,9,-13,-1,-90,191,-310
2025-03-13 15:59:55.588665,14,-12,-5,-88,214,-279
2025-03-13 15:59:55.724348,14,-14,-5,-98,180,-226
2025-03-13 15:59:55.814625,13,-10,-8,-89,136,-238
2025-03-13 15:59:55.815728,11,-9,-2,0,110,-120
2025-03-13 15:59:55.860234,12,-5,-4,-50,92,-127
2025-03-13 15:59:55.995022,11,-6,-2,-123,136,-108
2025-03-13 15:59:56.084740,9,-5,-2,-119,77,-36
2025-03-13 15:59:56.264558,8,-5,-1,-45,-22,0
2025-03-13 15:59:56.265324,9,-4,0,40,-82,28
2025-03-13 15:59:56.310864,10,-3,1,65,-102,40
2025-03-13 15:59:56.312196,10,-2,0,82,-95,41
2025-03-13 15:59:56.400947,10,-2,0,28,-60,62
2025-03-13 15:59:56.444453,10,-2,1,0,-59,41
2025-03-13 15:59:56.535845,9,-2,1,23,-44,31
2025-03-13 15:59:56.579763,9,-3,0,22,-14,0
2025-03-13 15:59:56.669635,9,-3,0,0,0,-13
2025-03-13 15:59:56.804989,9,-4,0,0,0,-9
2025-03-13 15:59:56.849697,8,-4,0,0,15,-17
2025-03-13 15:59:56.894376,9,-4,0,0,0,-16
2025-03-13 15:59:56.939873,9,-4,0,0,0,-11
2025-03-13 15:59:57.073907,9,-4,0,0,0,-6
2025-03-13 15:59:57.164294,9,-4,0,0,0,0
2025-03-13 15:59:58.157967,13,-4,10,-57,273,-201
2025-03-13 15:59:58.289562,11,-4,5,-19,313,-185
2025-03-13 15:59:58.380113,7,-5,0,-52,296,-166
2025-03-13 15:59:58.381877,7,-3,-5,-86,229,-202
2025-03-13 15:59:58.424935,10,-3,-10,-172,179,-243
2025-03-13 15:59:58.469431,13,-4,-10,-197,21,-276
2025-03-13 15:59:58.559477,19,-8,-6,48,-220,-371
2025-03-13 15:59:58.649736,19,-19,-3,56,-462,-351
2025-03-13 15:59:58.694776,19,-13,-7,141,-739,-355
2025-03-13 15:59:58.739260,19,-8,-15,0,-731,-309
2025-03-13 15:59:58.874582,19,-9,-17,0,-744,-222
2025-03-13 15:59:58.964649,19,-5,-11,217,-685,-89
2025-03-13 15:59:58.965679,17,-2,4,137,-352,134
2025-03-13 15:59:59.189707,9,0,8,74,-151,129
2025-03-13 15:59:59.234635,3,0,9,20,-16,110
2025-03-13 15:59:59.235741,-1,1,9,0,0,18
2025-03-13 15:59:59.236601,-2,2,9,53,40,-58
2025-03-13 15:59:59.323758,-2,0,7,88,128,-133
2025-03-13 15:59:59.414642,0,-2,3,70,157,-193
2025-03-13 15:59:59.460125,1,-5,0,74,199,-227
2025-03-13 15:59:59.504624,4,-8,-2,44,218,-258
2025-03-13 15:59:59.593921,8,-10,-7,-52,287,-244
2025-03-13 15:59:59.729645,12,-12,-10,-64,250,-213
2025-03-13 15:59:59.820555,12,-14,-9,-48,232,-158
2025-03-13 15:59:59.821776,14,-10,-9,19,270,-144
2025-03-13 15:59:59.864911,12,-9,-7,50,156,-152
2025-03-13 16:00:00.044874,10,-9,-5,110,86,-102
2025-03-13 16:00:00.090010,10,-8,-2,80,60,-96
2025-03-13 16:00:00.091449,9,-6,-1,-40,47,-41
2025-03-13 16:00:00.179910,8,-5,0,-109,31,-44
2025-03-13 16:00:00.315058,9,-4,1,-115,14,-25
2025-03-13 16:00:00.359857,8,-3,2,-47,-12,7
2025-03-13 16:00:00.449781,9,-3,2,41,-14,0
2025-03-13 16:00:00.493906,9,-2,1,48,0,14
2025-03-13 16:00:00.629638,9,-2,2,22,0,15
2025-03-13 16:00:00.720969,9,-2,2,0,-11,11
2025-03-13 16:00:00.722063,9,-2,2,0,0,13
2025-03-13 16:00:00.809892,9,-2,2,0,0,10
2025-03-13 16:00:00.899691,9,-2,2,0,0,8
2025-03-13 16:00:00.945876,9,-2,2,0,0,8
2025-03-13 16:00:01.934822,11,0,10,-20,254,-179
2025-03-13 16:00:02.114753,7,-2,5,0,275,-204
2025-03-13 16:00:02.159880,4,-4,2,-40,249,-222
2025-03-13 16:00:02.204248,1,-3,-1,-96,197,-198
2025-03-13 16:00:02.204899,4,-4,-2,-80,120,-206
2025-03-13 16:00:02.293934,9,-4,-7,-143,28,-312
2025-03-13 16:00:02.429560,16,-6,-5,-60,-123,-362
2025-03-13 16:00:02.475031,19,-13,-2,80,-435,-330
2025-03-13 16:00:02.476172,19,-14,-7,161,-611,-313
2025-03-13 16:00:02.520146,19,-8,-15,160,-647,-266
2025-03-13 16:00:02.608963,19,-8,-19,0,-598,-142
2025-03-13 16:00:02.744028,19,-7,-19,54,-647,-61
2025-03-13 16:00:02.790655,19,-5,-5,148,-534,38
2025-03-13 16:00:02.791767,10,0,4,128,-189,172
2025-03-13 16:00:02.879380,1,1,4,0,-95,98
2025-03-13 16:00:03.013995,-2,0,7,0,-55,30
2025-03-13 16:00:03.104965,-4,0,5,31,21,-11
2025-03-13 16:00:03.106034,-4,-1,4,90,51,-84
2025-03-13 16:00:03.149842,-1,-4,2,161,95,-136
2025-03-13 16:00:03.238949,0,-6,0,258,117,-192
2025-03-13 16:00:03.329042,0,-8,0,227,78,-239
2025-03-13 16:00:03.376396,5,-11,2,92,-14,-298
2025-03-13 16:00:03.509272,8,-13,3,94,0,-296
2025-03-13 16:00:03.644376,9,-13,5,105,-51,-309
2025-03-13 16:00:03.689832,13,-13,3,-27,-27,-285
2025-03-13 16:00:03.734376,11,-12,5,0,-58,-172
2025-03-13 16:00:03.780720,9,-8,4,-26,0,-100
2025-03-13 16:00:03.913957,8,-6,4,-79,13,-67
2025-03-13 16:00:04.004056,8,-6,4,-68,-13,-61
2025-03-13 16:00:04.004399,8,-4,3,-34,0,-33
2025-03-13 16:00:04.185664,9,-3,3,-70,23,8
2025-03-13 16:00:04.229650,9,-4,4,-28,13,32
2025-03-13 16:00:04.275646,8,-2,3,19,19,41
2025-03-13 16:00:04.276745,8,-2,3,0,14,28
2025-03-13 16:00:04.364671,8,-3,3,0,0,14
2025-03-13 16:00:04.454175,9,-2,3,24,0,7
2025-03-13 16:00:04.502605,9,-2,3,-22,0,0
2025-03-13 16:00:04.589530,8,-2,3,0,0,0
2025-03-13 16:00:04.632880,8,-2,3,0,0,-9
2025-03-13 16:00:04.769376,8,-3,4,0,0,-10
2025-03-13 16:00:05.714781,13,-1,11,-152,274,-223
2025-03-13 16:00:05.806256,8,-2,4,-99,323,-174
2025-03-13 16:00:05.893834,4,-3,0,-82,267,-125
2025-03-13 16:00:05.939806,4,-3,-4,-61,142,-167
2025-03-13 16:00:06.028729,5,-5,-5,-80,25,-183
2025-03-13 16:00:06.075116,10,-5,-5,0,-123,-231
2025-03-13 16:00:06.209202,19,-9,-8,-135,-356,-377
2025-03-13 16:00:06.299783,19,-17,-11,0,-490,-310
2025-03-13 16:00:06.344555,19,-13,-16,323,-655,-147
2025-03-13 16:00:06.345479,19,-2,-19,41,-733,-25
2025-03-13 16:00:06.524797,19,-8,-19,-24,-664,-57
2025-03-13 16:00:06.570608,19,-4,-11,262,-595,40
2025-03-13 16:00:06.571708,16,-2,3,79,-278,214
2025-03-13 16:00:06.614637,9,0,7,63,-155,172
2025-03-13 16:00:06.794615,2,1,10,0,-57,121
2025-03-13 16:00:06.887572,0,2,9,60,25,9
2025-03-13 16:00:06.890797,-1,0,8,154,32,-93
2025-03-13 16:00:07.018830,-1,-2,5,251,51,-145
2025-03-13 16:00:07.064501,-2,-2,2,318,16,-205
2025-03-13 16:00:07.110402,0,-2,2,278,-83,-281
2025-03-13 16:00:07.154867,2,-5,3,0,-60,-352
2025-03-13 16:00:07.199664,6,-11,6,-96,-36,-347
2025-03-13 16:00:07.290639,9,-15,4,-34,15,-362
2025-03-13 16:00:07.379050,13,-17,4,0,-33,-386
2025-03-13 16:00:07.424576,12,-12,3,-18,0,-279
2025-03-13 16:00:07.560873,11,-11,2,-77,-22,-205
2025-03-13 16:00:07.649796,10,-8,3,-31,-19,-123
2025-03-13 16:00:07.650958,10,-5,2,-46,0,-91
2025-03-13 16:00:07.740068,9,-5,2,-105,0,-72
2025-03-13 16:00:07.828928,8,-4,2,-125,0,-43
2025-03-13 16:00:07.874507,9,-3,2,-135,0,0
2025-03-13 16:00:07.920852,9,-3,3,-68,0,28
2025-03-13 16:00:08.099533,9,-2,2,41,0,18
2025-03-13 16:00:08.189406,9,-1,2,22,-20,19
2025-03-13 16:00:08.190117,9,-2,3,0,0,13
2025-03-13 16:00:08.234945,9,-1,3,0,0,13
2025-03-13 16:00:08.325660,9,-2,2,0,0,9
2025-03-13 16:00:08.369741,9,-2,2,0,0,7
2025-03-13 16:00:08.413974,9,-2,2,0,0,9
2025-03-13 16:00:08.503772,9,-2,2,0,0,7
2025-03-13 16:00:10.170051,10,-5,10,303,17,41
2025-03-13 16:00:10.259417,16,2,9,517,219,-8
2025-03-13 16:00:10.348993,12,12,6,-69,185,-204
2025-03-13 16:00:10.438998,12,0,9,-227,258,-261
2025-03-13 16:00:10.486149,8,-2,3,-166,306,-192
2025-03-13 16:00:10.529602,4,-3,0,-118,271,-153
2025-03-13 16:00:10.664627,6,-3,-2,-72,194,-177
2025-03-13 16:00:10.709938,10,-3,-9,-142,122,-232
2025-03-13 16:00:10.754661,13,-4,-10,-171,-49,-297
2025-03-13 16:00:10.800331,19,-7,-8,65,-403,-303
2025-03-13 16:00:10.980108,19,-10,-14,168,-620,-331
2025-03-13 16:00:11.026071,19,-9,-19,0,-728,-250
2025-03-13 16:00:11.027758,19,-13,-19,34,-679,-166
2025-03-13 16:00:11.069917,19,-11,-17,109,-657,-24
2025-03-13 16:00:11.250870,19,-5,-6,178,-483,112
2025-03-13 16:00:11.294518,12,0,6,170,-185,195
2025-03-13 16:00:11.295603,4,4,7,34,-96,144
2025-03-13 16:00:11.474622,0,3,9,0,-50,16
2025-03-13 16:00:11.520570,0,2,9,60,-11,-77
2025-03-13 16:00:11.521813,0,0,7,73,74,-153
2025-03-13 16:00:11.565155,0,-3,5,115,125,-197
2025-03-13 16:00:11.699346,2,-5,0,191,129,-277
2025-03-13 16:00:11.744742,4,-11,0,24,103,-327
2025-03-13 16:00:11.790627,9,-14,0,0,141,-309
2025-03-13 16:00:11.970305,12,-15,-2,-69,139,-333
2025-03-13 16:00:12.015919,14,-17,-3,-54,166,-276
2025-03-13 16:00:12.017077,12,-14,-2,48,132,-225
2025-03-13 16:00:12.103668,12,-10,-1,0,58,-163
2025-03-13 16:00:12.194132,8,-9,0,21,73,-133
2025-03-13 16:00:12.240037,10,-6,2,46,35,-117
2025-03-13 16:00:12.283583,8,-4,2,0,41,-63
2025-03-13 16:00:12.373675,8,-4,3,-94,0,-63
2025-03-13 16:00:12.465034,8,-4,5,-25,0,-14
2025-03-13 16:00:12.510777,8,-2,4,-26,16,0
2025-03-13 16:00:12.599442,8,-2,4,-41,0,18
2025-03-13 16:00:12.735396,8,-1,4,0,0,23
2025-03-13 16:00:12.825730,8,-1,4,0,0,11
2025-03-13 16:00:12.827960,8,-1,4,0,-12,12
2025-03-13 16:00:12.961135,8,-1,4,0,0,6
2025-03-13 16:00:14.444723,8,-1,4,0,0,7
2025-03-13 16:00:14.446141,10,-4,10,192,-46,75
2025-03-13 16:00:14.534892,13,0,10,442,149,34
2025-03-13 16:00:14.579768,9,8,7,39,192,-86
2025-03-13 16:00:14.715436,7,0,10,-85,191,-154
2025-03-13 16:00:14.759925,6,0,9,42,211,-110
2025-03-13 16:00:14.804743,4,0,6,46,203,-137
2025-03-13 16:00:14.941455,3,-1,1,-40,168,-184
2025-03-13 16:00:14.984637,3,-3,-4,-135,102,-253
2025-03-13 16:00:15.029664,7,-5,-7,-208,0,-299
2025-03-13 16:00:15.119957,17,-8,-7,-170,-173,-305
2025-03-13 16:00:15.210869,19,-12,-14,-31,-479,-367
2025-03-13 16:00:15.254665,19,-11,-17,134,-650,-193
2025-03-13 16:00:15.299712,19,-11,-19,68,-715,-76
2025-03-13 16:00:15.388743,19,-11,-19,0,-728,-23
2025-03-13 16:00:15.478962,19,-5,-8,197,-550,65
2025-03-13 16:00:15.526677,15,-1,7,123,-275,182
2025-03-13 16:00:15.614914,7,1,8,113,-61,135
2025-03-13 16:00:15.749203,0,4,7,39,-17,87
2025-03-13 16:00:15.841360,-2,2,8,59,12,-29
2025-03-13 16:00:15.842910,-1,1,6,160,35,-129
2025-03-13 16:00:15.884912,0,1,3,187,41,-233
2025-03-13 16:00:15.975359,3,-4,4,74,59,-310
2025-03-13 16:00:16.063899,7,-12,2,63,108,-353
2025-03-13 16:00:16.110298,11,-15,-1,53,192,-350
2025-03-13 16:00:16.198913,12,-16,0,19,101,-330
2025-03-13 16:00:16.243704,14,-14,0,0,82,-272
2025-03-13 16:00:16.334148,12,-16,0,-53,61,-258
2025-03-13 16:00:16.470749,11,-13,0,43,31,-184
2025-03-13 16:00:16.694628,7,-10,1,19,0,-106
2025-03-13 16:00:16.695407,8,-8,2,18,0,-53
2025-03-13 16:00:16.740602,9,-5,2,0,-20,-50
2025-03-13 16:00:16.742436,8,-4,2,-90,0,-14
2025-03-13 16:00:16.830111,9,-4,3,-86,0,11
2025-03-13 16:00:16.919003,9,-3,2,-29,0,32
2025-03-13 16:00:16.964701,9,-2,2,0,0,35
2025-03-13 16:00:17.009008,9,-2,2,23,0,20
2025-03-13 16:00:17.144745,9,-2,2,28,0,20
2025-03-13 16:00:17.189995,9,-2,2,23,0,7
2025-03-13 16:00:17.234584,9,-2,2,0,0,0
2025-03-13 16:00:17.414467,9,-3,2,0,0,-7
2025-03-13 16:00:18.406740,12,0,9,288,-65,-79
2025-03-13 16:00:18.494310,19,4,12,304,291,-82
2025-03-13 16:00:18.495367,11,5,10,-106,198,-241
2025-03-13 16:00:18.631087,13,-1,12,-75,300,-210
2025-03-13 16:00:18.719544,9,-1,5,-45,270,-205
2025-03-13 16:00:18.720261,5,-3,0,-110,218,-184
2025-03-13 16:00:18.764792,4,-4,-1,-74,159,-173
2025-03-13 16:00:18.808946,6,-3,-6,-62,111,-194
2025-03-13 16:00:18.899511,10,-5,-7,-84,-32,-245
2025-03-13 16:00:18.989831,17,-9,-8,-64,-212,-308
2025-03-13 16:00:19.079262,19,-14,-9,56,-501,-270
2025-03-13 16:00:19.170277,19,-10,-14,93,-655,-280
2025-03-13 16:00:19.171078,19,-3,-19,172,-752,-196
2025-03-13 16:00:19.214934,19,-6,-19,80,-620,-30
2025-03-13 16:00:19.349135,19,-5,-12,250,-630,42
2025-03-13 16:00:19.394649,17,-1,0,137,-265,229
2025-03-13 16:00:19.440569,10,0,3,82,-201,208
2025-03-13 16:00:19.484290,2,1,7,47,-92,145
2025-03-13 16:00:19.619282,-1,3,9,44,-50,48
2025-03-13 16:00:19.664719,-3,3,8,59,-13,-22
2025-03-13 16:00:19.798794,-2,2,6,63,44,-89
2025-03-13 16:00:19.845891,-2,0,5,89,61,-126
2025-03-13 16:00:19.889700,-1,-1,3,135,66,-180
2025-03-13 16:00:19.935990,0,-4,2,146,24,-241
2025-03-13 16:00:20.024131,2,-10,2,32,39,-290
2025-03-13 16:00:20.114257,4,-11,0,-63,108,-286
2025-03-13 16:00:20.249410,6,-13,2,0,52,-265
2025-03-13 16:00:20.294635,8,-13,0,-37,60,-233
2025-03-13 16:00:20.295764,12,-15,-1,-88,115,-218
2025-03-13 16:00:20.474533,8,-14,-1,0,147,-183
2025-03-13 16:00:20.520599,8,-12,0,0,51,-166
2025-03-13 16:00:20.521701,8,-10,0,-22,29,-106
2025-03-13 16:00:20.700570,8,-8,1,-73,47,-68
2025-03-13 16:00:20.744622,8,-6,2,0,29,-50
2025-03-13 16:00:20.745690,8,-5,2,-40,22,-33
2025-03-13 16:00:20.834682,8,-5,2,-38,0,-12
2025-03-13 16:00:20.970482,8,-4,2,0,0,6
2025-03-13 16:00:21.013585,8,-3,2,-24,0,8
2025-03-13 16:00:21.059574,8,-4,2,0,0,13
2025-03-13 16:00:21.104611,8,-4,3,0,0,12
2025-03-13 16:00:22.319478,10,-5,10,199,-36,42
2025-03-13 16:00:22.409665,13,0,10,352,108,18
2025-03-13 16:00:22.456172,11,4,8,44,158,-79
2025-03-13 16:00:22.545024,12,0,10,-43,242,-135
2025-03-13 16:00:22.634032,9,0,5,-60,280,-161
2025-03-13 16:00:22.680615,5,-2,1,-93,263,-168
2025-03-13 16:00:22.769442,4,-3,-3,-155,202,-184
2025-03-13 16:00:22.814123,7,-3,-5,-145,118,-211
2025-03-13 16:00:22.903915,13,-4,-11,-196,-18,-283
2025-03-13 16:00:23.040275,19,-10,-7,-43,-302,-269
2025-03-13 16:00:23.084860,19,-15,-9,186,-439,-172
2025-03-13 16:00:23.174552,19,-12,-18,-52,-756,-242
2025-03-13 16:00:23.309623,19,-16,-17,-84,-709,-225
2025-03-13 16:00:23.355579,19,-10,-12,232,-719,-80
2025-03-13 16:00:23.399595,18,-5,0,142,-381,167
2025-03-13 16:00:23.533540,8,0,5,143,-192,164
2025-03-13 16:00:23.580029,2,3,7,57,-97,137
2025-03-13 16:00:23.582470,-1,4,9,0,0,59
2025-03-13 16:00:23.669593,-2,4,6,34,44,-37
2025-03-13 16:00:23.758816,-2,1,5,0,70,-113
2025-03-13 16:00:23.805596,-1,0,3,42,117,-155
2025-03-13 16:00:23.894241,1,-4,1,53,138,-212
2025-03-13 16:00:23.984088,3,-7,-2,28,234,-242
2025-03-13 16:00:24.030520,7,-11,-5,0,242,-268
2025-03-13 16:00:24.118830,13,-14,-6,24,238,-279
2025-03-13 16:00:24.254857,14,-15,-3,133,216,-276
2025-03-13 16:00:24.299571,14,-13,-4,126,169,-185
2025-03-13 16:00:24.300525,12,-14,0,71,68,-221
2025-03-13 16:00:24.389930,10,-10,0,24,78,-95
2025-03-13 16:00:24.478833,7,-8,1,39,32,-48
2025-03-13 16:00:24.524793,8,-6,2,33,0,-39
2025-03-13 16:00:24.613680,9,-5,3,35,0,-18
2025-03-13 16:00:24.658915,8,-4,4,0,0,24
2025-03-13 16:00:24.748771,8,-2,4,0,13,37
2025-03-13 16:00:24.838931,8,-1,3,0,11,19
2025-03-13 16:00:24.930707,8,-2,4,-36,-12,0
2025-03-13 16:00:25.018976,8,-2,4,0,0,0
2025-03-13 16:00:25.019250,8,-2,4,30,-14,5
2025-03-13 16:00:25.154544,8,-2,4,0,-11,0
2025-03-13 16:00:26.145286,8,-2,4,0,0,0
2025-03-13 16:00:26.146653,12,9,8,123,140,-103
2025-03-13 16:00:26.370175,14,5,10,-172,167,-199
2025-03-13 16:00:26.415188,12,0,8,-188,279,-175
2025-03-13 16:00:26.503854,8,-1,5,-99,281,-123
2025-03-13 16:00:26.504519,4,-2,0,-93,232,-117
2025-03-13 16:00:26.592804,3,-3,-1,-111,147,-115
2025-03-13 16:00:26.640610,4,-4,-4,-79,39,-145
2025-03-13 16:00:26.685345,7,-3,-7,-110,-66,-198
2025-03-13 16:00:26.774153,14,-6,-7,-176,-258,-291
2025-03-13 16:00:26.819833,19,-14,-7,83,-359,-245
2025-03-13 16:00:26.864614,19,-10,-17,157,-535,-191
2025-03-13 16:00:26.953910,19,-7,-19,88,-709,-160
2025-03-13 16:00:27.044833,19,-7,-19,19,-626,-20
2025-03-13 16:00:27.088708,19,-6,-15,152,-642,19
2025-03-13 16:00:27.179189,19,-3,-2,86,-354,176
2025-03-13 16:00:27.314191,12,-2,4,52,-261,189
2025-03-13 16:00:27.359394,4,0,7,51,-138,121
2025-03-13 16:00:27.360488,0,2,9,30,-40,81
2025-03-13 16:00:27.450169,-2,3,10,75,-14,-13
2025-03-13 16:00:27.539078,-2,2,8,75,30,-91
2025-03-13 16:00:27.585856,-2,0,4,77,76,-145
2025-03-13 16:00:27.675669,0,-3,3,111,101,-183
2025-03-13 16:00:27.719539,2,-5,1,144,122,-242
2025-03-13 16:00:27.808964,5,-8,-2,52,96,-324
2025-03-13 16:00:27.853821,9,-14,-3,-100,198,-301
2025-03-13 16:00:28.036052,13,-14,-3,25,164,-292
2025-03-13 16:00:28.079797,16,-17,-3,0,69,-280
2025-03-13 16:00:28.081614,13,-16,-2,0,156,-181
2025-03-13 16:00:28.259986,10,-13,-1,0,136,-185
2025-03-13 16:00:28.305678,10,-8,0,0,73,-112
2025-03-13 16:00:28.306780,8,-7,0,-114,62,-52
2025-03-13 16:00:28.394438,7,-7,0,-81,74,-20
2025-03-13 16:00:28.483753,7,-6,0,-47,40,-11
2025-03-13 16:00:28.530129,7,-5,1,-51,0,11
2025-03-13 16:00:28.574711,8,-5,2,0,0,0
2025-03-13 16:00:28.618642,8,-5,2,0,0,0
2025-03-13 16:00:28.754945,8,-4,2,0,0,12
2025-03-13 16:00:28.800964,8,-4,3,0,0,0
2025-03-13 16:00:28.845852,9,-4,3,0,0,0
2025-03-13 16:00:28.933829,7,-4,3,0,0,0
2025-03-13 16:00:36.314451,11,-7,9,177,-140,59
2025-03-13 16:00:36.449434,19,-6,17,577,179,-14
2025-03-13 16:00:36.539898,16,8,9,281,304,-33
2025-03-13 16:00:36.540493,13,0,12,18,290,-189
2025-03-13 16:00:36.675245,11,-5,7,84,334,-176
2025-03-13 16:00:36.719364,8,-6,2,77,299,-162
2025-03-13 16:00:36.763466,6,-4,-5,0,244,-162
2025-03-13 16:00:36.808571,8,-5,-9,-23,141,-232
2025-03-13 16:00:36.897678,14,-6,-8,-131,-89,-328
2025-03-13 16:00:36.989909,19,-15,0,-53,-279,-493
2025-03-13 16:00:37.034346,19,-19,5,-82,-309,-443
2025-03-13 16:00:37.215154,19,-19,3,143,-798,-344
2025-03-13 16:00:37.259704,19,-19,-8,-138,-939,-382
2025-03-13 16:00:37.260814,19,-10,-16,221,-1018,-350
2025-03-13 16:00:37.393708,16,-1,-3,305,-417,124
2025-03-13 16:00:37.440344,8,1,3,50,-112,157
2025-03-13 16:00:37.486453,3,0,7,0,-71,99
2025-03-13 16:00:37.619316,0,1,8,0,12,54
2025-03-13 16:00:37.709458,0,1,7,0,65,-26
2025-03-13 16:00:37.710287,0,0,7,41,86,-113
2025-03-13 16:00:37.754111,1,-1,3,30,169,-171
2025-03-13 16:00:37.844052,4,-4,0,39,251,-232
2025-03-13 16:00:37.934338,10,-8,-5,26,314,-305
2025-03-13 16:00:37.980052,13,-16,-7,0,334,-332
2025-03-13 16:00:38.115036,18,-13,-9,0,296,-257
2025-03-13 16:00:38.204830,17,-13,-6,35,174,-260
2025-03-13 16:00:38.205902,13,-14,-4,63,175,-259
2025-03-13 16:00:38.339198,12,-9,0,36,73,-116
2025-03-13 16:00:38.429484,10,-6,0,-23,45,-75
2025-03-13 16:00:38.430391,10,-5,0,-50,33,-60
2025-03-13 16:00:38.563622,9,-5,1,-65,16,-38
2025-03-13 16:00:38.653618,8,-4,1,-59,0,-6
2025-03-13 16:00:38.654763,8,-3,2,-52,0,12
2025-03-13 16:00:38.698961,9,-3,2,0,0,24
2025-03-13 16:00:38.790368,8,-2,3,0,-19,25
2025-03-13 16:00:38.832971,8,-2,3,0,-27,20
2025-03-13 16:00:39.014321,9,-2,3,0,-16,6
2025-03-13 16:00:39.060678,9,-2,3,0,0,0
2025-03-13 16:00:39.061741,9,-2,3,0,0,0
2025-03-13 16:00:39.149304,9,-2,3,25,0,6
2025-03-13 16:00:40.185503,12,-4,12,180,-45,49
2025-03-13 16:00:40.229162,15,-2,12,393,122,8
2025-03-13 16:00:40.320611,13,5,10,185,232,-50
2025-03-13 16:00:40.408896,13,2,12,0,260,-148
2025-03-13 16:00:40.455771,11,-1,8,-21,307,-155
2025-03-13 16:00:40.543095,7,-3,1,-68,318,-148
2025-03-13 16:00:40.633164,4,-4,0,-59,269,-119
2025-03-13 16:00:40.679266,5,-2,-6,0,170,-143
2025-03-13 16:00:40.858469,7,-3,-9,-86,75,-234
2025-03-13 16:00:40.859160,13,-4,-8,-180,-128,-319
2025-03-13 16:00:40.949801,19,-10,-9,-164,-384,-401
2025-03-13 16:00:40.951302,19,-19,-17,0,-523,-397
2025-03-13 16:00:40.994394,19,-10,-19,102,-849,-398
2025-03-13 16:00:41.082923,19,-14,-19,88,-760,-176
2025-03-13 16:00:41.127781,19,-7,-14,252,-585,36
2025-03-13 16:00:41.219180,18,-2,0,105,-331,240
2025-03-13 16:00:41.309286,7,1,6,80,-132,176
2025-03-13 16:00:41.353610,2,2,8,0,-64,90
2025-03-13 16:00:41.402116,0,3,8,39,23,19
2025-03-13 16:00:41.579567,-2,2,6,51,61,-77
2025-03-13 16:00:41.623646,-1,0,5,84,102,-152
2025-03-13 16:00:41.624578,0,-3,2,147,125,-210
2025-03-13 16:00:41.757779,2,-6,0,123,121,-297
2025-03-13 16:00:41.848628,7,-11,-1,33,156,-343
2025-03-13 16:00:41.848863,12,-13,-1,36,124,-355
2025-03-13 16:00:41.983025,13,-16,0,45,140,-303
2025-03-13 16:00:42.073886,16,-18,0,101,80,-339
2025-03-13 16:00:42.075129,15,-13,0,20,0,-262
2025-03-13 16:00:42.208983,11,-9,1,-40,19,-116
2025-03-13 16:00:42.298714,9,-7,2,0,0,-100
2025-03-13 16:00:42.300271,9,-5,1,-69,0,-57
2025-03-13 16:00:42.343144,9,-4,2,-98,0,-23
2025-03-13 16:00:42.435186,8,-2,2,-89,0,5
2025-03-13 16:00:42.524732,9,-2,2,-59,0,0
2025-03-13 16:00:42.568861,9,-2,2,-39,0,23
2025-03-13 16:00:42.659643,9,-1,2,0,0,25
2025-03-13 16:00:42.704673,9,-1,2,0,0,17
2025-03-13 16:00:42.885198,10,-2,3,-23,-19,-5
2025-03-13 16:00:42.930776,9,-2,2,0,12,-6
2025-03-13 16:00:42.974420,9,-2,2,0,0,-18
2025-03-13 16:00:47.699552,12,-6,8,69,-168,71
2025-03-13 16:00:47.834121,18,-3,11,353,63,6
2025-03-13 16:00:47.880033,19,-2,10,264,249,-8
2025-03-13 16:00:47.881537,19,-1,10,173,325,-68
2025-03-13 16:00:47.969723,15,-3,5,93,420,-152
2025-03-13 16:00:48.057881,9,-4,0,0,428,-141
2025-03-13 16:00:48.103275,4,-3,-6,45,279,-116
2025-03-13 16:00:48.194371,7,-2,-12,-23,123,-202
2025-03-13 16:00:48.283641,7,-3,-11,-112,-15,-264
2025-03-13 16:00:48.328358,18,-6,-10,-156,-235,-435
2025-03-13 16:00:48.372872,19,-15,-15,-241,-422,-542
2025-03-13 16:00:48.464003,19,-19,-19,153,-552,-426
2025-03-13 16:00:48.511354,19,-9,-19,147,-862,-197
2025-03-13 16:00:48.553467,19,-14,-19,136,-725,-64
2025-03-13 16:00:48.733855,19,-6,-18,214,-635,95
2025-03-13 16:00:48.779683,19,0,-2,226,-335,216
2025-03-13 16:00:48.780783,10,4,4,187,-151,188
2025-03-13 16:00:48.869485,5,6,7,65,-34,113
2025-03-13 16:00:48.915816,2,8,7,27,0,-8
2025-03-13 16:00:49.004611,2,5,6,0,30,-147
2025-03-13 16:00:49.094393,3,0,5,-29,117,-235
2025-03-13 16:00:49.139963,6,-5,0,22,194,-319
2025-03-13 16:00:49.229649,10,-12,-2,-50,219,-360
2025-03-13 16:00:49.364356,13,-12,-6,-120,279,-345
2025-03-13 16:00:49.408674,19,-14,-7,-67,265,-369
2025-03-13 16:00:49.498825,19,-14,-6,0,173,-341
2025-03-13 16:00:49.543891,19,-12,-7,-28,120,-248
2025-03-13 16:00:49.632900,12,-10,-3,-133,110,-128
2025-03-13 16:00:49.725024,11,-6,-1,-49,67,-72
2025-03-13 16:00:49.814494,9,-5,-1,-99,45,-36
2025-03-13 16:00:49.859382,8,-5,-1,-161,31,0
2025-03-13 16:00:50.038611,9,-5,0,-142,-12,31
2025-03-13 16:00:50.083654,8,-3,2,-29,-32,53
2025-03-13 16:00:50.084816,9,-3,2,58,-29,0
2025-03-13 16:00:50.127853,9,-2,1,62,-36,22
2025-03-13 16:00:50.263717,9,-2,2,33,-28,13
2025-03-13 16:00:50.356774,9,-2,2,18,0,-8
2025-03-13 16:00:50.358311,9,-3,1,20,0,0
2025-03-13 16:00:50.443843,9,-3,1,26,0,0
2025-03-13 16:00:50.488915,9,-3,1,27,0,0
