2025-03-13 16:08:23.151640,8,-3,16,-99,159,0
2025-03-13 16:08:23.241677,8,-7,10,-162,178,-43
2025-03-13 16:08:23.285967,7,-13,5,-173,113,55
2025-03-13 16:08:23.465836,7,-12,11,-155,162,183
2025-03-13 16:08:23.511868,11,-14,9,-102,162,329
2025-03-13 16:08:23.513531,13,-2,3,8,249,277
2025-03-13 16:08:23.600289,7,4,-4,-55,250,129
2025-03-13 16:08:23.646096,6,7,-7,-16,51,-132
2025-03-13 16:08:23.780564,13,3,-6,36,-115,-367
2025-03-13 16:08:23.870806,19,1,-4,188,-198,-473
2025-03-13 16:08:23.872324,19,-5,-5,320,-478,-626
2025-03-13 16:08:23.960827,19,-11,-13,598,-316,-52
2025-03-13 16:08:24.095427,19,-4,-19,443,-583,333
2025-03-13 16:08:24.140661,19,-6,-19,392,-605,403
2025-03-13 16:08:24.141804,19,-8,-6,340,-321,566
2025-03-13 16:08:24.229927,19,-1,9,194,62,639
2025-03-13 16:08:24.365687,19,17,4,208,183,490
2025-03-13 16:08:24.456479,3,19,-8,-38,284,110
2025-03-13 16:08:24.457452,0,9,1,-66,28,-127
2025-03-13 16:08:24.501803,-5,7,1,75,-60,-124
2025-03-13 16:08:24.725609,-2,8,3,43,-98,-124
2025-03-13 16:08:24.770576,-1,7,4,71,-117,-195
2025-03-13 16:08:24.771750,0,5,5,70,-80,-267
2025-03-13 16:08:24.772903,2,0,7,69,-27,-304
2025-03-13 16:08:24.861186,4,-5,8,18,12,-346
2025-03-13 16:08:25.040494,8,-9,6,15,115,-391
2025-03-13 16:08:25.041171,13,-14,2,-25,200,-384
2025-03-13 16:08:25.041757,13,-19,-2,-43,257,-339
2025-03-13 16:08:25.130881,14,-12,-6,40,233,-291
2025-03-13 16:08:25.219926,12,-10,-5,-54,140,-208
2025-03-13 16:08:25.355594,16,-8,-8,-198,68,-283
2025-03-13 16:08:25.446738,12,-7,-5,-224,176,-125
2025-03-13 16:08:25.447954,10,-5,-3,-98,106,-74
2025-03-13 16:08:25.490892,11,-4,-3,-54,76,-32
2025-03-13 16:08:25.625335,10,-3,-2,-73,14,-15
2025-03-13 16:08:25.672039,8,-4,0,-47,0,-9
2025-03-13 16:08:25.715934,10,-3,0,15,-11,0
2025-03-13 16:08:25.761293,9,-3,0,46,4,13
2025-03-13 16:08:25.850927,10,-3,1,60,-24,10
2025-03-13 16:08:25.894837,9,-3,0,11,-12,7
2025-03-13 16:08:27.157140,11,-4,12,37,230,9
2025-03-13 16:08:27.246334,7,-4,5,-140,154,3
2025-03-13 16:08:27.424684,7,-4,2,-49,108,10
2025-03-13 16:08:27.515511,9,-3,0,-41,102,0
2025-03-13 16:08:27.516163,9,-4,-3,-13,6,-21
2025-03-13 16:08:27.516789,12,-1,-7,38,-125,-55
2025-03-13 16:08:27.605915,17,-3,-5,188,-236,-52
2025-03-13 16:08:27.740328,19,-4,-9,359,-421,33
2025-03-13 16:08:27.785668,19,-3,-19,448,-370,242
2025-03-13 16:08:27.786790,19,-6,-19,385,-471,494
2025-03-13 16:08:27.876126,19,-9,-15,348,-415,742
2025-03-13 16:08:28.010387,19,-1,2,236,-76,772
2025-03-13 16:08:28.100675,19,19,2,235,190,564
2025-03-13 16:08:28.146422,4,19,0,-125,192,142
2025-03-13 16:08:28.147363,2,13,1,6,112,11
2025-03-13 16:08:28.235577,-3,10,1,25,-9,-95
2025-03-13 16:08:28.372137,-1,9,3,63,-68,-172
2025-03-13 16:08:28.415735,0,7,6,32,-117,-217
2025-03-13 16:08:28.461611,0,4,7,75,-67,-251
2025-03-13 16:08:28.551119,2,0,10,57,0,-294
2025-03-13 16:08:28.641626,4,-4,8,73,31,-357
2025-03-13 16:08:28.865930,7,-10,4,21,95,-355
2025-03-13 16:08:28.867287,14,-17,4,-11,62,-410
2025-03-13 16:08:28.867886,14,-13,-5,-73,287,-386
2025-03-13 16:08:28.868491,13,-13,-4,-71,266,-289
2025-03-13 16:08:28.955610,17,-9,-7,-63,157,-220
2025-03-13 16:08:29.135459,15,-8,-5,-165,266,-173
2025-03-13 16:08:29.225464,15,-6,-5,-143,217,-166
2025-03-13 16:08:29.226348,15,-4,-6,-154,206,-163
2025-03-13 16:08:29.226526,10,-6,-2,-161,104,-69
2025-03-13 16:08:29.316871,10,-3,0,20,35,7
2025-03-13 16:08:29.360623,9,-2,0,-19,0,0
2025-03-13 16:08:29.496471,9,-3,1,-21,0,-22
2025-03-13 16:08:29.541701,9,-3,1,0,18,-18
2025-03-13 16:08:29.543033,9,-3,2,-17,-26,-16
2025-03-13 16:08:29.630430,9,-4,3,25,-30,11
2025-03-13 16:08:29.719998,9,-2,3,44,-23,29
2025-03-13 16:08:29.767183,8,-2,4,33,-25,26
2025-03-13 16:08:29.854731,8,-2,4,25,-4,14
2025-03-13 16:08:29.946048,8,-2,4,8,-6,4
2025-03-13 16:08:31.430466,17,-1,-5,75,-173,-346
2025-03-13 16:08:31.475359,19,-6,-2,262,-432,-330
2025-03-13 16:08:31.566107,19,-8,-7,423,-408,-193
2025-03-13 16:08:31.610708,19,0,-19,601,-376,116
2025-03-13 16:08:31.746251,19,-3,-19,517,-570,311
2025-03-13 16:08:31.790842,19,-6,-17,377,-364,576
2025-03-13 16:08:31.835762,19,-8,1,206,-171,622
2025-03-13 16:08:31.880720,19,0,3,195,9,604
2025-03-13 16:08:31.969902,19,10,8,187,154,453
2025-03-13 16:08:32.150615,13,19,-3,130,286,300
2025-03-13 16:08:32.196599,1,19,-2,-112,95,4
2025-03-13 16:08:32.198754,1,14,0,119,-34,-201
2025-03-13 16:08:32.240445,1,11,0,32,-169,-283
2025-03-13 16:08:32.329843,3,3,6,130,-197,-318
2025-03-13 16:08:32.375409,4,4,8,86,-179,-299
2025-03-13 16:08:32.510541,7,0,9,-5,-84,-352
2025-03-13 16:08:32.555725,10,-6,8,0,-59,-424
2025-03-13 16:08:32.556733,15,-9,7,-65,20,-411
2025-03-13 16:08:32.646228,16,-16,5,-121,91,-364
2025-03-13 16:08:32.734841,15,-14,0,-141,224,-335
2025-03-13 16:08:32.780684,13,-12,0,-118,138,-221
2025-03-13 16:08:32.869731,13,-10,-9,-265,97,-255
2025-03-13 16:08:32.915166,14,-9,-3,-217,171,-109
2025-03-13 16:08:33.004723,10,-5,-2,31,178,-104
2025-03-13 16:08:33.050727,13,-4,-3,-131,141,-215
2025-03-13 16:08:33.141160,12,-5,0,-116,95,-120
2025-03-13 16:08:33.320735,9,-4,0,-77,54,-43
2025-03-13 16:08:33.366820,10,-3,0,-12,38,-33
2025-03-13 16:08:33.411801,9,-4,2,14,-7,0
2025-03-13 16:08:33.412925,9,-2,3,66,23,18
2025-03-13 16:08:33.500355,9,-2,4,-6,-36,-15
2025-03-13 16:08:33.546844,8,-3,5,32,-27,23
2025-03-13 16:08:33.635288,8,-1,4,58,-15,45
2025-03-13 16:08:33.727151,8,-1,4,9,-14,18
2025-03-13 16:08:33.772258,8,-1,4,20,0,14
2025-03-13 16:08:33.860854,8,-1,4,11,0,8
2025-03-13 16:08:33.905731,8,-1,4,4,0,0
2025-03-13 16:08:34.086317,8,-1,4,5,10,-9
2025-03-13 16:08:34.130611,8,-2,4,0,8,-11
2025-03-13 16:08:34.131707,8,-2,4,6,0,-6
2025-03-13 16:08:35.346960,15,-2,-6,82,-197,-104
2025-03-13 16:08:35.390885,19,-3,-1,256,-357,-51
2025-03-13 16:08:35.480026,19,-1,-6,308,-475,112
2025-03-13 16:08:35.615553,19,1,-18,282,-549,152
2025-03-13 16:08:35.707024,19,-2,-19,360,-696,212
2025-03-13 16:08:35.707436,19,-12,-15,276,-588,488
2025-03-13 16:08:35.750759,19,-6,6,242,-225,601
2025-03-13 16:08:35.795831,19,14,7,177,97,470
2025-03-13 16:08:35.976512,5,19,5,-69,144,219
2025-03-13 16:08:36.020604,0,15,5,-36,43,-26
2025-03-13 16:08:36.022166,-5,9,5,-7,15,-112
2025-03-13 16:08:36.110708,-4,5,6,124,-49,-191
2025-03-13 16:08:36.155037,-2,1,9,121,-29,-217
2025-03-13 16:08:36.291937,0,0,7,159,0,-295
2025-03-13 16:08:36.335966,3,-4,7,113,52,-327
2025-03-13 16:08:36.381395,8,-12,8,80,143,-313
2025-03-13 16:08:36.470476,7,-15,3,39,182,-269
2025-03-13 16:08:36.514923,10,-15,-1,-25,247,-283
2025-03-13 16:08:36.605004,14,-14,0,-29,217,-245
2025-03-13 16:08:36.696551,10,-9,-5,-40,179,-225
2025-03-13 16:08:36.739775,11,-7,-3,0,87,-165
2025-03-13 16:08:36.830065,15,-8,-3,-63,76,-151
2025-03-13 16:08:36.876939,12,-7,-4,-157,86,-161
2025-03-13 16:08:36.966763,9,-8,-2,-164,30,-114
2025-03-13 16:08:37.101140,9,-6,-2,-64,84,-20
2025-03-13 16:08:37.146872,8,-4,0,-18,15,20
2025-03-13 16:08:37.148087,9,-3,0,0,21,-12
2025-03-13 16:08:37.236783,9,-3,2,21,13,0
2025-03-13 16:08:37.370330,10,-3,1,32,38,0
2025-03-13 16:08:37.461923,9,-3,2,-18,13,0
2025-03-13 16:08:37.463067,9,-3,2,0,17,-3
2025-03-13 16:08:37.505603,9,-3,2,9,0,7
2025-03-13 16:08:37.549869,10,-2,2,28,0,0
2025-03-13 16:08:37.640733,8,-3,3,13,-16,7
2025-03-13 16:08:37.729718,8,-2,3,49,-9,17
2025-03-13 16:08:37.776518,9,-2,4,16,0,3
2025-03-13 16:08:37.820022,8,-2,4,10,0,-4
2025-03-13 16:08:37.910861,8,-3,4,21,8,0
2025-03-13 16:08:38.001107,8,-2,3,9,14,0
2025-03-13 16:08:38.045226,8,-2,3,-15,11,-12
2025-03-13 16:08:39.307116,14,-2,-6,49,-180,-123
2025-03-13 16:08:39.352399,19,-5,-2,227,-318,-80
2025-03-13 16:08:39.396599,19,-3,-6,424,-559,-17
2025-03-13 16:08:39.486566,19,1,-19,500,-450,199
2025-03-13 16:08:39.620968,19,-3,-19,475,-480,396
2025-03-13 16:08:39.755249,19,-6,-12,294,-371,624
2025-03-13 16:08:39.756979,19,-3,2,248,-118,624
2025-03-13 16:08:39.757393,19,11,4,123,117,502
2025-03-13 16:08:39.845292,10,19,6,35,112,300
2025-03-13 16:08:40.026724,1,19,2,-73,45,39
2025-03-13 16:08:40.071965,0,11,5,10,16,-198
2025-03-13 16:08:40.073232,0,5,8,50,-50,-282
2025-03-13 16:08:40.116194,1,0,8,53,0,-287
2025-03-13 16:08:40.205913,3,-3,7,52,50,-315
2025-03-13 16:08:40.341856,7,-8,6,51,126,-330
2025-03-13 16:08:40.431126,7,-14,0,-46,146,-314
2025-03-13 16:08:40.475980,10,-15,-2,-41,251,-304
2025-03-13 16:08:40.477605,10,-11,-3,-22,199,-269
2025-03-13 16:08:40.565147,12,-13,-3,-94,223,-218
2025-03-13 16:08:40.656858,13,-9,-3,-16,183,-167
2025-03-13 16:08:40.790681,12,-7,-3,-84,81,-194
2025-03-13 16:08:40.836702,13,-3,-5,-158,70,-194
2025-03-13 16:08:40.838347,12,-8,-1,-187,162,-107
2025-03-13 16:08:40.925754,9,-4,-1,40,33,17
2025-03-13 16:08:41.106303,11,-2,1,-39,0,-5
2025-03-13 16:08:41.151660,9,-2,1,-52,-5,-7
2025-03-13 16:08:41.195665,8,-2,0,-48,13,-21
2025-03-13 16:08:41.195870,8,-3,1,-43,23,-32
2025-03-13 16:08:41.285768,9,-2,2,30,41,-9
2025-03-13 16:08:41.330251,10,-2,2,34,28,-10
2025-03-13 16:08:41.465678,9,-3,3,53,16,20
2025-03-13 16:08:41.510725,9,-1,3,71,12,30
2025-03-13 16:08:41.556032,9,-1,3,12,9,6
2025-03-13 16:08:41.645787,9,-2,4,0,0,0
2025-03-13 16:08:41.736941,8,-1,3,10,0,9
2025-03-13 16:08:41.870958,8,-1,4,0,0,0
2025-03-13 16:08:41.915823,8,-1,4,0,0,0
2025-03-13 16:08:41.917008,8,-1,4,0,5,-4
2025-03-13 16:08:41.962797,8,-1,4,0,0,-7
2025-03-13 16:08:42.050010,8,-1,4,0,5,-4
2025-03-13 16:08:43.041113,10,-13,6,-149,141,116
2025-03-13 16:08:43.131735,10,-6,3,-74,122,190
2025-03-13 16:08:43.219921,7,-2,0,-57,147,193
2025-03-13 16:08:43.266865,5,0,-4,-44,66,62
2025-03-13 16:08:43.356131,6,1,-4,35,-24,-67
2025-03-13 16:08:43.401728,11,2,-2,125,-100,-231
2025-03-13 16:08:43.535523,19,-3,0,282,-244,-319
2025-03-13 16:08:43.581021,19,-6,0,511,-372,-27
2025-03-13 16:08:43.760451,19,-3,-19,509,-466,308
2025-03-13 16:08:43.762332,19,-4,-19,477,-505,437
2025-03-13 16:08:43.762817,19,-4,-19,369,-436,584
2025-03-13 16:08:43.850739,19,-3,2,209,-87,633
2025-03-13 16:08:43.941191,19,5,6,211,111,516
2025-03-13 16:08:44.032205,16,19,5,75,194,400
2025-03-13 16:08:44.075299,0,19,-1,-32,89,78
2025-03-13 16:08:44.121363,-1,12,0,-49,47,-101
2025-03-13 16:08:44.209954,-1,8,4,55,-71,-174
2025-03-13 16:08:44.300332,-1,4,5,83,-70,-216
2025-03-13 16:08:44.437094,0,2,8,66,-47,-255
2025-03-13 16:08:44.480829,2,0,6,47,-23,-308
2025-03-13 16:08:44.482562,6,-6,7,-19,52,-369
2025-03-13 16:08:44.570828,12,-11,0,-97,84,-400
2025-03-13 16:08:44.615155,11,-16,-3,-145,273,-296
2025-03-13 16:08:44.750451,15,-15,-7,-49,281,-322
2025-03-13 16:08:44.796694,16,-13,-4,-35,218,-249
2025-03-13 16:08:44.840714,15,-7,-6,-97,158,-164
2025-03-13 16:08:44.929821,15,-5,-7,-152,200,-151
2025-03-13 16:08:45.020069,13,-7,-7,-273,134,-166
2025-03-13 16:08:45.067487,8,-7,-2,-105,75,-25
2025-03-13 16:08:45.113474,11,-3,-1,14,38,17
2025-03-13 16:08:45.199620,10,-2,-3,-59,41,-22
2025-03-13 16:08:45.245872,9,-4,0,-10,-7,0
2025-03-13 16:08:45.425202,9,-2,0,22,-20,25
2025-03-13 16:08:45.471616,9,-2,1,-4,-7,-6
2025-03-13 16:08:45.472709,9,-3,1,27,0,0
2025-03-13 16:08:45.515238,9,-2,1,26,0,8
2025-03-13 16:08:45.605956,9,-2,2,40,-6,8
2025-03-13 16:08:45.695712,9,-2,2,28,0,8
2025-03-13 16:08:45.742528,9,-2,2,23,11,0
2025-03-13 16:08:45.785603,9,-2,2,19,11,-4
2025-03-13 16:08:47.091053,13,4,-7,107,-187,-212
2025-03-13 16:08:47.135864,19,-4,-2,225,-330,-246
2025-03-13 16:08:47.225177,19,-8,-4,493,-357,60
2025-03-13 16:08:47.316670,19,-7,-19,512,-577,322
2025-03-13 16:08:47.451389,19,-4,-19,455,-468,478
2025-03-13 16:08:47.497913,19,-6,-11,197,-320,606
2025-03-13 16:08:47.541438,19,-3,5,197,-86,614
2025-03-13 16:08:47.585505,19,6,6,223,84,518
2025-03-13 16:08:47.633915,14,19,3,66,181,414
2025-03-13 16:08:47.767447,1,19,0,-34,113,80
2025-03-13 16:08:47.855384,0,15,1,-47,61,-137
2025-03-13 16:08:47.945030,-2,6,5,83,-67,-216
2025-03-13 16:08:47.945727,0,4,5,103,-69,-224
2025-03-13 16:08:48.080821,0,2,6,102,-69,-234
2025-03-13 16:08:48.170932,1,1,6,42,-27,-278
2025-03-13 16:08:48.172302,6,-4,6,-17,45,-375
2025-03-13 16:08:48.215794,10,-13,5,-73,135,-370
2025-03-13 16:08:48.395714,10,-15,0,-67,234,-286
2025-03-13 16:08:48.440508,16,-15,-4,-66,277,-324
2025-03-13 16:08:48.441612,16,-11,-4,-34,269,-290
2025-03-13 16:08:48.531690,16,-5,-4,-132,109,-232
2025-03-13 16:08:48.665026,16,-4,-4,-184,86,-210
2025-03-13 16:08:48.712028,14,-4,-5,-147,159,-71
2025-03-13 16:08:48.755422,12,-2,-5,-86,52,-46
2025-03-13 16:08:48.801766,9,-3,-2,-68,-15,-17
2025-03-13 16:08:48.889827,10,-3,0,-23,-10,4
2025-03-13 16:08:49.025344,9,-3,0,-48,0,5
2025-03-13 16:08:49.115540,9,-3,0,-3,-5,4
2025-03-13 16:08:49.116706,10,-2,0,22,-6,5
2025-03-13 16:08:49.161505,10,-2,0,23,0,6
2025-03-13 16:08:49.340838,9,-2,0,25,9,14
2025-03-13 16:08:49.433142,9,-2,0,0,-7,0
2025-03-13 16:08:49.434827,9,-2,1,20,-17,7
2025-03-13 16:08:49.475328,9,-2,1,11,0,6
2025-03-13 16:08:49.521564,9,-3,1,0,0,0
2025-03-13 16:08:49.656149,9,-2,0,0,-10,8
2025-03-13 16:08:49.700308,10,-3,0,0,-11,8
2025-03-13 16:08:49.745587,9,-3,0,-12,-33,19
2025-03-13 16:08:49.970444,8,-3,0,14,-18,33
2025-03-13 16:08:51.320363,9,-3,1,6,-10,24
2025-03-13 16:08:51.321645,10,-7,9,-107,97,126
2025-03-13 16:08:51.412828,8,-3,4,-86,128,153
2025-03-13 16:08:51.414358,7,0,-1,-87,103,60
2025-03-13 16:08:51.547028,7,2,-7,0,24,-52
2025-03-13 16:08:51.592782,15,3,-9,97,-194,-202
2025-03-13 16:08:51.636540,19,1,-4,276,-324,-173
2025-03-13 16:08:51.680833,19,0,-3,364,-428,12
2025-03-13 16:08:51.725843,19,3,-16,498,-444,72
2025-03-13 16:08:51.861915,19,0,-19,420,-612,314
2025-03-13 16:08:51.952468,19,-6,-17,398,-513,469
2025-03-13 16:08:51.953744,19,-2,0,267,-227,581
2025-03-13 16:08:52.041377,19,5,5,212,0,550
2025-03-13 16:08:52.176908,19,18,7,163,69,487
2025-03-13 16:08:52.221552,5,19,0,-13,221,148
2025-03-13 16:08:52.222658,0,13,1,-86,48,-178
2025-03-13 16:08:52.312014,-1,4,4,35,-24,-251
2025-03-13 16:08:52.355792,0,0,9,38,-34,-243
2025-03-13 16:08:52.494549,0,0,8,85,8,-264
2025-03-13 16:08:52.537180,2,-2,6,11,56,-305
2025-03-13 16:08:52.539083,5,-6,4,23,129,-358
2025-03-13 16:08:52.627784,11,-11,3,-12,172,-352
2025-03-13 16:08:52.715829,13,-14,0,-104,246,-304
2025-03-13 16:08:52.805720,14,-12,-2,-80,222,-281
2025-03-13 16:08:52.896460,13,-11,-5,-101,235,-215
2025-03-13 16:08:52.897346,18,-6,-4,-119,213,-152
2025-03-13 16:08:52.987993,13,-6,-5,-124,140,-135
2025-03-13 16:08:53.120942,13,-3,-6,-114,109,-101
2025-03-13 16:08:53.167583,11,-3,-4,-145,0,-86
2025-03-13 16:08:53.168733,9,-3,-3,-87,124,-8
2025-03-13 16:08:53.256559,9,-3,-2,-30,20,0
2025-03-13 16:08:53.345767,11,-2,-1,-56,-7,-21
2025-03-13 16:08:53.436571,10,-3,-1,-62,-19,-23
2025-03-13 16:08:53.482816,9,-4,0,17,11,16
2025-03-13 16:08:53.530042,9,-2,0,68,0,31
2025-03-13 16:08:53.615833,8,-2,0,13,-6,0
2025-03-13 16:08:53.751314,9,-2,0,-18,-7,-7
2025-03-13 16:08:53.842444,10,-2,0,0,0,0
2025-03-13 16:08:53.843407,9,-2,0,0,0,0
2025-03-13 16:08:53.886655,9,-2,0,4,-6,0
2025-03-13 16:08:54.067544,9,-3,0,16,0,3
2025-03-13 16:08:55.373034,12,-3,-8,67,-108,-91
2025-03-13 16:08:55.416586,19,-4,-7,260,-277,-41
2025-03-13 16:08:55.507036,19,1,-7,446,-338,45
2025-03-13 16:08:55.641272,19,2,-16,613,-314,215
2025-03-13 16:08:55.686542,19,-1,-17,493,-303,360
2025-03-13 16:08:55.687591,19,-1,-14,446,-191,467
2025-03-13 16:08:55.777257,19,-6,-4,275,-25,729
2025-03-13 16:08:55.821189,19,0,0,213,107,662
2025-03-13 16:08:56.001402,19,13,1,191,294,528
2025-03-13 16:08:56.046436,15,19,-1,21,263,393
2025-03-13 16:08:56.047695,6,19,-6,-19,203,112
2025-03-13 16:08:56.091715,0,10,-2,-42,75,-86
2025-03-13 16:08:56.181744,0,9,1,12,-57,-77
2025-03-13 16:08:56.271788,0,10,2,15,-108,-136
2025-03-13 16:08:56.316077,1,9,5,47,-120,-212
2025-03-13 16:08:56.362999,3,8,6,84,-123,-274
2025-03-13 16:08:56.498327,4,5,7,115,-142,-340
2025-03-13 16:08:56.586967,9,-2,11,45,-133,-443
2025-03-13 16:08:56.587645,13,-6,7,110,-67,-488
2025-03-13 16:08:56.675837,18,-14,8,-140,-61,-399
2025-03-13 16:08:56.722666,17,-19,5,-138,105,-337
2025-03-13 16:08:56.812394,13,-16,0,-70,203,-332
2025-03-13 16:08:56.857491,14,-13,0,-211,118,-309
2025-03-13 16:08:56.946154,16,-6,-7,-254,111,-371
2025-03-13 16:08:56.993253,15,-7,-4,-263,119,-265
2025-03-13 16:08:57.036686,13,-7,-3,-181,102,-100
2025-03-13 16:08:57.128270,12,-2,-3,-93,0,8
2025-03-13 16:08:57.172124,10,-4,-1,-78,-65,0
2025-03-13 16:08:57.261150,8,-3,-2,-30,-34,6
2025-03-13 16:08:57.486514,8,-3,-1,12,0,8
2025-03-13 16:08:57.533094,8,-3,0,0,-9,5
2025-03-13 16:08:57.534986,9,-3,0,-4,5,4
2025-03-13 16:08:57.537117,11,-3,0,8,0,0
2025-03-13 16:08:57.622999,9,-3,0,39,0,10
2025-03-13 16:08:57.710901,9,-3,0,0,0,0
2025-03-13 16:08:57.756301,9,-3,0,0,-6,-9
2025-03-13 16:08:57.891554,9,-3,0,9,0,-3
2025-03-13 16:08:58.027045,9,-3,0,24,-9,0
2025-03-13 16:08:58.117581,9,-3,0,30,-16,8
2025-03-13 16:08:58.118412,8,-3,0,11,-24,16
2025-03-13 16:08:59.332927,14,-1,-6,133,-138,-19
2025-03-13 16:08:59.421735,19,0,-6,401,-311,20
2025-03-13 16:08:59.467855,19,5,-19,540,-380,185
2025-03-13 16:08:59.556075,19,5,-19,498,-370,280
2025-03-13 16:08:59.647759,19,-5,-19,492,-366,499
2025-03-13 16:08:59.692962,19,1,-7,285,-228,605
2025-03-13 16:08:59.780792,19,3,4,200,-49,500
2025-03-13 16:08:59.826014,17,9,6,165,37,414
2025-03-13 16:08:59.917129,7,19,0,98,179,284
2025-03-13 16:09:00.007693,0,19,1,-108,20,-32
2025-03-13 16:09:00.187094,-1,8,4,0,0,-207
2025-03-13 16:09:00.277412,2,4,8,24,-38,-287
2025-03-13 16:09:00.278233,3,0,9,-26,0,-273
2025-03-13 16:09:00.279854,3,-3,6,-7,57,-307
2025-03-13 16:09:00.502266,6,-7,4,-12,124,-355
2025-03-13 16:09:00.591500,9,-11,1,-62,178,-313
2025-03-13 16:09:00.592583,11,-15,-3,-111,233,-221
2025-03-13 16:09:00.593594,9,-14,-5,-70,225,-197
2025-03-13 16:09:00.727154,9,-9,-6,-72,164,-198
2025-03-13 16:09:00.771885,10,-8,-6,-160,154,-174
2025-03-13 16:09:00.773100,11,-6,-7,-195,206,-154
2025-03-13 16:09:00.861722,12,-5,-7,-265,115,-133
2025-03-13 16:09:00.951356,10,-5,-3,-35,86,-25
2025-03-13 16:09:00.996901,10,-2,-3,-22,22,-7
2025-03-13 16:09:01.131510,10,-3,-2,-86,-14,-6
2025-03-13 16:09:01.177199,9,-3,-2,0,-14,17
2025-03-13 16:09:01.310538,8,-2,-3,-9,-5,15
2025-03-13 16:09:01.357086,9,-3,-2,-39,0,0
2025-03-13 16:09:01.401630,9,-3,-1,-20,6,11
2025-03-13 16:09:01.492936,10,-3,0,3,6,3
2025-03-13 16:09:01.627190,9,-3,0,5,-8,0
2025-03-13 16:09:01.716347,9,-3,0,25,5,7
2025-03-13 16:09:01.717549,9,-2,0,0,-9,3
2025-03-13 16:09:01.761824,9,-3,-1,0,0,0
2025-03-13 16:09:01.850773,9,-3,0,11,0,0
2025-03-13 16:09:01.897111,9,-3,-1,4,0,-5
2025-03-13 16:09:01.942011,9,-3,0,12,0,0
2025-03-13 16:09:02.031274,9,-3,0,6,5,0
2025-03-13 16:09:02.166343,9,-3,0,-10,0,-7
2025-03-13 16:09:02.212830,9,-3,0,8,0,0
2025-03-13 16:09:03.382766,12,-2,-8,53,-90,-33
2025-03-13 16:09:03.427313,18,-2,-8,169,-268,-33
2025-03-13 16:09:03.516965,19,1,-9,300,-312,15
2025-03-13 16:09:03.518386,19,3,-13,389,-406,57
2025-03-13 16:09:03.606165,19,1,-19,604,-462,215
2025-03-13 16:09:03.696301,19,-4,-15,319,-376,543
2025-03-13 16:09:03.742090,19,-5,-1,210,-264,552
2025-03-13 16:09:03.785786,19,0,2,238,-115,539
2025-03-13 16:09:03.830826,19,6,7,119,-32,496
2025-03-13 16:09:04.012818,13,19,3,157,139,298
2025-03-13 16:09:04.056512,0,19,1,-73,55,25
2025-03-13 16:09:04.057556,0,10,2,-34,9,-211
2025-03-13 16:09:04.147056,1,4,7,19,-19,-263
2025-03-13 16:09:04.327152,1,0,8,37,11,-273
2025-03-13 16:09:04.416569,4,-2,7,32,30,-315
2025-03-13 16:09:04.417496,6,-9,5,27,103,-303
2025-03-13 16:09:04.462955,8,-13,3,-3,137,-286
2025-03-13 16:09:04.597696,8,-16,0,-85,187,-279
2025-03-13 16:09:04.642689,13,-9,-5,-65,210,-334
2025-03-13 16:09:04.686744,15,-10,-3,-144,200,-285
2025-03-13 16:09:04.867725,12,-9,-4,-96,217,-134
2025-03-13 16:09:04.911927,15,-6,-5,-55,144,-112
2025-03-13 16:09:04.913286,11,-8,-3,-140,90,-96
2025-03-13 16:09:05.001996,11,-6,-2,-91,65,-27
2025-03-13 16:09:05.136467,8,-5,-1,-61,61,-11
2025-03-13 16:09:05.182621,9,-5,0,-77,50,-9
2025-03-13 16:09:05.183718,8,-4,0,-53,24,4
2025-03-13 16:09:05.271920,8,-4,0,-40,16,-6
2025-03-13 16:09:05.406202,9,-5,1,-17,0,-4
2025-03-13 16:09:05.496703,8,-4,0,5,0,0
2025-03-13 16:09:05.497341,8,-4,1,0,-6,0
2025-03-13 16:09:05.542193,9,-4,1,0,-9,0
2025-03-13 16:09:05.721608,9,-4,1,9,-9,0
2025-03-13 16:09:05.767757,8,-4,1,12,-9,3
2025-03-13 16:09:05.768851,8,-4,1,13,-10,0
2025-03-13 16:09:05.813422,8,-4,1,16,-12,4
2025-03-13 16:09:05.900754,8,-4,1,13,-10,6
2025-03-13 16:09:06.037184,8,-4,1,10,-9,4
2025-03-13 16:09:06.083270,8,-4,1,11,-8,3
2025-03-13 16:09:06.085371,8,-4,1,10,-6,0
2025-03-13 16:09:07.342130,13,0,-9,83,-157,-128
2025-03-13 16:09:07.386767,19,-4,-7,113,-317,-72
2025-03-13 16:09:07.388104,19,-12,-5,269,-354,-41
2025-03-13 16:09:07.478703,19,-3,-19,367,-479,141
2025-03-13 16:09:07.611595,19,-5,-19,474,-529,232
2025-03-13 16:09:07.657092,19,-9,-19,382,-408,390
2025-03-13 16:09:07.791783,19,-8,-4,164,-200,550
2025-03-13 16:09:07.836320,19,-4,3,201,-100,515
2025-03-13 16:09:07.837118,19,4,6,168,24,478
2025-03-13 16:09:07.925856,15,19,3,166,143,379
2025-03-13 16:09:08.062326,3,19,0,-87,74,17
2025-03-13 16:09:08.106602,0,8,2,-60,0,-212
2025-03-13 16:09:08.107800,0,5,6,4,-23,-226
2025-03-13 16:09:08.196838,1,3,7,-6,-43,-256
2025-03-13 16:09:08.285829,2,1,7,21,10,-301
2025-03-13 16:09:08.332323,5,-2,7,-11,58,-321
2025-03-13 16:09:08.424066,9,-10,5,-56,126,-347
2025-03-13 16:09:08.556879,11,-14,2,-76,137,-336
2025-03-13 16:09:08.646811,13,-13,-4,-53,202,-339
2025-03-13 16:09:08.648366,15,-11,-6,-81,214,-284
2025-03-13 16:09:08.692020,16,-11,-4,-133,146,-216
2025-03-13 16:09:08.826700,11,-10,-3,-151,140,-153
2025-03-13 16:09:08.917860,13,-7,-4,-170,140,-111
2025-03-13 16:09:08.919034,12,-6,-3,-110,106,-35
2025-03-13 16:09:09.052341,10,-4,-3,-91,71,-40
2025-03-13 16:09:09.142793,8,-5,-2,-65,49,-22
2025-03-13 16:09:09.144128,9,-4,0,-45,14,-4
2025-03-13 16:09:09.187767,9,-3,0,-25,5,0
2025-03-13 16:09:09.321838,8,-4,0,-16,0,-9
2025-03-13 16:09:09.365863,9,-4,0,12,0,0
2025-03-13 16:09:09.411825,9,-4,0,28,-12,12
2025-03-13 16:09:09.455873,9,-3,1,23,-12,11
2025-03-13 16:09:09.547737,9,-3,1,8,-12,3
2025-03-13 16:09:09.635970,9,-4,1,6,-10,3
2025-03-13 16:09:09.681376,9,-4,1,5,-6,4
2025-03-13 16:09:09.816804,9,-3,1,4,0,0
2025-03-13 16:09:09.905817,9,-4,1,4,0,0
2025-03-13 16:09:09.906239,9,-4,1,0,0,0
2025-03-13 16:09:10.086563,9,-4,1,0,0,0
2025-03-13 16:09:11.436053,8,-3,1,0,0,0
2025-03-13 16:09:11.437371,14,2,-9,-54,-57,-226
2025-03-13 16:09:11.525952,19,-8,-7,117,-229,-172
2025-03-13 16:09:11.662059,19,-7,-9,517,-360,-8
2025-03-13 16:09:11.706552,19,-2,-19,370,-489,158
2025-03-13 16:09:11.752518,19,-5,-19,418,-522,223
2025-03-13 16:09:11.796783,19,-11,-19,386,-518,438
2025-03-13 16:09:11.886873,19,-4,-6,209,-274,537
2025-03-13 16:09:11.932974,19,-1,7,160,-113,491
2025-03-13 16:09:12.020943,19,7,10,0,0,469
2025-03-13 16:09:12.111716,12,19,11,89,123,306
2025-03-13 16:09:12.156719,0,19,6,-104,88,-61
2025-03-13 16:09:12.201557,-2,6,4,3,58,-196
2025-03-13 16:09:12.291089,0,2,7,62,18,-258
2025-03-13 16:09:12.383053,2,0,8,88,32,-289
2025-03-13 16:09:12.429853,5,-3,8,63,80,-346
2025-03-13 16:09:12.516911,10,-9,7,22,95,-377
2025-03-13 16:09:12.652933,14,-11,-3,-97,145,-344
2025-03-13 16:09:12.653804,15,-15,-8,-144,246,-305
2025-03-13 16:09:12.741811,17,-11,-7,-136,238,-233
2025-03-13 16:09:12.876446,14,-8,-9,-124,225,-193
2025-03-13 16:09:12.966272,14,-6,-9,-144,153,-144
2025-03-13 16:09:12.966983,12,-5,-6,-100,150,-114
2025-03-13 16:09:13.011727,12,-5,-4,-68,77,-68
2025-03-13 16:09:13.103286,9,-4,-3,-79,52,-30
2025-03-13 16:09:13.145762,9,-4,-1,-39,29,-20
2025-03-13 16:09:13.236151,10,-3,0,4,9,-5
2025-03-13 16:09:13.371682,9,-3,0,7,-8,-4
2025-03-13 16:09:13.460815,9,-2,0,13,-10,0
2025-03-13 16:09:13.461160,10,-2,1,17,-12,0
2025-03-13 16:09:13.596459,9,-2,1,19,-8,7
2025-03-13 16:09:13.686798,9,-2,1,16,-9,10
2025-03-13 16:09:13.688049,9,-2,1,10,-5,9
2025-03-13 16:09:13.731376,9,-2,1,5,0,8
2025-03-13 16:09:13.820788,9,-2,1,0,0,0
2025-03-13 16:09:13.866964,9,-2,1,-7,0,0
2025-03-13 16:09:13.955748,9,-2,1,-8,0,0
2025-03-13 16:09:14.091956,9,-2,1,-4,0,0
2025-03-13 16:09:14.136790,9,-2,1,0,0,0
2025-03-13 16:09:14.225945,9,-2,1,-5,0,-3
2025-03-13 16:09:14.317470,9,-2,1,-6,0,-4
2025-03-13 16:09:15.712444,14,0,-7,157,-143,11
2025-03-13 16:09:15.846856,19,-3,-10,296,-242,54
2025-03-13 16:09:15.892821,19,-2,-18,336,-355,162
2025-03-13 16:09:15.936887,19,-7,-18,305,-434,214
2025-03-13 16:09:15.981461,19,-12,-18,289,-461,332
2025-03-13 16:09:16.161505,19,-14,-7,278,-329,541
2025-03-13 16:09:16.207585,19,-1,1,182,-99,533
2025-03-13 16:09:16.209035,19,4,6,126,-16,474
2025-03-13 16:09:16.340792,14,14,5,175,39,404
2025-03-13 16:09:16.387069,3,19,-4,16,142,111
2025-03-13 16:09:16.475836,1,9,1,-102,8,-170
2025-03-13 16:09:16.476026,0,6,4,4,-18,-218
2025-03-13 16:09:16.611294,-1,2,6,14,-18,-247
2025-03-13 16:09:16.702455,1,0,9,28,0,-283
2025-03-13 16:09:16.703399,4,-4,7,-16,34,-300
2025-03-13 16:09:16.746976,6,-9,5,-25,85,-291
2025-03-13 16:09:16.880737,9,-11,0,-57,122,-292
2025-03-13 16:09:16.972287,9,-14,-3,-28,175,-290
2025-03-13 16:09:16.973118,16,-9,-3,-162,244,-283
2025-03-13 16:09:17.106716,15,-8,-5,-87,213,-333
2025-03-13 16:09:17.241170,16,-7,-6,-136,132,-225
2025-03-13 16:09:17.241829,15,-6,-5,-154,120,-137
2025-03-13 16:09:17.287788,13,-6,-3,-151,57,-46
2025-03-13 16:09:17.378285,9,-4,-2,-102,74,-10
2025-03-13 16:09:17.512899,10,-4,-1,-78,90,-16
2025-03-13 16:09:17.556562,9,-4,0,-75,53,-4
2025-03-13 16:09:17.602091,9,-3,0,-58,21,-8
2025-03-13 16:09:17.646251,9,-3,0,-41,12,0
2025-03-13 16:09:17.826576,9,-4,1,-11,-11,3
2025-03-13 16:09:17.871724,9,-3,1,16,-8,0
2025-03-13 16:09:17.872831,9,-3,1,16,-10,0
2025-03-13 16:09:18.005857,9,-3,2,13,-13,0
2025-03-13 16:09:18.052107,9,-3,2,14,-9,3
2025-03-13 16:09:18.096956,9,-3,2,11,-9,5
2025-03-13 16:09:18.186596,9,-3,2,8,-5,4
2025-03-13 16:09:18.231679,9,-3,2,3,-6,5
2025-03-13 16:09:18.320882,9,-3,1,5,0,5
2025-03-13 16:09:18.457248,9,-3,2,4,-4,6
2025-03-13 16:09:18.504992,9,-3,1,3,-4,4
2025-03-13 16:09:18.547763,9,-3,1,4,0,7
2025-03-13 16:09:19.671896,13,0,-8,10,-79,-164
2025-03-13 16:09:19.761517,17,-4,-6,194,-192,-120
2025-03-13 16:09:19.762287,19,-4,-7,348,-315,63
2025-03-13 16:09:19.807757,19,-2,-19,417,-403,164
2025-03-13 16:09:19.940879,19,-7,-19,420,-395,269
2025-03-13 16:09:19.988516,19,-13,-10,359,-341,492
2025-03-13 16:09:20.031900,19,-3,1,142,-109,569
2025-03-13 16:09:20.122639,19,2,7,112,-22,511
2025-03-13 16:09:20.167141,14,13,6,127,88,423
2025-03-13 16:09:20.256912,4,19,-1,-7,122,251
2025-03-13 16:09:20.391697,0,18,1,-56,12,-50
2025-03-13 16:09:20.436653,-2,9,3,4,-41,-172
2025-03-13 16:09:20.526781,0,6,6,33,-65,-234
2025-03-13 16:09:20.615793,2,2,7,0,-45,-265
2025-03-13 16:09:20.660935,3,0,6,26,-19,-300
2025-03-13 16:09:20.706604,6,-4,6,8,0,-332
2025-03-13 16:09:20.842281,8,-9,5,-25,65,-303
2025-03-13 16:09:20.887698,11,-15,6,-104,138,-303
2025-03-13 16:09:20.932892,10,-16,-3,-79,170,-279
2025-03-13 16:09:21.066039,10,-13,-5,-59,199,-251
2025-03-13 16:09:21.113047,11,-9,-7,-191,153,-288
2025-03-13 16:09:21.114274,14,-11,-9,-232,180,-259
2025-03-13 16:09:21.201979,13,-7,-7,-139,157,-137
2025-03-13 16:09:21.337176,11,-8,-5,-105,119,-38
2025-03-13 16:09:21.381762,9,-5,-4,-46,81,-6
2025-03-13 16:09:21.472555,9,-5,-3,-56,38,16
2025-03-13 16:09:21.473938,8,-4,-3,-81,0,-3
2025-03-13 16:09:21.515736,9,-4,-1,0,-12,-5
2025-03-13 16:09:21.605678,9,-4,-1,32,-24,0
2025-03-13 16:09:21.650778,9,-4,0,50,-22,5
2025-03-13 16:09:21.831463,9,-3,0,42,-21,11
2025-03-13 16:09:21.876566,9,-3,0,27,-14,6
2025-03-13 16:09:21.877616,9,-3,0,22,-12,4
2025-03-13 16:09:21.922824,9,-4,0,10,-4,0
2025-03-13 16:09:22.103200,9,-4,0,6,0,0
2025-03-13 16:09:22.148425,9,-4,0,0,0,0
2025-03-13 16:09:22.150046,9,-4,0,0,0,0
2025-03-13 16:09:22.192663,9,-4,0,0,0,0
2025-03-13 16:09:22.327028,8,-4,0,0,0,0
2025-03-13 16:09:22.372622,9,-4,0,0,0,0
2025-03-13 16:09:23.767240,12,-4,-8,66,-102,-42
2025-03-13 16:09:23.812381,16,-3,-9,172,-224,8
2025-03-13 16:09:23.856582,19,-3,-13,249,-307,46
2025-03-13 16:09:23.945739,19,-2,-18,491,-398,78
2025-03-13 16:09:24.126656,19,-6,-17,432,-347,223
2025-03-13 16:09:24.172727,19,-11,-11,293,-280,458
2025-03-13 16:09:24.173964,19,-9,0,217,-198,648
2025-03-13 16:09:24.216853,19,0,1,221,-48,586
2025-03-13 16:09:24.261473,19,10,6,91,39,506
2025-03-13 16:09:24.351068,7,19,0,59,126,283
2025-03-13 16:09:24.444004,0,19,3,-100,60,-29
2025-03-13 16:09:24.486707,-2,7,3,-39,6,-133
2025-03-13 16:09:24.667699,-2,5,6,18,-25,-220
2025-03-13 16:09:24.711622,0,2,7,45,-15,-236
2025-03-13 16:09:24.712748,0,-1,7,13,23,-247
2025-03-13 16:09:24.802515,1,-4,6,0,35,-259
2025-03-13 16:09:24.891240,2,-8,3,0,68,-263
2025-03-13 16:09:24.935710,4,-11,0,-20,111,-274
2025-03-13 16:09:25.026084,8,-11,1,-49,155,-252
2025-03-13 16:09:25.117158,9,-14,-1,-111,181,-198
2025-03-13 16:09:25.162720,9,-12,-6,-109,139,-251
2025-03-13 16:09:25.206536,13,-9,-5,-114,198,-231
2025-03-13 16:09:25.342339,13,-7,-5,-87,104,-184
2025-03-13 16:09:25.431814,8,-8,-5,-107,104,-106
2025-03-13 16:09:25.522048,11,-5,-1,-64,132,-53
2025-03-13 16:09:25.522413,10,-4,0,-63,59,-35
2025-03-13 16:09:25.566710,9,-4,-1,-73,48,-29
2025-03-13 16:09:25.656816,9,-5,0,-86,28,-8
2025-03-13 16:09:25.746770,7,-1,-2,-70,-17,-39
2025-03-13 16:09:25.881106,11,-3,2,-67,41,-64
2025-03-13 16:09:25.926637,9,-3,2,0,15,-24
2025-03-13 16:09:25.928186,10,-2,1,50,35,-3
2025-03-13 16:09:26.015717,9,-2,1,18,12,0
2025-03-13 16:09:26.151971,9,-1,2,15,22,-4
2025-03-13 16:09:26.241760,10,-1,2,0,0,0
2025-03-13 16:09:26.242870,9,-2,2,0,8,-3
2025-03-13 16:09:26.287957,9,-1,2,16,0,5
2025-03-13 16:09:26.378279,9,-1,2,8,0,0
2025-03-13 16:09:26.467122,9,-1,3,4,-7,0
2025-03-13 16:09:26.511662,9,-1,3,-9,-5,-7
2025-03-13 16:09:34.207745,11,-6,9,-128,87,138
2025-03-13 16:09:34.342774,10,-3,6,-139,155,184
2025-03-13 16:09:34.388769,7,0,0,-163,143,129
2025-03-13 16:09:34.389953,6,2,-4,-84,110,36
2025-03-13 16:09:34.477045,7,5,-8,0,-23,-147
2025-03-13 16:09:34.567240,17,0,-12,79,-220,-257
2025-03-13 16:09:34.612962,19,-8,-10,275,-412,-291
2025-03-13 16:09:34.703000,19,-14,-16,558,-429,96
2025-03-13 16:09:34.746695,19,-13,-19,437,-500,481
2025-03-13 16:09:34.837143,19,-14,-19,354,-426,613
2025-03-13 16:09:34.928316,19,-4,-1,209,-158,630
2025-03-13 16:09:34.972335,19,8,7,130,59,535
2025-03-13 16:09:35.108074,14,19,5,0,155,344
2025-03-13 16:09:35.198082,2,19,2,-102,116,144
2025-03-13 16:09:35.199624,-2,11,1,-51,65,-94
2025-03-13 16:09:35.331899,-3,7,5,11,-27,-139
2025-03-13 16:09:35.377787,-3,6,5,50,-43,-164
2025-03-13 16:09:35.421896,-1,4,6,47,-22,-210
2025-03-13 16:09:35.469164,1,2,8,34,-25,-258
2025-03-13 16:09:35.602771,3,0,5,36,23,-329
2025-03-13 16:09:35.647743,7,-5,4,-26,87,-375
2025-03-13 16:09:35.692966,14,-11,3,-57,157,-372
2025-03-13 16:09:35.872761,15,-15,-1,-107,206,-307
2025-03-13 16:09:35.919861,15,-15,-4,-136,245,-284
2025-03-13 16:09:35.921592,15,-11,-7,-75,201,-255
2025-03-13 16:09:36.007036,13,-10,-4,-131,144,-133
2025-03-13 16:09:36.097706,12,-6,-4,-125,110,-104
2025-03-13 16:09:36.143189,11,-5,-4,-98,81,-62
2025-03-13 16:09:36.233403,10,-4,-3,-78,58,-35
2025-03-13 16:09:36.368359,9,-4,-1,-65,24,-12
2025-03-13 16:09:36.413124,8,-4,-1,-38,18,-10
2025-03-13 16:09:36.414240,9,-4,0,-13,14,-19
2025-03-13 16:09:36.503132,8,-4,0,10,-6,-8
2025-03-13 16:09:36.546887,9,-4,0,16,-11,0
2025-03-13 16:09:36.637151,9,-4,0,8,-19,6
2025-03-13 16:09:36.682698,9,-3,0,21,-17,16
2025-03-13 16:09:36.773066,9,-3,0,14,-13,8
2025-03-13 16:09:36.862289,8,-4,0,16,-8,-3
2025-03-13 16:09:36.952284,9,-3,0,19,-12,4
2025-03-13 16:09:36.998702,9,-3,0,8,-9,8
2025-03-13 16:09:38.485315,12,-10,4,-109,44,90
2025-03-13 16:09:38.617388,10,-7,2,-83,85,161
2025-03-13 16:09:38.708227,8,-2,0,-53,88,167
2025-03-13 16:09:38.709912,6,1,-3,-20,55,79
2025-03-13 16:09:38.752376,6,3,-7,4,26,-13
2025-03-13 16:09:38.844016,12,3,-11,54,-132,-222
2025-03-13 16:09:38.934909,19,-8,-6,237,-302,-284
2025-03-13 16:09:38.978522,19,-12,-12,508,-304,-34
2025-03-13 16:09:39.113160,19,-15,-19,487,-343,342
2025-03-13 16:09:39.203748,19,-19,-19,451,-390,680
2025-03-13 16:09:39.205061,19,-5,-6,213,-94,556
2025-03-13 16:09:39.337315,19,-1,7,76,-12,513
2025-03-13 16:09:39.427936,19,9,6,69,87,458
2025-03-13 16:09:39.429134,10,19,1,92,138,306
2025-03-13 16:09:39.472676,0,19,0,-74,81,5
2025-03-13 16:09:39.607147,0,12,0,-33,-14,-158
2025-03-13 16:09:39.653166,0,7,4,32,-69,-235
2025-03-13 16:09:39.699583,2,3,7,26,-50,-283
2025-03-13 16:09:39.833537,4,1,8,78,-31,-329
2025-03-13 16:09:39.877828,9,-5,7,6,-6,-362
2025-03-13 16:09:39.922277,13,-10,4,-14,0,-382
2025-03-13 16:09:40.058136,14,-15,1,-59,92,-405
2025-03-13 16:09:40.102676,15,-16,-1,-147,167,-308
2025-03-13 16:09:40.147628,15,-14,-5,-173,166,-276
2025-03-13 16:09:40.283051,15,-9,-8,-231,167,-242
2025-03-13 16:09:40.328021,12,-9,-7,-177,186,-145
2025-03-13 16:09:40.417871,10,-8,-2,-93,153,-53
2025-03-13 16:09:40.464605,10,-6,0,-64,93,-4
2025-03-13 16:09:40.552896,8,-5,-1,-87,36,19
2025-03-13 16:09:40.642280,8,-5,0,-75,31,0
2025-03-13 16:09:40.688487,8,-4,0,-41,45,-20
2025-03-13 16:09:40.776991,8,-4,1,-24,27,-22
2025-03-13 16:09:40.823785,8,-5,1,-10,11,-4
2025-03-13 16:09:40.911952,8,-5,2,-4,0,4
2025-03-13 16:09:41.047088,8,-4,2,0,-5,4
2025-03-13 16:09:41.137666,8,-4,2,0,-10,-6
2025-03-13 16:09:41.138610,8,-5,1,5,0,-33
2025-03-13 16:09:41.182885,8,-4,1,7,-6,-10
2025-03-13 16:09:41.363080,8,-4,2,0,-11,-3
2025-03-13 16:09:42.487884,9,-4,2,6,-12,6
2025-03-13 16:09:42.489933,10,-9,7,-54,79,43
2025-03-13 16:09:42.532789,10,-8,6,-100,66,89
2025-03-13 16:09:42.578102,10,-7,4,-99,103,162
2025-03-13 16:09:42.623904,8,-3,0,-78,112,146
2025-03-13 16:09:42.757388,5,0,-3,-47,91,89
2025-03-13 16:09:42.847731,6,2,-6,-11,0,-32
2025-03-13 16:09:42.849333,12,1,-6,50,-74,-161
2025-03-13 16:09:42.982487,19,-4,-5,202,-277,-199
2025-03-13 16:09:43.072869,19,-16,0,373,-417,-60
2025-03-13 16:09:43.074183,19,-10,-19,503,-571,185
2025-03-13 16:09:43.118075,19,-12,-19,452,-478,390
2025-03-13 16:09:43.255188,19,-10,-16,220,-320,590
2025-03-13 16:09:43.342631,19,-6,0,185,-146,566
2025-03-13 16:09:43.477532,19,5,3,147,41,515
2025-03-13 16:09:43.478286,16,19,7,87,20,420
2025-03-13 16:09:43.567255,4,19,1,-123,105,32
2025-03-13 16:09:43.613727,1,9,5,-57,58,-214
2025-03-13 16:09:43.747539,2,5,8,0,41,-268
2025-03-13 16:09:43.837469,3,1,8,68,82,-313
2025-03-13 16:09:43.838071,9,-4,9,95,107,-378
2025-03-13 16:09:43.972829,14,-12,7,33,149,-352
2025-03-13 16:09:44.062856,17,-16,1,0,206,-388
2025-03-13 16:09:44.064274,19,-15,-5,-38,217,-352
2025-03-13 16:09:44.106812,18,-13,-7,-85,238,-255
2025-03-13 16:09:44.197965,16,-10,-9,-229,214,-242
2025-03-13 16:09:44.287984,19,-6,-9,-248,252,-216
2025-03-13 16:09:44.332833,14,-6,-3,-169,146,-73
2025-03-13 16:09:44.421937,10,-3,-6,-123,141,-54
2025-03-13 16:09:44.468072,10,-3,0,-61,45,-37
2025-03-13 16:09:44.557114,8,-2,-1,-4,11,-27
2025-03-13 16:09:44.692367,9,-2,0,19,0,-15
2025-03-13 16:09:44.782620,9,-2,1,10,-19,0
2025-03-13 16:09:44.783965,9,-3,2,31,-18,0
2025-03-13 16:09:44.917464,10,-1,2,48,-24,16
2025-03-13 16:09:44.963704,9,-2,2,28,-21,12
2025-03-13 16:09:45.008703,9,-2,2,36,-23,22
2025-03-13 16:09:45.142768,10,-1,3,37,-16,29
2025-03-13 16:09:45.187621,8,-1,2,0,11,-21
2025-03-13 16:09:45.188715,9,-2,2,-31,-33,-38
2025-03-13 16:09:45.278862,9,-3,2,18,0,-4
2025-03-13 16:09:49.642722,10,-9,10,-96,162,67
2025-03-13 16:09:49.648006,12,-7,5,-150,176,145
2025-03-13 16:09:49.648729,11,-5,7,-130,193,206
2025-03-13 16:09:49.778943,7,1,-1,-122,180,139
2025-03-13 16:09:49.780072,5,4,-6,-45,77,0
2025-03-13 16:09:49.912581,8,3,-10,38,-107,-198
2025-03-13 16:09:50.001999,19,0,-11,114,-255,-292
2025-03-13 16:09:50.048724,19,-7,-5,146,-306,-213
2025-03-13 16:09:50.091941,19,-15,-7,463,-421,-7
2025-03-13 16:09:50.181945,19,-13,-19,456,-625,347
2025-03-13 16:09:50.271893,19,-15,-19,352,-443,498
2025-03-13 16:09:50.317803,19,-9,-7,129,-242,593
2025-03-13 16:09:50.407200,19,-1,11,154,-95,506
2025-03-13 16:09:50.497193,19,13,7,134,113,449
2025-03-13 16:09:50.543804,7,19,2,9,186,254
2025-03-13 16:09:50.586617,0,16,1,-46,61,-14
2025-03-13 16:09:50.722647,-3,9,1,18,-14,-137
2025-03-13 16:09:50.768780,-1,6,4,38,-35,-181
2025-03-13 16:09:50.857708,0,6,5,46,-52,-224
2025-03-13 16:09:50.992074,2,3,6,59,-10,-308
2025-03-13 16:09:51.037492,6,-1,5,13,46,-377
2025-03-13 16:09:51.038740,12,-12,5,3,120,-388
2025-03-13 16:09:51.128121,12,-16,0,-15,127,-353
2025-03-13 16:09:51.263714,14,-15,-4,-51,164,-372
2025-03-13 16:09:51.354183,17,-12,-3,-82,162,-284
2025-03-13 16:09:51.355079,14,-10,-5,-75,128,-241
2025-03-13 16:09:51.441874,13,-8,-7,-194,93,-165
2025-03-13 16:09:51.487918,12,-9,-2,-143,75,-53
2025-03-13 16:09:51.533069,9,-4,-4,-105,77,-11
2025-03-13 16:09:51.668905,8,-5,-2,-91,42,-8
2025-03-13 16:09:51.714000,8,-4,-1,-59,24,-6
2025-03-13 16:09:51.757687,9,-4,0,-35,11,-5
2025-03-13 16:09:51.937633,9,-3,0,9,0,0
2025-03-13 16:09:51.984279,9,-4,0,15,-8,0
2025-03-13 16:09:51.985498,9,-3,0,14,-8,0
2025-03-13 16:09:52.072967,9,-3,0,10,-12,0
2025-03-13 16:09:52.207449,9,-3,0,12,-12,0
2025-03-13 16:09:52.253678,9,-3,0,17,-10,2
2025-03-13 16:09:52.254855,9,-3,0,7,-8,0
2025-03-13 16:09:52.387076,9,-4,0,0,-6,-3
